sentence_id,domain_category,english_text,sesotho_text,source,source_reference,translator_code,reviewer_status,notes
4228,Maternal and Child Health,My child was diagnosed with febrile convulsions.,Ngoana oa ka o hlahlojoe ka ho thothomela ha feberu.,WHO,maternal-child-health-v1,,reviewed,
4677,General Patient Education,Seek emergency care immediately if you experience chest pain.,Batla tlhokomelo ea tšohanyetso hang hang haeba o ikutloa mahloko a sefuba.,WHO,general-patient-education-v1,,reviewed,
801,HIV,My doctor changed my HIV medicine and I want to know why.,Ngaka ea ka e fetohile meriana ea HIV ea ka mme ke batla ho tseba hobaneng.,clinical_fieldwork,patient-art-switch,,reviewed,
3672,Appointments and Follow-Up,The doctor asked if I have been experiencing any pain.,Ngaka e botšitse haeba ke na le mahloko afe kafe.,WHO,appointments-followup-v1,,reviewed,
4194,Maternal and Child Health,My child has been diagnosed with marasmus.,Mwana wa ka o ile a tiegetswe o na marasmus.,WHO,maternal-child-health-v1,,raw,
2969,Symptoms and Complaints,I have pain in my right shoulder that is worse when lifting.,Ke na le mahloko hetleng ea ka ea le letona a mpe ha ke phahamisetsa.,WHO,symptoms-complaints-v1,,reviewed,
4794,General Patient Education,Ask questions until you fully understand your condition and treatment.,Botsa lipotso ho fihlela o utloisisa ka botlalo boemo ba hao le phekolo.,WHO,general-patient-education-v1,,reviewed,
4369,Maternal and Child Health,I was told that family planning information is confidential.,Ke boletsoe hore tlhahisoleseling ea ho rererela lelapa ke sephiri.,WHO,maternal-child-health-v1,,reviewed,
2777,Symptoms and Complaints,I have been feeling very unwell and cannot do anything.,Ke ntse ke ikutloa ke sa phela hantle haholo mme ha ke khone ho etsa letho.,WHO,symptoms-complaints-v1,,reviewed,
2971,Symptoms and Complaints,I have pain in my left shoulder that is worse when reaching.,Ke na le mahloko hetleng ea ka ea molema a mpe ha ke otlolla lephaka.,WHO,symptoms-complaints-v1,,reviewed,
3868,Appointments and Follow-Up,I would like to know about the home delivery of medication.,Ke rata ho tseba ka ho romela moriana lapeng.,WHO,appointments-followup-v1,,reviewed,
1744,Tuberculosis,TB biomarkers in blood could help predict who will develop active disease.,Li-biomarker tsa TB maline li ka thusa ho bolela pele hore na ke mang ea tla ba le bolwetse bo sebetsang.,WHO,tb-biomarkers,,reviewed,
3949,Appointments and Follow-Up,I was given a referral letter to the district hospital.,Ke filoe lengolo la referral sepetleleng sa setereke.,WHO,appointments-followup-v1,,reviewed,
3803,Appointments and Follow-Up,I want to ask the doctor about my viral load test results.,Ke rata ho botsa ngaka ka liphetho tsa tlhahlobo ea viral load ea ka.,WHO,appointments-followup-v1,,reviewed,
2025,Medication Instructions,Apply the ear drops and remain lying down for five minutes after instillation.,Sebelisa litšoelelo tsa tsebe mme u lule u robetse ka metsotso e mehlano ka mor'a ho kenya.,WHO,medication-instructions-v1,,reviewed,
2275,Medication Instructions,Contact your doctor if you develop a persistent redness in the body.,Ikopanye le ngaka ea hau haeba u ba le ho bofubedu ho tsoelang pele 'meleng.,WHO,medication-instructions-v1,,reviewed,
100,HIV,Peer support from other people living with HIV can improve treatment adherence.,Tšehetso e tsoang ho batho ba bang ba phelang le HIV e ka thusa ho ntlafatsa mokhoa oa ho nka meriana ka nepo.,UNAIDS,hiv-peer-support,,reviewed,
4922,General Patient Education,Community health campaigns provide free testing and treatment.,Likhampheini tsa bophelo ba sechaba li fana ka tlhahlobo le phekolo mahala.,WHO,general-patient-education-v1,,reviewed,
3408,Symptoms and Complaints,I have pain in my breast.,Ke na le mahloko letsoeleng la ka.,WHO,symptoms-complaints-v1,,reviewed,
4246,Maternal and Child Health,My child has been diagnosed with asthma.,Ngoana oa ka o hlahlojoe ka asthma.,WHO,maternal-child-health-v1,,reviewed,
4620,General Patient Education,Join a community exercise group or sports club.,Kenela sehlopha sa ho itlama sa sechaba kapa klapo ea lipapali.,WHO,general-patient-education-v1,,reviewed,
4917,General Patient Education,Mental health is a journey and every journey begins with a single step.,Bophelo ba kelello ke leeto mme leeto le leng le le leng le qala ka mohato o le mong.,WHO,general-patient-education-v1,,reviewed,
192,HIV,Sharing needles or syringes with someone who has HIV can transmit the virus.,Ho abelana ka linalete kapa lisirinji le motho ea nang le HIV ho ka fetisa vaerase.,CDC_HIVNexus,hiv-transmission,,reviewed,
4697,General Patient Education,Avoid alcohol to protect your liver from damage.,Hana joala ho sireletsa sebete sa hao ho kotsi.,WHO,general-patient-education-v1,,reviewed,
1785,Tuberculosis,Sputum induction using hypertonic saline helps obtain samples from patients who cannot cough productively.,Ho khothaletsa ho hlahisa mathe ka ho sebelisa hypertonic saline ho thusa ho fumana lisampole ho bakuli ba ke ke ba kohoa ka nepo.,WHO,tb-patch-final,,reviewed,
1533,Tuberculosis,Never stop taking your TB medication without consulting your healthcare provider.,Le ka mohla u se ke ua emisa ho nka meriana ea TB ntle le ho buisana le mofani oa hau oa tlhokomelo ea bophelo bo botle.,CDC,tb-adherence,,reviewed,
2835,Symptoms and Complaints,I have been having episodes of sudden headache.,Ke ntse ke na le linako tsa mahloko a hlooho ka tšohanyetso.,WHO,symptoms-complaints-v1,,reviewed,
4445,General Patient Education,Community support groups can help you manage your condition.,Lisehlopha tsa tshehetso ea sechaba li ka thusa ho laola boemo ba hao.,WHO,general-patient-education-v1,,reviewed,
4916,General Patient Education,You have the power to improve your mental health one day at a time.,O na le matla a ho ntlafatsa bophelo ba hao ba kelello letsatsi le le leng ka nako.,WHO,general-patient-education-v1,,reviewed,
1599,Tuberculosis,TB stigma can prevent people from seeking diagnosis and completing treatment.,Kekello ea TB e ka thibela batho ho batla tlhahlobo le ho phetela phekolo.,WHO,tb-stigma,,reviewed,
1780,Tuberculosis,TB bacteria can remain dormant in the body for years before becoming active.,Bakteria ea TB e ka lula e robetse 'meleng ka lilemo pele e sebetsa.,WHO,tb-patch-final,,reviewed,
4901,General Patient Education,You are not alone — help is available and recovery is possible.,Ha o le mong — thuso e fumaneha mme ho fola ho khonehile.,WHO,general-patient-education-v1,,reviewed,
2575,Medication Instructions,Do not give the medicine to a child who is on a flavour-free diet without checking.,U se ke ua fana ka moriana ho ngoana ea lijo tse se nang tatso ntle le ho hlahloba.,WHO,medication-instructions-v1,,reviewed,
3399,Symptoms and Complaints,I have pain during sexual intercourse.,Ke na le mahloko nakong ea thobalano.,WHO,symptoms-complaints-v1,,reviewed,
3976,Appointments and Follow-Up,The nurse told me to come back in four weeks for my next antenatal check.,Mooki o mpoleletse ho khutla libeke tse nne bakeng sa tlhahlobo ea ka e latelang ea ho mitsa.,WHO,appointments-followup-v1,,reviewed,
3771,Appointments and Follow-Up,I was told that my feedback helps improve the clinic's services.,Ke boletsoe hore maikutlo a ka a thusa ho ntlafatsa litšebeletso tsa kliniki.,WHO,appointments-followup-v1,,reviewed,
167,HIV,Bone density loss is a long-term concern for people on ART.,Ho lahleheloa ke letsetse la masapo (bone density loss) ke ntho e tšoenyang ka nako e telele ho batho ba ntseng ba nka meriana ea ART.,NIH_HIVinfo,hiv-bone-health,,reviewed,
1752,Tuberculosis,Decentralised TB services bring diagnosis and treatment closer to patients' homes.,Litshebeletso tsa TB tse abeloang li tlisa tlhahlobo le phekolo haufi le malapa a bakuli.,WHO,tb-decentralisation,,reviewed,
1480,Tuberculosis,Depression is common in TB patients and is associated with poor treatment adherence.,Ho nyamela ho atile ho bakuli ba TB mme ho amahanngoa le ho latela phekolo ho fokolang.,WHO,tb-depression,,reviewed,
1025,Tuberculosis,Close and prolonged contact with an infectious TB patient increases the risk of transmission.,Ho kopana haufi le nako e telele le mokuloi ea nang le TB e fetisoang ho eketsa kotsi ea phetisetso.,WHO,tb-contact-risk,,reviewed,
1789,Tuberculosis,Stool Xpert testing is a promising method for diagnosing TB in young children.,Ho lekoa ha Stool Xpert ke mokoa o tšepehang oa ho fumana TB ho bana ba banyenyane.,WHO,tb-patch-final,,reviewed,
2265,Medication Instructions,Seek medical attention if you develop signs of a serious nerve reaction.,Batla tlhokomelo ea ngaka haeba u ba le lišoaetso tsa karabelo e matla ea methapo.,WHO,medication-instructions-v1,,reviewed,
2474,Medication Instructions,"If you miss a dose of an antispasmodic, take it as soon as you remember.","Haeba u lahlehetsoe ke dose ea antispasmodic, e nke hang hang ha u hopola.",WHO,medication-instructions-v1,,reviewed,
1823,Medication Instructions,Take one tablet every twenty-four hours.,Nka pilisi e le ngoe ka maho a mashome a mabeli le mane.,WHO,medication-instructions-v1,,reviewed,
1221,Tuberculosis,Patients with chronic kidney disease may need dose adjustments for renally cleared TB drugs.,Bakuli ba nang le lefu le sa foleng la liphio ba ka ’na ba hloka ho fetoleloa litekanyetso tsa meriana ea TB e ntšoang ke liphio.,NIH,tb-ckd-treatment,,reviewed,
1667,Tuberculosis,The theme of World TB Day reflects the global commitment to ending tuberculosis.,Sehlooho sa Letsatsi la Lefatše la TB se bontša boikarabello ba lefatše lohle ba ho felisa tuberculosis.,WHO,tb-world-tb-day,,reviewed,
2961,Symptoms and Complaints,I have pain in my right knee that is worse when climbing stairs.,Ke na le mahloko mangoleng a ka a le letona a mpe ha ke nyolohela marapo a mabatla.,WHO,symptoms-complaints-v1,,reviewed,
153,HIV,Vitamin B12 deficiency is common in people taking certain ART medicines.,Ho hlokahala ha vithamine B12 (vitamin B12 deficiency) ho tloaelehile ho batho ba nkang meriana e itseng ea mofuta oa ART.,NIH_HIVinfo,hiv-nutrition,,reviewed,
2535,Medication Instructions,Do not give the medicine to a child who is on a ketogenic diet without advice.,U se ke ua fana ka moriana ho ngoana ea lijo tsa ketogenic ntle le keletso.,WHO,medication-instructions-v1,,reviewed,
4689,General Patient Education,Mental health treatment may include counselling and medication.,Phekolo ea bophelo ba kelello e ka kenyelletsa keletso le moriana.,WHO,general-patient-education-v1,,reviewed,
1979,Medication Instructions,Inject the solution at a forty-five-degree angle for subcutaneous injection.,Kenya setšoelo ka konokono ea mashome a mane le metso e mehlano bakeng sa ente ea ka tlase ho letlalo.,WHO,medication-instructions-v1,,reviewed,
1470,Tuberculosis,TB patients should receive nutritional assessment and counselling at the start of treatment.,Bakuli ba TB ba lokela ho fumana tlhahlobo ea phepo le keletso qalong ea phekolo.,WHO,tb-nutrition-assessment,,reviewed,
2808,Symptoms and Complaints,I feel very unwell and have been like this for weeks.,Ke ikutloa ke sa phela hantle haholo mme ke bile joalo ka libeke.,WHO,symptoms-complaints-v1,,reviewed,
2513,Medication Instructions,Do not give the medicine to a child who is sleeping unless instructed.,U se ke ua fana ka moriana ho ngoana ea robetseng ntle le haeba ho laetsoe.,WHO,medication-instructions-v1,,reviewed,
2944,Symptoms and Complaints,I have a sharp pain in my right wrist.,Ke na le mahloko a bohale liqhekelleng la ka la le letona.,WHO,symptoms-complaints-v1,,reviewed,
2981,Symptoms and Complaints,I have pain in my right ankle that is worse when walking.,Ke na le mahloko ankele ea ka ea le letona a mpe ha ke tsamaea.,WHO,symptoms-complaints-v1,,reviewed,
4823,General Patient Education,Some STIs have no symptoms and can only be detected by testing.,Li-STI tse ling ha li na matšoao mme li ka fumanoa feela ka tlhahlobo.,WHO,general-patient-education-v1,,reviewed,
3018,Symptoms and Complaints,I feel a burning sensation in my airways when I breathe.,Ke ikutloa maikutlo a ho chesa meeling ea moea ha ke hema.,WHO,symptoms-complaints-v1,,reviewed,
1567,Tuberculosis,UV germicidal irradiation can kill TB bacteria in indoor air.,Ho phahamisoa ha UV ho ka bolaea bakteria ea TB moeeng oa ka hare.,WHO,tb-uvgi,,reviewed,
32,HIV,Keep all your laboratory appointments even if you feel well.,Boloka lipehelo (appointments) tsohle tsa hau tsa laboratoring leha u ikutloa u phetse hantle.,CDC_HIVNexus,hiv-monitoring,,reviewed,
938,HIV,If you experience any side effects please come back to the clinic or call us immediately.,Haeba u ikutloa litlamorao tse ling tse ling ka kopo khutlela klinikhing kapa re letsetse hang hang.,clinical_fieldwork,clinician-patient-communication,,reviewed,
1216,Tuberculosis,Pregnant women with TB should be treated immediately as untreated TB poses greater risk than the drugs.,"Mosali ea moimana ea nang le lefuba o lokela ho fumana kalafo kapele, hobane ho se phekole lefuba ho kotsi ho feta ho noa meriana ea lona.",WHO,tb-pregnancy-treatment,,reviewed,
1938,Medication Instructions,Take one tablet three times daily for ten days.,Nka pilisi e le ngoe habeli ka letsatsi ka matsatsi a leshome.,WHO,medication-instructions-v1,,reviewed,
1130,Tuberculosis,Incarcerated individuals have TB rates many times higher than the general population.,Batho ba khotsofatsoang ba na le likhato tsa TB tse phahameng makhetlo a mangata ho feta sechaba ka kakaretso.,WHO,tb-prison-risk,,reviewed,
310,HIV,Caesarean section may be recommended for HIV-positive women with high viral loads.,Caesarean section e fetohelele ho khutliswa basali ba nang le HIV le viral load e kgolo.,WHO,pmtct-delivery,,raw,
4902,General Patient Education,Mental health awareness reduces stigma and encourages help-seeking.,Temoso ea bophelo ba kelello e fokotsa koluoa le ho khothaletsa ho batla thuso.,WHO,general-patient-education-v1,,reviewed,
2169,Medication Instructions,Seek medical attention if you develop swollen ankles or feet.,Batla tlhokomelo ea ngaka haeba u ba le li-ankle kapa maoto a ruruhetse.,WHO,medication-instructions-v1,,reviewed,
3114,Symptoms and Complaints,I have been passing stools that float on the water.,Ke ntse ke fetisa manyelo a phaphametseng metsin.,WHO,symptoms-complaints-v1,,reviewed,
496,HIV,I am a sex worker and I want to start PrEP.,Ke moshanyana wa tsamaea ka noxa le ke batla ho qala PrEP.,clinical_fieldwork,patient-prep-request,,raw,
206,HIV,PrEP must be taken every day to be effective.,PrEP e lokela ho nkoa letsatsi le leng le le leng hore e sebetse hantle.,CDC_HIVNexus,hiv-prep,,reviewed,
2674,Medication Instructions,Take your medicine with a support system to help you stay on track.,Nka moriana oa hau le tsamaiso ea tshehetso ho u thusa ho lula tseleng e nepahetseng.,WHO,medication-instructions-v1,,reviewed,
3358,Symptoms and Complaints,I have a rash that is accompanied by joint pain.,Ke na le ho ruruha ha letlalo ho tsamaeang le mahloko a maqhoa.,WHO,symptoms-complaints-v1,,reviewed,
3831,Appointments and Follow-Up,I want to ask about the safety of breastfeeding while on ART.,Ke rata ho botsa ka polokeho ea ho anyesa ha ke ntse ke nka ART.,WHO,appointments-followup-v1,,reviewed,
306,HIV,Option B+ means all HIV-positive pregnant women start ART regardless of CD4 count.,Option B+ e bolela ba bang le HIV ba apere ART e seng ba ahilwe ke CD4 count.,WHO,pmtct-option-b-plus,,raw,
3794,Appointments and Follow-Up,I must not share my medication with other people.,Ha ke tlameha ho arolelana moriana oa ka le batho ba bang.,WHO,appointments-followup-v1,,reviewed,
2202,Medication Instructions,This medicine may cause a decrease in platelets; report unusual bleeding.,Moriana ona o ka baka ho fokotseha ha li-platelet; bua ho tsoa mali ho sa tloaelehang.,WHO,medication-instructions-v1,,reviewed,
1062,Tuberculosis,"Sputum smear microscopy is a rapid, low-cost test used to detect TB bacteria in sputum.","Microscopy ea ho hlakola mathe ke tlhahlobo ea potlako, e tlase litefisong, e sebelisoa ho fumana bakteria ea TB mathe.",WHO,tb-smear-microscopy,,reviewed,
844,HIV,Disclosure of HIV status to children should be done gradually and with professional support.,Ho senola boemo ba HIV ho bana ho lokela ho etsoa butle butle le ka tshehetso ea boqhetseke.,UNICEF,hiv-paediatric-disclosure,,reviewed,
3873,Appointments and Follow-Up,I could not attend my appointment due to lack of transport.,Ha ke a khona ho tla appointment ea ka ka lebaka la ho hlokahala ha lipalangoa.,WHO,appointments-followup-v1,,reviewed,
2252,Medication Instructions,This medicine may cause a decrease in iron levels; take a supplement if advised.,Moriana ona o ka baka ho fokotseha ha maemo a tšepe; nka sesebelisoa haeba ho laetsoe.,WHO,medication-instructions-v1,,reviewed,
212,HIV,HIV testing is voluntary and no one can force you to be tested.,Ho hlahlobeloa HIV ke ntho ea boithatelo mme ha ho na motho ea ka u qobellang ho hlahlobeha.,WHO,hiv-testing-rights,,reviewed,
3998,Appointments and Follow-Up,I need to book a follow-up appointment after completing my antibiotics.,Ke hloka ho buka appointment ea ho latela ka mor'a ho phetela li-antibiotic tsa ka.,WHO,appointments-followup-v1,,reviewed,
680,HIV,On-demand PrEP involves taking doses before and after sex rather than daily.,PrEP ea on-demand e kenyelletsa ho nka li-dose pele le ka mora thobalano ho feta ho nka letsatsi le leng le le leng.,WHO,hiv-prep-on-demand,,reviewed,
566,HIV,Assisted reproduction techniques can help serodiscordant couples conceive without HIV transmission.,Tlhahiso ya ho hlahisa e ka thusa basali ba serodiscordant ho hlahisa bana ba sa neng a hloka HIV.,NIH_HIVinfo,hiv-serodiscordant-conception,,raw,
3291,Symptoms and Complaints,I have yellow eyes and yellow skin.,Ke na le mahlo a tšoeu-tala le letlalo le tšoeu-tala.,WHO,symptoms-complaints-v1,,reviewed,
4355,Maternal and Child Health,I was told no contraceptive method is one hundred percent effective.,Ke boletsoe hore ha ho mokhoa oa thibelo ea ho mitsa o sebetsang lekholong la lekholong.,WHO,maternal-child-health-v1,,reviewed,
681,HIV,PEP must be taken for exactly 28 days and must not be stopped early.,PEP e lokela ho nkoa ka matsatsi a 28 ka nepo mme ha e lokela ho emisoa kapele.,WHO,hiv-pep-duration,,reviewed,
181,HIV,HIV is a virus that attacks the immune system.,HIV ke vaerase e hlaselang sesole sa mmele.,CDC_HIVNexus,hiv-basics,,reviewed,
4280,Maternal and Child Health,My baby is fifteen months old and is not yet walking.,Ngoana oa ka o na le likhoeli tse leshome le metso e mehlano mme ha a tsamaee.,WHO,maternal-child-health-v1,,reviewed,
2496,Medication Instructions,Give the medicine at the same time each day to help your child remember.,Fana ka moriana ka nako e tšoanang letsatsi le leng le le leng ho thusa ngoana oa hau ho hopola.,WHO,medication-instructions-v1,,reviewed,
2317,Medication Instructions,This medicine may interact with anticoagulant drugs; monitor clotting time.,Moriana ona o ka kopana le meriana ea anticoagulant; hlahloja nako ea ho tšoaroa ha mali.,WHO,medication-instructions-v1,,reviewed,
4274,Maternal and Child Health,I was told to store my baby's food safely to prevent contamination.,Ke boletsoe ho boloka lijo tsa ngoana oa ka ka polokeho ho thibela tšoaetso.,WHO,maternal-child-health-v1,,reviewed,
279,HIV,My partner does not know I have HIV and I am afraid to tell them.,Motho wa ka ha a tsebe hore ke na le HIV mme ke a tšosa ho mo tsebisa.,clinical_fieldwork,patient-hiv-disclosure,,raw,
3684,Appointments and Follow-Up,The doctor explained the next steps in my treatment.,Ngaka e hlalositše mehato e latelang phekolo ea ka.,WHO,appointments-followup-v1,,reviewed,
4763,General Patient Education,Community health workers provide health services at the community level.,Basebetsi ba bophelo ba sechaba ba fana ka litšebeletso tsa bophelo bo botle maemong a sechaba.,WHO,general-patient-education-v1,,reviewed,
433,HIV,Condom distribution programmes for sex workers are an effective HIV prevention strategy.,Mananeo a phatlalatso ea likhohlopo bakeng sa basebetsi ba thobalano ke leano le sebetsang la thibelo ea HIV.,WHO,hiv-sex-workers-prevention,,reviewed,
290,HIV,Disclosure counselling helps people decide how and when to share their HIV status.,Tokiso ya ho tsebisa e thusa batho ho etsa ditshono ka tsela eo ba tla tsebisa maemo a bona a HIV.,WHO,hiv-disclosure-counselling,,raw,
1028,Tuberculosis,"Good ventilation in homes, clinics, and public spaces reduces TB transmission risk.","Moea o motle malapeng, likhlinikhing, le libakeng tsa sechaba o fokotsa kotsi ea phetisetso ea TB.",WHO,tb-ventilation,,reviewed,
536,HIV,Polypharmacy is a concern for older people living with HIV who take multiple medicines.,Polypharmacy ke bothata ba batho ba baholo ba phelang le HIV ba otlang ditherepe lefapha tse ngata.,NIH_HIVinfo,hiv-polypharmacy,,raw,
3632,Appointments and Follow-Up,I am here for my cholesterol results appointment.,Ke teng bakeng sa appointment ea liphetho tsa cholesterol ea ka.,WHO,appointments-followup-v1,,reviewed,
189,HIV,You cannot get HIV from toilet seats or swimming pools.,U ke ke ua tšoaroa ke HIV ka lebaka la litulo tsa matloana kapa liliba tsa ho tola (swimming pools).,NIH_HIVinfo,hiv-transmission-myths,,reviewed,
2175,Medication Instructions,Contact your doctor if you experience heart palpitations while taking this medicine.,Ikopanye le ngaka ea hau haeba u ikutloa pelo e otla ka matla ha u nka moriana ona.,WHO,medication-instructions-v1,,reviewed,
3916,Appointments and Follow-Up,I need the clinic to call me the day before my appointment.,Ke hloka hore kliniki e nketsetse mohala letsatsi pele ho appointment ea ka.,WHO,appointments-followup-v1,,reviewed,
1863,Medication Instructions,Take one tablet every six hours for forty-eight hours.,Nka pilisi e le ngoe ka maho a tšeletseng ka maho a mashome a mane le robeli.,WHO,medication-instructions-v1,,reviewed,
271,HIV,Faith-based organisations play an important role in HIV prevention and support.,Makgotla a matsoalo a akgela a na le sebaka se seholo mo kgotlatsheking ya HIV le tshireletso.,UNAIDS,hiv-faith-community,,raw,
1729,Tuberculosis,TB patients have the right to be informed about their diagnosis and treatment options.,Bakuli ba TB ba na le tokelo ea ho tsebisoa ka tlhahlobo ea bona le likhetho tsa phekolo.,WHO,tb-informed-consent,,reviewed,
4076,Maternal and Child Health,I was told I am fully dilated and ready to push.,O ile a mpontša hore ke tsamae hantle 'me ke tlohelwe ke tšele.,WHO,maternal-child-health-v1,,raw,
2158,Medication Instructions,This medicine may cause a metallic taste in the mouth.,Moriana ona o ka baka tatso ea tšepe molomong.,WHO,medication-instructions-v1,,reviewed,
3932,Appointments and Follow-Up,My doctor told me my condition is stable after the follow-up.,Ngaka ea ka e mpoleletse hore boemo ba ka bo tsitsitseng ka mor'a ho latela.,WHO,appointments-followup-v1,,reviewed,
112,HIV,All pregnant women should be tested for HIV at their first antenatal visit.,Basali bohle ba bakhachane ba lokela ho hlahlobeloa HIV leetong la bona la pele la ho ea kliniki.,WHO,pmtct-testing,,reviewed,
2385,Medication Instructions,"If it is almost time for your next dose, skip the missed dose.","Haeba e se e le haufinyane le nako ea dose ea hau e latelang, tlohela dose e lahlehileng.",WHO,medication-instructions-v1,,reviewed,
221,HIV,Index testing involves offering HIV tests to sexual partners and children of people diagnosed with HIV.,Tlhahlobo ea index e kenyelletsa ho fana ka liteko tsa HIV ho balekane ba thobalano le bana ba batho ba fumaneng HIV.,WHO,hiv-index-testing,,reviewed,
628,HIV,I did not think I would live this long after my HIV diagnosis but here I am.,Ha ke a nahana hore nka phela nako e telele joalo ka mor'a ho fuoa HIV empa ke le mona.,clinical_fieldwork,patient-hiv-long-term,,reviewed,
1182,Tuberculosis,TB treatment adherence requires taking every dose of every drug for the full duration of treatment.,Ho latela phekolo ea TB ho hloka ho nka dose le 'ngoe ea moriana o mong le o mong nako yohle ea phekolo.,CDC,tb-adherence-definition,,reviewed,
3382,Symptoms and Complaints,I have a rash that is accompanied by thickening of the skin.,Ke na le ho ruruha ha letlalo ho tsamaeang le ho tetea ha letlalo.,WHO,symptoms-complaints-v1,,reviewed,
2423,Medication Instructions,Do not take a double dose of a diabetes medicine if you miss one.,U se ke ua nka dose e habeli ea moriana oa tsoekere haeba u lahlehetsoe ke e le ngoe.,WHO,medication-instructions-v1,,reviewed,
791,HIV,"HIV-affected children are at higher risk of school dropout, malnutrition, and abuse.","Bana ba angoa ke HIV ba leng kotsing e phahameng ea ho tlohela sekolo, ho hloka phepo, le ho hlorisoa.",UNICEF,hiv-ovc-risks,,reviewed,
4276,Maternal and Child Health,I was told not to give my baby cow's milk before one year.,Ke boletsoe ho se fe ngoana oa ka lebese la khomo pele a fihla selomong se le seng.,WHO,maternal-child-health-v1,,reviewed,
462,HIV,People living with HIV should be involved in decisions about HIV policies and programmes.,Batho ba phelang le HIV ba lokela ho kenyelletsooa liqetong mabapi le maano le mananeo a HIV.,UNAIDS,hiv-meaningful-involvement,,reviewed,
4403,General Patient Education,You have the right to ask your doctor questions about your health.,O na le tokelo ea ho botsa ngaka ea hao lipotso ka bophelo ba hao.,WHO,general-patient-education-v1,,reviewed,
552,HIV,Carry enough ART medicine for the entire trip plus extra in case of delays.,"Nka tšwelepele tše ngata tsa ditherepe ya ART tša hau tša tswa lefelong la hau, le tše eketsegang, hloko-hloko ha ho na tšwanelo pele.",CDC_HIVNexus,hiv-travel,,raw,
3130,Symptoms and Complaints,I have a pain in my lower left abdomen that radiates to my back.,Ke na le mahloko mpeng ea ka e tlase ea molema a isisoang mokokotlong oa ka.,WHO,symptoms-complaints-v1,,reviewed,
1445,Tuberculosis,BCG vaccination at birth significantly reduces the risk of TB meningitis and miliary TB in infants.,Ente ea BCG e neoang ha ho tsoaloa e fokotsa haholo kotsi ea TB meningitis le TB ea miliary ho bana ba banyenyane.,WHO,tb-bcg-infant-protection,,reviewed,
199,HIV,Female condoms are also effective at preventing HIV when used correctly.,Likhohlopo tsa basali le tsona li sebetsa hantle ho thibela HIV ha li sebelisoa ka nepo.,UNFPA,hiv-condom-use,,reviewed,
2590,Medication Instructions,Keep a record of when you take your medicine to track your adherence.,Boloka rekoto ea nako eo u nkang moriana oa hau ho latela ho latela ha hau.,WHO,medication-instructions-v1,,reviewed,
403,HIV,My baby tested positive for HIV at six weeks and I need help.,Ngoana oa ka o hlahlobelitsoe HIV mme o fumane sephetho se molemo ka libeke tse tšeletseng mme ke hloka thuso.,clinical_fieldwork,patient-pmtct-infant,,reviewed,
3960,Appointments and Follow-Up,The nurse told me to keep my wound clean and dry.,Mooki o mpoleletse ho boloka ntoa ea ka e hloekileng le e omileng.,WHO,appointments-followup-v1,,reviewed,
4190,Maternal and Child Health,My child has been refusing to eat for the past few days.,Mwana wa ka ha a je letho ka mafelo a mabedi a kgwedi.,WHO,maternal-child-health-v1,,raw,
4764,General Patient Education,Community health workers can help you navigate the health system.,Basebetsi ba bophelo ba sechaba ba ka thusa ho tsamaea sisteme ea bophelo bo botle.,WHO,general-patient-education-v1,,reviewed,
2096,Medication Instructions,Store the medication away from strong odours and chemicals.,Boloka moriana hole le limonko tse matla le likhemikale.,WHO,medication-instructions-v1,,reviewed,
2901,Symptoms and Complaints,I have pain in my lower legs that is severe.,Ke na le mahloko maotong a ka a tlase a matla.,WHO,symptoms-complaints-v1,,reviewed,
4463,General Patient Education,Wash your hands after coughing or sneezing.,Hlatsoa matsoho a hao ka mor'a ho kohoa kapa ho thiimela.,WHO,general-patient-education-v1,,reviewed,
651,HIV,Viral load testing should be repeated every twelve months for stable patients on ART.,Ho lekoa ha viral load ho lokela ho phindoa likhoeli tse leshome le metso e meli le metso e meli bakeng sa bakuli ba tsitsitseng holim'a ART.,WHO,hiv-vl-monitoring,,reviewed,
709,HIV,Microsporidiosis causes chronic diarrhoea in people with advanced HIV.,Microsporidiosis e baka sehlohlolo sa nako e telele ho batho ba nang le HIV e tsoelang pele.,NIH_HIVinfo,oi-microsporidiosis,,reviewed,
1481,Tuberculosis,"Anxiety about TB diagnosis, treatment side effects, and social consequences is common.","Ho tšaba ka tlhahlobo ea TB, litlamorao tsa phekolo, le litlamorao tsa sechaba ho tloaelehile.",WHO,tb-anxiety,,reviewed,
4415,General Patient Education,Always inform the nurse if your condition changes between visits.,Tsebisa mooki kamehla haeba boemo ba hao bo fetohile lipakeng tsa litsebeliso.,WHO,general-patient-education-v1,,reviewed,
3066,Symptoms and Complaints,I feel a pressure in my lungs when I breathe.,Ke ikutloa khatello matšoafong ha ke hema.,WHO,symptoms-complaints-v1,,reviewed,
2396,Medication Instructions,Contact your healthcare provider if you miss several doses in a row.,Ikopanye le mofani oa hau oa tlhokomelo ea bophelo bo botle haeba u lahlehetsoe ke li-dose tse ngata ka molapo.,WHO,medication-instructions-v1,,reviewed,
1770,Tuberculosis,TB can reactivate decades after the initial infection.,TB e ka vuseletsa lilemo tse mashome ka mor'a tšoaetso ea pele.,CDC,tb-reactivation-timing,,reviewed,
315,HIV,HIV-positive mothers who choose to breastfeed should do so exclusively for six months.,Ba bang ba HIV ba fumane tsebo ya bohlokoa ba tla dija ka tsela e itseng ka metshelele e tletseng.,WHO,pmtct-breastfeeding,,raw,
3762,Appointments and Follow-Up,I was reminded to get enough sleep every night.,Ke khumamisitsoe ho robala ka lekaneng bosiu bo bong le bo bong.,WHO,appointments-followup-v1,,reviewed,
4910,General Patient Education,Invest in your mental health as you would invest in your physical health.,Beha chelete bophelong ba hao ba kelello joalo ka ha o beha chelete bophelong ba hao ba 'mele.,WHO,general-patient-education-v1,,reviewed,
114,HIV,Without treatment the risk of a mother passing HIV to her baby is up to 45 percent.,"Kantle le kalafo, kotsi ea hore 'm'e a fetisetse HIV ho ngoana oa hae e ka ba ho fihla ho liperesente tse 45 (45%).",UNAIDS,pmtct-overview,,reviewed,
961,HIV,Sexual violence survivors should access PEP services as soon as possible after an assault.,Baphonyohi ba tlhoriso ea thobalano ba lokela ho fihlella litshebeletso tsa PEP kapele kamoo ho khonehang ka mor'a tlhaselo.,WHO,hiv-pep-gbv,,reviewed,
2911,Symptoms and Complaints,I have pain in my right ankle that is swollen.,Ke na le mahloko ankele ea ka ea le letona e ruruhetse.,WHO,symptoms-complaints-v1,,reviewed,
3406,Symptoms and Complaints,I have spotting between my periods.,Ke na le ho tsoa mali hanyane lipakeng tsa linako tsa khoeli.,WHO,symptoms-complaints-v1,,reviewed,
1624,Tuberculosis,The community health worker visited me at home every day to make sure I took my tablets.,Mosebetsi oa bophelo bo botle oa sechaba o ne a etela lapeng letsatsi le leng le le leng ho netefatsa hore ke nka lipilisi tsa ka.,clinical_fieldwork,patient-tb-dot,,reviewed,
3323,Symptoms and Complaints,I have a watery discharge from my eyes.,Ke na le seretse sa metsi se tsoang mahlong a ka.,WHO,symptoms-complaints-v1,,reviewed,
5000,General Patient Education,Taking responsibility for your health leads to a longer and better quality of life.,Ho nka boikarabello bakeng sa bophelo ba hao ho lebisa bophelong bo telele le bo nang le boleng bo botle.,WHO,general-patient-education-v1,,reviewed,
1819,Medication Instructions,Take two tablets twice daily for ten days.,Nka lipilisi tse peli habeli ka letsatsi ka matsatsi a leshome.,WHO,medication-instructions-v1,,reviewed,
3195,Symptoms and Complaints,I have been having episodes of sudden severe headache.,Ke ntse ke na le linako tsa mahloko a matla a hlooho ka tšohanyetso.,WHO,symptoms-complaints-v1,,reviewed,
3008,Symptoms and Complaints,I am coughing up blood-stained mucus.,Ke kohoa mucus e nang le mabala a mali.,WHO,symptoms-complaints-v1,,reviewed,
3415,Symptoms and Complaints,I have been leaking urine when I sneeze.,Ke ntse ke tsoa moroto ha ke thiimela.,WHO,symptoms-complaints-v1,,reviewed,
4529,General Patient Education,Cook with healthy oils such as olive oil or sunflower oil.,Phehla ka oli e ntle joalo ka oli ea olive kapa ea sunflower.,WHO,general-patient-education-v1,,reviewed,
1898,Medication Instructions,Take one tablet every night before bed for chronic management.,Nka pilisi e le ngoe bosiu bo bong le bo bong pele ho robala bakeng sa taolo ea bolwetse ba nako e telele.,WHO,medication-instructions-v1,,reviewed,
1919,Medication Instructions,Take two tablets once daily at bedtime.,Nka lipilisi tse peli ka nako e le ngoe letsatsi le leng le le leng nako ea ho robala.,WHO,medication-instructions-v1,,reviewed,
1271,Tuberculosis,"Drug-resistant TB is caused by inadequate treatment, poor adherence, or transmission of resistant strains.","TB e hananang le meriana e bakoa ke kalafo e sa lekanang, ho se latele kalafo hantle, kapa phetiso ea mefuta ea TB e seng e hanana le meriana.",WHO,tb-dr-causes,,reviewed,
4177,Maternal and Child Health,My child missed a vaccination and I need to catch up.,Ntswa a ile a qeta tšireletso e nngwe le ha ke hloka go e tsotella.,WHO,maternal-child-health-v1,,raw,
4963,General Patient Education,Encourage older adults to stay socially active and engaged.,Khothaletsa batho ba baholo ho lula ba sebetsa le ho kenella sechababeng.,WHO,general-patient-education-v1,,reviewed,
4884,General Patient Education,Do not stop your mental health medication without consulting your doctor.,O se ke oa emisa moriana oa bophelo ba kelello ntle le ho buisana le ngaka ea hao.,WHO,general-patient-education-v1,,reviewed,
4095,Maternal and Child Health,My baby was put on my chest immediately after birth.,Ngwana wa ka ile ya mo tsamaya mo sefubeng sa ka ka morao ga tswalo.,WHO,maternal-child-health-v1,,raw,
3160,Symptoms and Complaints,I have a pain in my upper left abdomen that radiates to my shoulder.,Ke na le mahloko mpeng ea ka e holimo ea molema a isisoang hetleng ea ka.,WHO,symptoms-complaints-v1,,reviewed,
1814,Medication Instructions,"Take two tablets immediately, then one tablet every eight hours.","Nka lipilisi tse peli hang hang, ebe o nka pilisi e le ngoe ka maho a robeli.",WHO,medication-instructions-v1,,reviewed,
2427,Medication Instructions,Do not take a double dose of an anticoagulant if you miss one; contact your doctor.,U se ke ua nka dose e habeli ea anticoagulant haeba u lahlehetsoe ke e le ngoe; ikopanye le ngaka ea hau.,WHO,medication-instructions-v1,,reviewed,
3951,Appointments and Follow-Up,I was given a new prescription at my follow-up appointment.,Ke filoe prescription e ncha appointment ea ka ea ho latela.,WHO,appointments-followup-v1,,reviewed,
4429,General Patient Education,Maintaining a healthy weight reduces the risk of chronic diseases.,Ho boloka boima bo botle bo fokotsa kotsi ea mahlwetse a tsoelang pele.,WHO,general-patient-education-v1,,reviewed,
2143,Medication Instructions,This medicine may cause drowsiness; do not drive or operate machinery.,Moriana ona o ka baka boroko; u se ke ua khanna kapa ua sebetsa metšine.,WHO,medication-instructions-v1,,reviewed,
1627,Tuberculosis,I am now cured of tuberculosis and I feel stronger than ever before.,Joale ke folisitsoe tuberculosis mme ke ikutloa ke matla ho feta nako efe kafe pele.,clinical_fieldwork,patient-tb-cured,,reviewed,
790,HIV,Orphans and vulnerable children affected by HIV need targeted support programmes.,Bana ba mahlomola le ba bokoa ba angoa ke HIV ba hloka mananeo a tshehetso a lebisitsoeng.,UNICEF,hiv-ovc,,reviewed,
3787,Appointments and Follow-Up,I should not stop my medication without consulting the doctor.,Ha ke lokela ho emisa moriana oa ka ntle le ho buisana le ngaka.,WHO,appointments-followup-v1,,reviewed,
1865,Medication Instructions,Take two capsules once daily in the morning.,Nka li-capsule tse peli ka nako e le ngoe letsatsi le leng le le leng hoseng.,WHO,medication-instructions-v1,,reviewed,
2866,Symptoms and Complaints,I have a severe pain in my head that came on suddenly.,Ke na le mahloko a matla hlooho ea ka a tlileng ka tšohanyetso.,WHO,symptoms-complaints-v1,,reviewed,
872,HIV,Healthcare worker stigma towards people living with HIV must be actively addressed.,Kekello ea basebetsi ba bophelo bo botle khahlanong le batho ba phelang le HIV e lokela ho sebetsanoa le eona ka boitelo.,WHO,hiv-hcw-stigma,,reviewed,
3272,Symptoms and Complaints,I have weakness in my right hand and my grip is very weak.,Ke na le ho fokotsehela sepateng sa ka sa le letona mme ho tšoara ha ka ho fokolang haholo.,WHO,symptoms-complaints-v1,,reviewed,
3834,Appointments and Follow-Up,I would like to know if my child needs to be tested for HIV.,Ke rata ho tseba haeba ngoana oa ka o hloka ho hlahlojoa bakeng sa HIV.,WHO,appointments-followup-v1,,reviewed,
74,HIV,Cryptococcal meningitis is a life-threatening fungal infection that affects people with advanced HIV.,Cryptococcal meningitis ke tšoaetso e kotsi haholo ea fungal e behang bophelo kotsing (life-threatening fungal infection) e amang batho ba nang le boemo bo tsoetseng pele ba HIV (advanced HIV).,WHO,opportunistic-infections,,reviewed,
1753,Tuberculosis,Adequate drug supply management prevents TB medicine stockouts.,Taolo e lekaneng ea phano ea meriana e thibela ho fela ha meriana ea TB.,WHO,tb-drug-supply,,reviewed,
1422,Tuberculosis,Early diagnosis and treatment of active TB is the most effective way to prevent TB transmission.,Ho fumana kapele le ho phekola TB e sebetsang ke tsela e sebetsang ka ho fetisisa ea ho thibela phetisetso ea TB.,WHO,tb-prevention-early-treatment,,reviewed,
4222,Maternal and Child Health,My child was diagnosed with conjunctivitis.,Ngoana oa ka o hlahlojoe ka conjunctivitis.,WHO,maternal-child-health-v1,,reviewed,
4694,General Patient Education,Drink enough water to support healthy kidney function.,Noa metsi a lekaneng ho tshehetsa tšebetso e ntle ea lipitso.,WHO,general-patient-education-v1,,reviewed,
4370,Maternal and Child Health,I was told that teenagers can also access family planning services.,Ke boletsoe hore bacha le bona ba ka fihlela litšebeletso tsa ho rererela lelapa.,WHO,maternal-child-health-v1,,reviewed,
4576,General Patient Education,Dairy products can reduce the absorption of some antibiotics.,Lihlahisoa tsa lebese li ka fokotsa ho nkoa ha li-antibiotic tse ling.,WHO,general-patient-education-v1,,reviewed,
3810,Appointments and Follow-Up,I would like to know if my cholesterol levels are normal.,Ke rata ho tseba haeba maemo a cholesterol ea ka a tloaelehile.,WHO,appointments-followup-v1,,reviewed,
2245,Medication Instructions,Seek medical help if you develop signs of a serious kidney reaction.,Batla thuso ea ngaka haeba u ba le lišoaetso tsa karabelo e matla ea lipitso.,WHO,medication-instructions-v1,,reviewed,
3048,Symptoms and Complaints,I am coughing up blood clots.,Ke kohoa li-clot tsa mali.,WHO,symptoms-complaints-v1,,reviewed,
2446,Medication Instructions,"If you miss a dose of an antihistamine, take it as soon as you remember.","Haeba u lahlehetsoe ke dose ea antihistamine, e nke hang hang ha u hopola.",WHO,medication-instructions-v1,,reviewed,
495,HIV,Workplace wellness programmes should include HIV testing and support for healthcare workers.,Meputso ea hlotso ea bophelo ba sebaka sa hae baahi ba tšireletso ea bophelo ba ka kena HIV testing le thuso ba baahi ba tšireletso ea bophelo.,ILO,hiv-workplace-wellness,,raw,
3131,Symptoms and Complaints,I feel very uncomfortable and my stomach is very tender to touch.,Ke ikutloa ke sa ikutloe hantle haholo mme mpa ea ka e bohloko haholo ha e amioa.,WHO,symptoms-complaints-v1,,reviewed,
4322,Maternal and Child Health,I want to prevent pregnancy for the next two years.,Ke rata ho thibela ho mitsa lilomong tse peli tse tlang.,WHO,maternal-child-health-v1,,reviewed,
4398,Maternal and Child Health,I was told to use regular contraception after taking emergency contraception.,Ke boletsoe ho sebelisa thibelo ea ho mitsa ea kamehla ka mor'a ho nka thibelo ea ho mitsa ea tšohanyetso.,WHO,maternal-child-health-v1,,reviewed,
1165,Tuberculosis,Ethambutol can cause optic neuritis leading to visual disturbances; patients should report any changes in vision.,Ethambutol e ka baka optic neuritis e lebisang ho mathata a pono; bakuli ba lokela ho bua ka liphetoho life kapa life tsa pono.,NIH,tb-ethambutol-optic,,reviewed,
3735,Appointments and Follow-Up,I was encouraged to bring a treatment supporter to my appointments.,Ke khothaletsoeng ho tlisa motho ea ntshehetsa phekolo li-appointment tsa ka.,WHO,appointments-followup-v1,,reviewed,
1731,Tuberculosis,TB patients who cannot work during treatment may be eligible for social grants.,Bakuli ba TB ba ke ke ba sebetsa nakong ea phekolo ba ka ba le tokelo ea lithuso tsa sechaba.,DOH_SA,tb-social-grants,,reviewed,
4813,General Patient Education,PEP must be taken for twenty-eight days without missing doses.,PEP e tlameha ho nkoa matsatsi a mashome a mabeli le metso e robeli ntle le ho lahlehela li-dose.,WHO,general-patient-education-v1,,reviewed,
2403,Medication Instructions,Contact your pharmacist if you are unsure what to do after missing a dose.,Ikopanye le pharmacist ea hau haeba u sa tsebe ho etsa eng ka mor'a ho lahlehela ke dose.,WHO,medication-instructions-v1,,reviewed,
3404,Symptoms and Complaints,I have not had a menstrual period for three months.,Ha ke so be le nako ea khoeli ka likhoeli tse tharo.,WHO,symptoms-complaints-v1,,reviewed,
619,HIV,Point-of-care viral load testing reduces delays in identifying treatment failure.,Ho lekoa ha viral load sebakeng sa tlhokomelo ho fokotsa ho lieha ha ho tseba ho hloleha ha phekolo.,WHO,hiv-poc-vl,,reviewed,
1698,Tuberculosis,Rifampicin is one of the most important drugs in the treatment of tuberculosis.,Rifampicin ke e 'ngoe ea meriana e bohlokoa ka ho fetisisa ho phekolo ea tuberculosis.,WHO,tb-rifampicin,,reviewed,
3594,Appointments and Follow-Up,I need to know if my appointment is covered by my medical aid.,Ke hloka ho tseba haeba appointment ea ka e koaheloa ke medical aid ea ka.,WHO,appointments-followup-v1,,reviewed,
1958,Medication Instructions,Shake the suspension well before measuring the dose.,Nyenyetsa suspension hantle pele ho lekola dose.,WHO,medication-instructions-v1,,reviewed,
1222,Tuberculosis,Diabetic patients on TB treatment should have their blood glucose monitored closely.,Bakuli ba nang le lefu la tsoekere ba leng kalafong ea TB ba lokela ho behiloe leihlo ka hloko boemo ba tsoekere maling.,WHO,tb-diabetes-treatment,,reviewed,
2074,Medication Instructions,Keep the nasal spray upright and store at room temperature.,Boloka nasal spray e otlolohile mme u boloke ka mocheso oa kamora.,WHO,medication-instructions-v1,,reviewed,
3411,Symptoms and Complaints,I have pain in my groin.,Ke na le mahloko groineng ea ka.,WHO,symptoms-complaints-v1,,reviewed,
870,HIV,HIV stigma is a violation of human rights and a barrier to ending the HIV epidemic.,Kekello ea HIV ke tlolo ea litokelo tsa botho le moqoqo oa ho felisa leruo la lefu la HIV.,UNAIDS,hiv-stigma-human-rights,,reviewed,
2719,Symptoms and Complaints,I have been having hot flushes.,Ke ntse ke ikutloa ke chesa ka tšohanyetso.,WHO,symptoms-complaints-v1,,reviewed,
1043,Tuberculosis,Night sweats are a classic symptom of active TB disease.,Molapo oa bosiu ke letšoao la kamehla la bolwetse ba TB bo sebetsang.,WHO,tb-symptoms,,reviewed,
1362,Tuberculosis,Silicosis patients have a lifetime risk of TB that is 30 times higher than the general population.,Bakuli ba nang le silicosis ba na le kotsi ea bophelo bohle ea ho tšoaroa ke TB e phahameng ka makhetlo a 30 ho feta sechaba ka kakaretso.,ILO,tb-silicosis-risk,,reviewed,
357,HIV,TB meningitis is a severe form of extrapulmonary TB that requires urgent treatment.,TB meningitis ke ntho e kgolo ya TB ya ka ntle ya phepo e hlokang tšireletso e kgethegileng.,WHO,hiv-tb-meningitis,,raw,
1163,Tuberculosis,Isoniazid can cause drug-induced liver injury; liver function should be monitored during treatment.,Isoniazid e ka baka kotsi ea sebete e bakoang ke moriana; tšebetso ea sebete e lokela ho hlahlojoa nakong ea phekolo.,NIH,tb-isoniazid-hepatotoxicity,,reviewed,
2766,Symptoms and Complaints,I feel my body is fighting something.,Ke ikutloa 'mele oa ka o loa le ntho e itseng.,WHO,symptoms-complaints-v1,,reviewed,
3253,Symptoms and Complaints,I have been having episodes of sudden severe upper back pain.,Ke ntse ke na le linako tsa mahloko a matla a mokokotlo o holimo ka tšohanyetso.,WHO,symptoms-complaints-v1,,reviewed,
1439,Tuberculosis,Community-led TB services improve access and trust among marginalised populations.,Litshebeletso tsa TB tse etelletsoeng pele ke sechaba li ntlafatsa phihlello le botshepehi ho sechaba se hloilloeng.,WHO,tb-community-led-services,,reviewed,
3604,Appointments and Follow-Up,I am checking in for my follow-up appointment.,Ke kena bakeng sa appointment ea ka ea ho latela.,WHO,appointments-followup-v1,,reviewed,
4941,General Patient Education,Never drink and drive.,O se ke oa noa mme u khanne.,WHO,general-patient-education-v1,,reviewed,
4594,General Patient Education,Exercise improves your flexibility and balance.,Ho itlama ho ntlafatsa ho otlolla le tekanyo ea hao.,WHO,general-patient-education-v1,,reviewed,
3640,Appointments and Follow-Up,I am here for my routine six-month check-up.,Ke teng bakeng sa tlhahlobo ea ka ea kamehla ea likhoeli tse tšeletseng.,WHO,appointments-followup-v1,,reviewed,
1254,Tuberculosis,The community health worker visited me every week to make sure I was taking my medication.,Mosebeletsi oa bophelo bo botle sechabeng o ne a nketela beke le beke ho netefatsa hore ke noa meriana ea ka.,clinical_fieldwork,patient-tb-chw-support,,reviewed,
3366,Symptoms and Complaints,I have a rash that is accompanied by nail changes.,Ke na le ho ruruha ha letlalo ho tsamaeang le liphetoho tsa linonyana.,WHO,symptoms-complaints-v1,,reviewed,
333,HIV,Cotrimoxazole also prevents toxoplasmosis in people with low CD4 counts.,Cotrimoxazole e fana ka thibelo ea toxoplasmosis ho batho ba nang le CD4 e tlase.,WHO,oi-toxoplasmosis-prevention,,raw,
3695,Appointments and Follow-Up,The nurse confirmed my next appointment date and time.,Mooki o netefatse letsatsi le nako ea appointment ea ka e latelang.,WHO,appointments-followup-v1,,reviewed,
3569,Appointments and Follow-Up,I would like to know the date of my next appointment.,Ke rata ho tseba letsatsi la appointment ea ka e latelang.,WHO,appointments-followup-v1,,reviewed,
2729,Symptoms and Complaints,I have been having night sweats that soak my clothes.,Ke ntse ke tsoa molapo bosiu o omisang liaparo tsa ka.,WHO,symptoms-complaints-v1,,reviewed,
3668,Appointments and Follow-Up,The doctor measured my child's growth at the follow-up.,Ngaka e lekotse kholo ea ngoana oa ka ho latela.,WHO,appointments-followup-v1,,reviewed,
1631,Tuberculosis,TB infection control in health facilities protects both patients and healthcare workers.,Taolo ea tšoaetso ea TB likamoreng tsa bophelo bo botle e sireletsa bakuli le basebetsi ba bophelo bo botle.,WHO,tb-facility-ipc,,reviewed,
1117,Tuberculosis,"TB mortality has been declining globally but TB remains a major killer, especially among HIV-positive people.","Lefu la TB le theohile lefatšeng lohle empa TB e ntse e bolaea batho ba bangata, haholo-holo ho batho ba nang le HIV.",WHO,tb-mortality,,reviewed,
1850,Medication Instructions,"Take two tablets on the first day, then one tablet daily for six days.","Nka lipilisi tse peli letsatsing la pele, ebe o nka pilisi e le ngoe letsatsi le leng le le leng ka matsatsi a tšeletseng.",WHO,medication-instructions-v1,,reviewed,
3555,Appointments and Follow-Up,I need to cancel my appointment and book a new one.,Ke hloka ho hlakola appointment ea ka mme ke buke e ncha.,WHO,appointments-followup-v1,,reviewed,
3154,Symptoms and Complaints,I have a pain in my abdomen that is worse at night.,Ke na le mahloko mpeng ea ka a mpe bosiu.,WHO,symptoms-complaints-v1,,reviewed,
3266,Symptoms and Complaints,I have difficulty with my sleep and cannot fall asleep.,Ke na le bothata ba boroko mme ha ke khone ho robala.,WHO,symptoms-complaints-v1,,reviewed,
1666,Tuberculosis,World TB Day is observed on March 24th each year to raise awareness about tuberculosis.,Letsatsi la Lefatše la TB le phethoa ka la 24 Hlakubele selemo le selemo ho eketsa tsebo ka tuberculosis.,WHO,tb-world-tb-day,,reviewed,
446,HIV,Women and girls account for more than half of all people living with HIV in sub-Saharan Africa.,Basali le banana ba bua karolo e fetang halofo ea batho bohle ba phelang le HIV Afrika e ka tlase ho Sahara.,UNAIDS,hiv-gender,,reviewed,
2246,Medication Instructions,This medicine may cause increased production of mucus in the airways.,Moriana ona o ka baka ho eketseha ha tlhahiso ea mucus meeling ea moea.,WHO,medication-instructions-v1,,reviewed,
453,HIV,Men are less likely than women to test for HIV and access treatment.,Banna ba ka nna ba se hlahlobeloe HIV le ho fumana phekolo ka bonolo ho feta basali.,UNAIDS,hiv-men-testing,,reviewed,
1552,Tuberculosis,MDR-TB treatment can last 9 to 20 months depending on the regimen used.,Phekolo ea MDR-TB e ka nka likhoeli tse 9 ho isa ho tse 20 ho latela leano le sebelisitsoeng.,WHO,tb-mdr-treatment,,reviewed,
4435,General Patient Education,Regular blood pressure checks can prevent heart disease and stroke.,Ho lekola khatello ea mali ka mehla ho ka thibela bolwetse ba pelo le stroke.,WHO,general-patient-education-v1,,reviewed,
2955,Symptoms and Complaints,I have pain in my left wrist that radiates to my fingers.,Ke na le mahloko liqhekelleng la ka la molema a isisoang menwaneng ea ka.,WHO,symptoms-complaints-v1,,reviewed,
15,HIV,Tell your healthcare provider if you have difficulty taking your medicines every day.,Polella mofani oa hau oa tlhokomelo ea bophelo (ngaka kapa moki) haeba u na le bothata ba ho nwa meriana ea hau letsatsi le leng le le leng.,CDC_HIVNexus,art-adherence,,reviewed,
3629,Appointments and Follow-Up,I have come for my mental health follow-up.,Ke tlile bakeng sa ho latela bophelo ba kelello ea ka.,WHO,appointments-followup-v1,,reviewed,
946,HIV,Early diagnosis and treatment are the most important factors in HIV outcomes.,Ho fumanoa kapele le phekolo ke lintlha tse bohlokoa ka ho fetisisa liphetho tsa HIV.,WHO,hiv-early-treatment,,reviewed,
248,HIV,Adolescents living with HIV face unique challenges including stigma and disclosure.,Bacha ba phelang le HIV ba tobana le mathata a ikhethileng ho kenyelletsa kekello le ho senola boemo ba bona.,WHO,hiv-adolescents,,reviewed,
4698,General Patient Education,Get vaccinated against hepatitis B to protect your liver.,Entisoa bakeng sa hepatitis B ho sireletsa sebete sa hao.,WHO,general-patient-education-v1,,reviewed,
361,HIV,Hepatitis B virus co-infection affects approximately 10 percent of people living with HIV globally.,Virusi ya Hepatitis B e hloka ho batho ba phelang le HIV ka mafatse a lefatshe yote e lekae 10 percent.,WHO,hiv-hbv-coinfection,,raw,
4657,General Patient Education,Hypertension is a condition where your blood pressure is too high.,Khatello e phahameng ea mali ke boemo moo khatello ea mali ea hao e phahame haholo.,WHO,general-patient-education-v1,,reviewed,
1615,Tuberculosis,Community health workers are essential to reaching TB patients in remote areas.,Basebetsi ba bophelo bo botle ba sechaba ba bohlokoa ho fihlela bakuli ba TB libakeng tse hole.,WHO,tb-community-health-workers,,reviewed,
2304,Medication Instructions,Avoid taking zinc supplements at the same time as this medicine.,Hana ho nka lisebelisoa tsa zinc ka nako e tšoanang le moriana ona.,WHO,medication-instructions-v1,,reviewed,
4142,Maternal and Child Health,I was given the contraceptive pill at my postnatal visit.,Ke neile tlhahlo ya kgotso ya ho ithiba ka motshegetsi wa ka morao ho tswa ho tseba hore ke na le ngwana.,WHO,maternal-child-health-v1,,raw,
3169,Symptoms and Complaints,I have a burning pain in my right side of the abdomen.,Ke na le mahloko a ho chesa lehlakoreng la le letona la mpa ea ka.,WHO,symptoms-complaints-v1,,reviewed,
2479,Medication Instructions,Do not take a double dose of an antibiotic if you miss one.,U se ke ua nka dose e habeli ea antibiotic haeba u lahlehetsoe ke e le ngoe.,WHO,medication-instructions-v1,,reviewed,
4215,Maternal and Child Health,I was told to give my child their ART medication every day.,Ke boletsoe ho fa ngoana oa ka moriana oa ART letsatsi le leng le le leng.,WHO,maternal-child-health-v1,,reviewed,
4181,Maternal and Child Health,My child is losing weight and I am worried.,Ntswa a nyama a fola le ha ke na bohloko.,WHO,maternal-child-health-v1,,raw,
4885,General Patient Education,Recovery from mental illness is possible with the right treatment and support.,Ho fola ho tsoa bolwetseng ba kelello ho khonehile ka phekolo e nepahetseng le tshehetso.,WHO,general-patient-education-v1,,reviewed,
3164,Symptoms and Complaints,I feel very sick and cannot pass any stool.,Ke ikutloa ke kula haholo mme ha ke khone ho fetisa manyeloa afe kafe.,WHO,symptoms-complaints-v1,,reviewed,
491,HIV,Safe disposal of sharps is a critical infection control measure in all healthcare settings.,Ho tlosa di-sharps ka tsela e betere ke tsela e 'ngata ya ho fepa maemo a ntle le tšireletso ya tšehetso.,WHO,hiv-sharps-disposal,,raw,
863,HIV,Cognitive decline is more common in older people living with HIV.,Ho fokotsehela ha mahutu ho atile haholo ho batho ba baholo ba phelang le HIV.,NIH_HIVinfo,hiv-neurocognitive-ageing,,reviewed,
1741,Tuberculosis,The STREAM trial evaluated shorter regimens for multidrug-resistant tuberculosis.,Tlhahlobo ea STREAM e ile ea lekola mananeo a khutšoanyane bakeng sa tuberculosis e khakanyeng meriana e mengata.,WHO,tb-stream-trial,,reviewed,
4100,Maternal and Child Health,My baby received eye drops after delivery.,Ngwana wa ka ile ya fihla mathe a mahlo a morao ga tswalo.,WHO,maternal-child-health-v1,,raw,
4386,Maternal and Child Health,I was told that the injection can cause my periods to stop completely.,Ke boletsoe hore ente e ka baka hore linako tsa khoeli ea ka li eme ka botlalo.,WHO,maternal-child-health-v1,,reviewed,
2448,Medication Instructions,"If you miss a dose of a muscle relaxant, take it as soon as you remember.","Haeba u lahlehetsoe ke dose ea muscle relaxant, e nke hang hang ha u hopola.",WHO,medication-instructions-v1,,reviewed,
4231,Maternal and Child Health,My child has been diagnosed with a heart condition.,Ngoana oa ka o hlahlojoe ka boemo ba pelo.,WHO,maternal-child-health-v1,,reviewed,
507,HIV,People living with HIV networks advocate for the rights and needs of their members.,Mabatooa a batho ba a swere le HIV a emela ka ditokelo le tšohle tse di hlokang.,UNAIDS,hiv-networks,,raw,
2678,Medication Instructions,Take your medicine with a reminder system to ensure you never miss a dose.,Nka moriana oa hau le tsamaiso ea temoso ho netefatsa hore ha u lahlehele ke dose.,WHO,medication-instructions-v1,,reviewed,
2996,Symptoms and Complaints,I have chest tightness that makes it hard to breathe.,Ke na le ho tšoaroa ha sefuba ho etsang hore ho be thata ho hema.,WHO,symptoms-complaints-v1,,reviewed,
1943,Medication Instructions,Take one tablet every eight hours for three days.,Nka pilisi e le ngoe ka maho a robeli ka matsatsi a mararo.,WHO,medication-instructions-v1,,reviewed,
1223,Tuberculosis,Rifampicin reduces the effectiveness of oral contraceptives; women should use alternative contraception.,Rifampicin e fokotsa katleho ea lithibela-pelehi tse nooang; basali ba lokela ho sebelisa mokhoa o mong oa thibelo ea bokhachane.,WHO,tb-rifampicin-contraception,,reviewed,
1114,Tuberculosis,"Men are more likely to develop active TB than women, but women face greater social consequences.","Banna ba na le monyetla o moholo oa ho ba le TB e sebetsang ho feta basali, empa basali ba tobana le litlamorao tse kholo tsa sechaba.",WHO,tb-gender,,reviewed,
1906,Medication Instructions,"Take one tablet twice daily, swallowing it whole without crushing.","Nka pilisi e le ngoe habeli ka letsatsi, u e metse ka botlalo ntle le ho e hlohlela.",WHO,medication-instructions-v1,,reviewed,
3424,Symptoms and Complaints,I have urine that smells very strongly.,Ke na le moroto o nang le monko o matla haholo.,WHO,symptoms-complaints-v1,,reviewed,
1878,Medication Instructions,"Take one tablet every eight hours, not exceeding three tablets per day.","Nka pilisi e le ngoe ka maho a robeli, u sa fete lipilisi tse tharo ka letsatsi.",WHO,medication-instructions-v1,,reviewed,
4673,General Patient Education,Stopping smoking is the most important step in managing lung disease.,Ho emisa ho tsuba ke mohato o bohlokoa ka ho fetisisa ho laoleng bolwetse ba matšoafo.,WHO,general-patient-education-v1,,reviewed,
434,HIV,Men who have sex with men are disproportionately affected by HIV in many regions.,Banna ba robetsanang le banna ba angoa ke HIV ka mokgwa o sa lekanang libakeng tse ngata.,UNAIDS,hiv-msm,,reviewed,
2365,Medication Instructions,This medicine may interact with monoamine oxidase inhibitor drugs; inform your doctor.,Moriana ona o ka kopana le meriana ea monoamine oxidase inhibitor; tsebisa ngaka ea hau.,WHO,medication-instructions-v1,,reviewed,
3155,Symptoms and Complaints,I feel very uncomfortable and my abdomen is very sensitive.,Ke ikutloa ke sa ikutloe hantle haholo mme mpa ea ka e amehela haholo.,WHO,symptoms-complaints-v1,,reviewed,
2836,Symptoms and Complaints,I feel very ill and need to start treatment today.,Ke ikutloa ke kula haholo mme ke hloka ho qala phekolo kajeno.,WHO,symptoms-complaints-v1,,reviewed,
2093,Medication Instructions,Store the medicated patch in its original sealed pouch until use.,Boloka patch ea moriana setsing sa ona sa pele se koaletsoeng ho fihlela ho sebelisoa.,WHO,medication-instructions-v1,,reviewed,
3011,Symptoms and Complaints,I have a cough that is triggered by cold air.,Ke na le ho kohoa ho qalisitsoeng ke moea o batang.,WHO,symptoms-complaints-v1,,reviewed,
3163,Symptoms and Complaints,I have a sharp pain in my lower right abdomen that is constant.,Ke na le mahloko a bohale mpeng ea ka e tlase ea le letona a tsoelang pele.,WHO,symptoms-complaints-v1,,reviewed,
2946,Symptoms and Complaints,I have a dull pain in my left hip.,Ke na le mahloko a fokolang lethekeng la ka la molema.,WHO,symptoms-complaints-v1,,reviewed,
3917,Appointments and Follow-Up,I would like to know if there is a weekend clinic available.,Ke rata ho tseba haeba ho na le kliniki ea wikende e fumanehang.,WHO,appointments-followup-v1,,reviewed,
2917,Symptoms and Complaints,I have pain in my left ankle that is swollen and bruised.,Ke na le mahloko ankele ea ka ea molema e ruruhetse le ho phahama ha mali.,WHO,symptoms-complaints-v1,,reviewed,
1103,Tuberculosis,TB screening should be integrated into routine health services including antenatal care and HIV clinics.,Ho hlahlobeloa ha TB ho lokela ho kopanyoa le litshebeletso tsa kamehla tsa bophelo bo botle ho kenyelletsa tlhokomelo pele ho tsoalo le likhliniki tsa HIV.,WHO,tb-integrated-screening,,reviewed,
1449,Tuberculosis,Child-friendly TB services reduce fear and improve treatment adherence in young patients.,Litshebeletso tsa TB tse amohelang bana li fokotsa tšabo le ho ntlafatsa ho latela phekolo ho bakuli ba bacha.,UNICEF,tb-children-friendly-services,,reviewed,
1721,Tuberculosis,Malnutrition impairs the immune response and increases the risk of TB treatment failure.,Ho hloka phepo ho khathatsa karabelo ea tšireletso ea 'mele le ho eketsa kotsi ea ho hloleha ha phekolo ea TB.,WHO,tb-malnutrition-treatment,,reviewed,
4519,General Patient Education,Follow public health guidelines during disease outbreaks.,Latela litaelo tsa bophelo ba sechaba nakong ea ho atatela ha mahlwetse.,WHO,general-patient-education-v1,,reviewed,
3843,Appointments and Follow-Up,I want to ask the doctor about my prognosis.,Ke rata ho botsa ngaka ka ponahalo ea bophelo ba ka bo tlang.,WHO,appointments-followup-v1,,reviewed,
157,HIV,Weight loss in people living with HIV can be a sign of treatment failure or opportunistic infection.,Ho theoha ha boima ba mmele ho batho ba phelang le HIV ho ka ba sesupo sa ho hloleha hoa kalafo (treatment failure) kapa ho hlaseloa ke mafu a mpefalang ka lebaka la bofokoli ba sesole sa mmele (opportunistic infection).,NIH_HIVinfo,hiv-nutrition,,reviewed,
2979,Symptoms and Complaints,I have pain in my left wrist that is worse when twisting.,Ke na le mahloko liqhekelleng la ka la molema a mpe ha ke potoloha.,WHO,symptoms-complaints-v1,,reviewed,
1774,Tuberculosis,Calcified lymph nodes on chest X-ray may indicate previous TB infection that has healed.,Li-lymph node tse nang le calcium ho X-ray ea sefuba li ka bontša tšoaetso ea TB ea pele e folileng.,NHS,tb-calcification,,reviewed,
616,HIV,Task-shifting allows trained community health workers to support HIV care delivery.,Ho fetisetsa mesebetsi e fapaneng ho lumella basebetsi ba bophelo bo botle ba sechaba ba koetlisitsoeng ho tshehetsa ho fana ka tlhokomelo ea HIV.,WHO,hiv-task-shifting,,reviewed,
644,HIV,Some ART medicines must be taken with food while others can be taken on an empty stomach.,Meriana e meng ea ART e lokela ho nkoa le lijo ha e meng e ka nkoa ka mala a se nang lijo.,NIH_HIVinfo,art-food-requirements,,reviewed,
1936,Medication Instructions,Take one tablet every day at bedtime for chronic conditions.,Nka pilisi e le ngoe letsatsi le leng le le leng nako ea ho robala bakeng sa maemo a nako e telele.,WHO,medication-instructions-v1,,reviewed,
4278,Maternal and Child Health,I was told not to give my baby tea or coffee.,Ke boletsoe ho se fe ngoana oa ka tee kapa kofi.,WHO,maternal-child-health-v1,,reviewed,
1069,Tuberculosis,"A normal chest X-ray does not rule out TB, especially in HIV-positive patients.","X-ray ea sefuba e tloaelehileng ha e felise TB, haholo-holo ho bakuli ba nang le HIV.",WHO,tb-xray-limitations,,reviewed,
4455,General Patient Education,Check the expiry date of your medication before taking it.,Hlahloba letsatsi la ho fela ha moriana oa hao pele ho o nka.,WHO,general-patient-education-v1,,reviewed,
4155,Maternal and Child Health,I was told to go to the clinic immediately if my baby has a fever.,Nkeile ka hloho ho ea kae klinikhe ka potlako ha ngoanana a na le mafuba.,WHO,maternal-child-health-v1,,raw,
4240,Maternal and Child Health,I was told my child needs glasses for poor eyesight.,Ke boletsoe hore ngoana oa ka o hloka ligilase ka lebaka la pono e fokolang.,WHO,maternal-child-health-v1,,reviewed,
4869,General Patient Education,Bipolar disorder causes extreme mood swings between highs and lows.,Bipolar disorder e baka ho fetohafetohoa ha maikutlo ho tloha ho phahama ho ea tlase.,WHO,general-patient-education-v1,,reviewed,
331,HIV,Toxoplasma gondii causes brain abscesses in people with advanced HIV.,Toxoplasma gondii o etsa matshwao a mmele ka batho ba ba leng HIV e phahameng.,CDC_HIVNexus,oi-toxoplasmosis,,raw,
2058,Medication Instructions,Store in a locked cabinet away from children and pets.,Boloka kabinete e koaletsoeng hole le bana le liphoofolo tsa lapeng.,WHO,medication-instructions-v1,,reviewed,
2647,Medication Instructions,Do not take your medicine with dietary supplements unless instructed.,U se ke ua nka moriana oa hau le lisebelisoa tsa lijo ntle le haeba ho laetsoe.,WHO,medication-instructions-v1,,reviewed,
2192,Medication Instructions,This medicine may cause ringing in the ears; inform your doctor if it persists.,Moriana ona o ka baka ho lira ha tsebe; tsebisa ngaka ea hau haeba ho tsoela pele.,WHO,medication-instructions-v1,,reviewed,
623,HIV,Patient satisfaction surveys help identify gaps in HIV service delivery.,Lipatlisiso tsa khotsofalo ea bakuli li thusa ho tseba maqeba ho faneng ka litshebeletso tsa HIV.,WHO,hiv-patient-satisfaction,,reviewed,
1596,Tuberculosis,Migrants and refugees may have higher rates of TB and face barriers to healthcare access.,Baahi ba fetang le baphaphathehi ba ka ba le likhato tse phahameng tsa TB mme ba tobana le meqoqo ea phihlello ea tlhokomelo ea bophelo bo botle.,WHO,tb-migrants,,reviewed,
2916,Symptoms and Complaints,I have a dull ache in my right hip.,Ke na le mahloko a fokolang lethekeng la ka la le letona.,WHO,symptoms-complaints-v1,,reviewed,
4822,General Patient Education,"Symptoms of STIs include discharge, sores, burning, and pain.","Matšoao a li-STI a kenyelletsa seretse, maqeba, ho chesa, le mahloko.",WHO,general-patient-education-v1,,reviewed,
3899,Appointments and Follow-Up,I missed my appointment because I was confused about the time.,Ke lahlehetsoe ke appointment ea ka hobane ke ne ke tsieleha ka nako.,WHO,appointments-followup-v1,,reviewed,
1920,Medication Instructions,Take one tablet three times daily for the full course of treatment.,Nka pilisi e le ngoe habeli ka letsatsi khoroso yohle ea phekolo.,WHO,medication-instructions-v1,,reviewed,
4174,Maternal and Child Health,My baby has not received all the required vaccinations.,Ntswa ha a ise a tserele tšireletso tse di hlokangwa tse tsotelle.,WHO,maternal-child-health-v1,,raw,
4478,General Patient Education,Boil water if you are unsure whether it is safe to drink.,Besa metsi haeba ha o tsebe haeba a bolokehile ho noa.,WHO,general-patient-education-v1,,reviewed,
756,HIV,Wasting in people living with HIV is defined as involuntary weight loss of more than ten percent.,Ho fofela ha batho ba phelang le HIV ho hlalossoa e le ho lahleheloa ha boima ka ho se ikemisele ho feta leshome la pesente.,WHO,hiv-wasting-definition,,reviewed,
519,HIV,Global Fund grants support HIV programmes in low and middle income countries.,Tšehetso ya Global Fund e thusa programme ya HIV kantle ho dihempe tse kholo le tse kae.,UNAIDS,hiv-global-fund,,raw,
3804,Appointments and Follow-Up,I would like to know if my TB treatment is working.,Ke rata ho tseba haeba phekolo ea TB ea ka e a sebetsa.,WHO,appointments-followup-v1,,reviewed,
33,HIV,Ask your healthcare provider to explain your test results to you.,Kōpa mofani oa hau oa litšebeletso tsa bophelo (healthcare provider) ho u hlalosetsa liphetho tsa hau tsa tlhahlobo.,NIH_HIVinfo,hiv-monitoring,,reviewed,
2938,Symptoms and Complaints,I have a sharp pain in my left wrist.,Ke na le mahloko a bohale liqhekelleng la ka la molema.,WHO,symptoms-complaints-v1,,reviewed,
1158,Tuberculosis,Pyrazinamide is active against TB bacteria in acidic environments such as inside macrophages.,Pyrazinamide e sebetsa khahlanong le bakteria ea TB tikolohong ea asiti joalo ka ka hare ho li-macrophage.,NIH,tb-pyrazinamide,,reviewed,
745,HIV,Engaging men as allies in gender equality reduces HIV risk for women and girls.,Ho kenyelletsa banna e le balekane ho lekaneng ha bong ho fokotsa kotsi ea HIV bakeng sa basali le banana.,UNAIDS,hiv-male-allies,,reviewed,
1498,Tuberculosis,I joined a TB support group and met others who understood exactly what I was going through.,Ke kenele sehlopha sa tshehetso ea TB mme ka kopana le ba bang ba neng ba utloisisa ka nepo seo ke neng ke se ntse ke se ntse ke se kena le sona.,clinical_fieldwork,patient-tb-support-group,,reviewed,
3460,Symptoms and Complaints,I have a feeling of urgency related to my ureters.,Ke na le maikutlo a ho hloka ka potlako a amanang le li-ureter tsa ka.,WHO,symptoms-complaints-v1,,reviewed,
3756,Appointments and Follow-Up,I was reminded to tell the doctor about any traditional medicines I use.,Ke khumamisitsoe ho bolella ngaka ka meriana efe kafe ea setso eo ke e sebelisang.,WHO,appointments-followup-v1,,reviewed,
2592,Medication Instructions,Inform your doctor if you are having difficulty taking your medicine as prescribed.,Tsebisa ngaka ea hau haeba u na le bothata ba ho nka moriana oa hau joalo ka ha ho laetsoe.,WHO,medication-instructions-v1,,reviewed,
784,HIV,"Routine health information systems should capture HIV testing, treatment, and viral load data.","Mekgwa ea kamehla ea tsebo ea bophelo bo botle e lokela ho tšoara data ea liteko tsa HIV, phekolo, le viral load.",WHO,hiv-hmis,,reviewed,
3494,Symptoms and Complaints,I have been losing hair in patches on my scalp.,Ke ntse ke lahleheloa ke moriri ka libaka hloohong ea ka.,WHO,symptoms-complaints-v1,,reviewed,
2950,Symptoms and Complaints,I have a sharp pain in my left elbow.,Ke na le mahloko a bohale tsualikaneng la ka la molema.,WHO,symptoms-complaints-v1,,reviewed,
230,HIV,Education and awareness campaigns can reduce HIV stigma in communities.,Mananeo a thuto le a tsebiso a ka fokotsa kekello ea HIV sechabeng.,UNAIDS,hiv-stigma-reduction,,reviewed,
858,HIV,HIV-positive adolescents who are virally suppressed can live full and healthy lives.,Bacha ba nang le HIV ba laolehileng ke vaerase ba ka phela bophelo bo tletseng bo botle.,UNICEF,hiv-adolescent-positive-living,,reviewed,
2267,Medication Instructions,Contact your doctor if you develop a persistent burning sensation in the body.,Ikopanye le ngaka ea hau haeba u ba le maikutlo a ho chesa a tsoelang pele 'meleng.,WHO,medication-instructions-v1,,reviewed,
4275,Maternal and Child Health,I was told not to give my baby honey before one year of age.,Ke boletsoe ho se fe ngoana oa ka honi pele a fihla selomong se le seng.,WHO,maternal-child-health-v1,,reviewed,
409,HIV,Fast-track ART refill services are available for stable patients at many clinics.,Litshebeletso tsa ho tlatsa ART ka potlako li fumaneha bakeng sa bakuli ba tsitsitseng likhlinikhing tse ngata.,DOH_SA,hiv-fast-track,,reviewed,
171,HIV,I was told I have HIV and I do not know where to start.,Ke bolelletsoe hore ke na le HIV 'me ha ke tsebe hore na ke qale kae.,clinical_fieldwork,patient-hiv-diagnosis,,reviewed,
541,HIV,Kidney function should be assessed before starting tenofovir-based ART.,Lefapha la kidney function e tlameha ho tsebjwa pele ho qala tenofovir-based ART.,WHO,hiv-kidney-monitoring,,raw,
2211,Medication Instructions,Contact your doctor if you develop difficulty urinating while taking this medicine.,Ikopanye le ngaka ea hau haeba u ba le bothata ba ho morota ha u nka moriana ona.,WHO,medication-instructions-v1,,reviewed,
2305,Medication Instructions,This medicine may interact with immunosuppressant drugs; inform your doctor.,Moriana ona o ka kopana le meriana ea ho laola tšireletso ea 'mele; tsebisa ngaka ea hau.,WHO,medication-instructions-v1,,reviewed,
2568,Medication Instructions,Give the medicine to the child using a calibrated dropper for premature infants.,Fana ka moriana ho ngoana ka ho sebelisa dropper e lekotsoeng bakeng sa bana ba tsoetsoeng pele ho nako.,WHO,medication-instructions-v1,,reviewed,
614,HIV,Switching to a better-tolerated ART regimen can improve adherence.,Ho fetohela lenanong la ART le mamelloang hantle ho ka ntlafatsa ho latela.,WHO,hiv-adherence-regimen-switch,,reviewed,
2102,Medication Instructions,Store the oral solution at room temperature and use within thirty days of opening.,Boloka setšoelo sa molomo ka mocheso oa kamora mme u sebelise ka hare ho matsatsi a mashome a mararo ho bula.,WHO,medication-instructions-v1,,reviewed,
1809,Medication Instructions,Take one tablet daily for seven days.,Nka pilisi e le ngoe letsatsi le leng le le leng ka matsatsi a supileng.,WHO,medication-instructions-v1,,reviewed,
3439,Symptoms and Complaints,I have pain in my fallopian tubes.,Ke na le mahloko li-fallopian tube tsa ka.,WHO,symptoms-complaints-v1,,reviewed,
1162,Tuberculosis,"Rifampicin turns urine, sweat, and tears orange — patients should be warned about this harmless side effect.","Rifampicin e fetola moroto, molapo, le meokho e be orange — bakuli ba lokela ho lemosoa ka tlhamorao ena e sa kotsi.",CDC,tb-rifampicin-orange,,reviewed,
4226,Maternal and Child Health,My child has not been vaccinated against measles.,Ngoana oa ka ha a so entisoe bakeng sa measles.,WHO,maternal-child-health-v1,,reviewed,
3120,Symptoms and Complaints,I have been passing stools with blood and mucus.,Ke ntse ke fetisa manyelo a nang le mali le mucus.,WHO,symptoms-complaints-v1,,reviewed,
3653,Appointments and Follow-Up,My blood pressure was measured at the appointment.,Khatello ea mali ea ka e lekotse appointment.,WHO,appointments-followup-v1,,reviewed,
1611,Tuberculosis,"Achieving the End TB targets requires addressing poverty, malnutrition, and social determinants.","Ho fihlela lipheo tsa ho Felisa TB ho hloka ho sebetsana le bofuma, ho hloka phepo, le lintlha tsa sechaba.",WHO,tb-social-determinants,,reviewed,
1933,Medication Instructions,"Take one tablet every four to six hours as needed, not exceeding four doses per day.","Nka pilisi e le ngoe ka maho a mane ho isa ho a tšeletseng ha ho hlokeha, u sa fete li-dose tse nne ka letsatsi.",WHO,medication-instructions-v1,,reviewed,
3028,Symptoms and Complaints,I am coughing up green mucus with blood streaks.,Ke kohoa mucus e tala e nang le mela ea mali.,WHO,symptoms-complaints-v1,,reviewed,
565,HIV,Serodiscordant couples can have children safely with the right medical support.,Basali ba serodiscordant ba ka ba na bana ka khotsoha leka ho fumana thuso ya tsebo ya mofumahali.,WHO,hiv-serodiscordant-conception,,raw,
3572,Appointments and Follow-Up,I would like to book an appointment at the nearest facility.,Ke rata ho buka appointment setheong se haufi le nna ka ho fetisisa.,WHO,appointments-followup-v1,,reviewed,
4248,Maternal and Child Health,My child has been having frequent asthma attacks.,Ngoana oa ka o ntse a na le litlhaselo tsa asthma hangata.,WHO,maternal-child-health-v1,,reviewed,
2389,Medication Instructions,"If you forget to take your medicine, take it immediately when you remember.","Haeba u lebetse ho nka moriana oa hau, o nke hang hang ha u hopola.",WHO,medication-instructions-v1,,reviewed,
1472,Tuberculosis,Energy and protein requirements are increased in TB patients due to the metabolic demands of infection.,Litlhoko tsa matla le protein li eketsehile ho bakuli ba TB ka lebaka la litlhoko tsa metabolism ea tšoaetso.,FAO,tb-energy-requirements,,reviewed,
2631,Medication Instructions,Do not take your medicine with carbonated drinks unless instructed.,U se ke ua nka moriana oa hau le lino tse nang le moea ntle le haeba ho laetsoe.,WHO,medication-instructions-v1,,reviewed,
1836,Medication Instructions,Take two tablets once at night for the full treatment course.,Nka lipilisi tse peli ka nako e le ngoe bosiu khoroso yohle ea phekolo.,WHO,medication-instructions-v1,,reviewed,
4929,General Patient Education,Community gardens improve food security and nutrition.,Lipolase tsa sechaba li ntlafatsa ts'ireletso ea lijo le phepo.,WHO,general-patient-education-v1,,reviewed,
3476,Symptoms and Complaints,I have a feeling of pressure in my renal capsule.,Ke na le maikutlo a khatello renal capsuleng ea ka.,WHO,symptoms-complaints-v1,,reviewed,
1534,Tuberculosis,Fixed-dose combination tablets make it easier to take all TB medicines at once.,Lipilisi tsa kopano ea dose e tsitsitseng li bonofatsa ho nka meriana yohle ea TB ka nako e le ngoe.,WHO,tb-fdc,,reviewed,
4328,Maternal and Child Health,I would like to stop using contraception and try for a baby.,Ke rata ho emisa ho sebelisa thibelo ea ho mitsa mme ke leke ho ba le ngoana.,WHO,maternal-child-health-v1,,reviewed,
2485,Medication Instructions,Give the medicine with food or milk to reduce stomach upset in children.,Fana ka moriana le lijo kapa lebese ho fokotsa ho nyakeloa ha mala ho bana.,WHO,medication-instructions-v1,,reviewed,
4208,Maternal and Child Health,My child has been coughing for more than two weeks.,Ngoana oa ka o ntse a kohoa ho fetang libeke tse peli.,WHO,maternal-child-health-v1,,reviewed,
1173,Tuberculosis,Dizziness and hearing loss can occur with aminoglycoside drugs used in drug-resistant TB treatment.,Ho potoloha le ho lahleheloa ke kutlo li ka etsahala ka meriana ea aminoglycoside e sebelisoa ho phekolo ea TB e khakanyeng meriana.,WHO,tb-aminoglycoside-toxicity,,reviewed,
1428,Tuberculosis,Mineworkers have among the highest TB rates of any occupational group globally.,Basebetsi ba merafo ba na le e 'ngoe ea likhato tse phahameng ka ho fetisisa tsa TB ho lihlopha tsohle tsa basebetsi lefatšeng lohle.,ILO,tb-miners-burden,,reviewed,
326,HIV,Pneumocystis jirovecii pneumonia is prevented by cotrimoxazole in people with low CD4 counts.,Pneumocystis jirovecii pneumonia e thibela ka cotrimoxazole ho batho ba ba leng CD4 counts tse kae.,WHO,oi-pcp,,raw,
1052,Tuberculosis,Abdominal pain and swelling may indicate abdominal TB.,Mahloko a mpa le ho ruruha li ka bontša TB ea mpa.,NIH,tb-abdominal-symptoms,,reviewed,
3320,Symptoms and Complaints,I have a rash on my forearms that is very itchy.,Ke na le ho ruruha ha letlalo mapha a ka a tlase ho hlohlonang haholo.,WHO,symptoms-complaints-v1,,reviewed,
4722,General Patient Education,Hearing loss can be prevented by avoiding loud noise exposure.,Ho lahleheloa ke kutlo ho ka thibeloa ka ho hana ho amoa modumo o moholo.,WHO,general-patient-education-v1,,reviewed,
3865,Appointments and Follow-Up,I want to ask about the adherence club at this clinic.,Ke rata ho botsa ka sehlopha sa ho mamella klinikeng ena.,WHO,appointments-followup-v1,,reviewed,
2604,Medication Instructions,"Inform your doctor if you are planning surgery, as you may need to stop some medicines.","Tsebisa ngaka ea hau haeba u rerela opereishene, hobane o ka hloka ho emisa meriana e meng.",WHO,medication-instructions-v1,,reviewed,
1739,Tuberculosis,The M72 candidate vaccine showed promising results in a Phase 2b clinical trial.,Ente ea M72 e bontšitse liphetho tse tšepehang tlhahlobong ea kliniki ea Phase 2b.,WHO,tb-m72-vaccine,,reviewed,
1197,Tuberculosis,The global TB treatment success rate for drug-sensitive TB is approximately 88%.,Khato ea katleho ea phekolo ea TB ea lefatše lohle bakeng sa TB e amehang ke meriana e ka bang 88%.,WHO,tb-global-treatment-success,,reviewed,
621,HIV,"HIV programme data should be disaggregated by age, sex, and population group.","Data ea lenaneo la HIV e lokela ho aroloa ka lilemo, bong, le sehlopha sa sechaba.",UNAIDS,hiv-data-disaggregation,,reviewed,
1375,Tuberculosis,"I was told my TB was resistant to the normal tablets and I would need different, stronger medication.","Ke bolelletsoe hore lefuba (TB) la ka le hanana le lipilisi tse tloaelehileng, 'me ke tla hloka meriana e fapaneng e matla le ho feta.",clinical_fieldwork,patient-tb-dr-diagnosis,,reviewed,
2880,Symptoms and Complaints,I have a sharp pain in my right shoulder.,Ke na le mahloko a bohale hetleng ea ka ea le letona.,WHO,symptoms-complaints-v1,,reviewed,
1190,Tuberculosis,Motivational counselling can help patients overcome barriers to TB treatment adherence.,Keletso ea khothaletso e ka thusa bakuli ho hlola meqoqo ea ho latela phekolo ea TB.,WHO,tb-motivational-counselling,,reviewed,
329,HIV,Cryptococcal antigen testing should be done in people with CD4 counts below 100.,Thibelo ya cryptococcal antigen e tshwanetse e etswe ho batho ba ba leng CD4 counts tse kae ka tlase ga 100.,WHO,oi-cryptococcal-screening,,raw,
649,HIV,Adherence to ART must be above 95 percent to maintain viral suppression.,Ho latela ART ho lokela ho feta pesente ea 95 ho boloka ho laoloa ha vaerase.,WHO,art-adherence-threshold,,reviewed,
898,HIV,Fatigue is one of the most commonly reported symptoms in people living with HIV.,Ho lapala ke e 'ngoe ea matšoao a buelioang ka mehla ka ho fetisisa ho batho ba phelang le HIV.,NIH_HIVinfo,hiv-fatigue,,reviewed,
3883,Appointments and Follow-Up,I missed my appointment because of bad weather.,Ke lahlehetsoe ke appointment ea ka ka lebaka la boemo bo bobe ba leholimo.,WHO,appointments-followup-v1,,reviewed,
1124,Tuberculosis,"Immunosuppressive therapy, including corticosteroids and TNF-alpha inhibitors, increases TB risk.","Phekolo ea ho laola tšireletso ea 'mele, ho kenyelletsa li-corticosteroid le li-inhibitor tsa TNF-alpha, e eketsa kotsi ea TB.",NIH,tb-immunosuppression-risk,,reviewed,
1892,Medication Instructions,"Take one tablet daily, starting on the first day of treatment.","Nka pilisi e le ngoe letsatsi le leng le le leng, u qale letsatsing la pele la phekolo.",WHO,medication-instructions-v1,,reviewed,
4644,General Patient Education,Chronic diseases can be managed effectively with the right treatment.,Mahlwetse a tsoelang pele a ka laoloa ka nepo ka phekolo e nepahetseng.,WHO,general-patient-education-v1,,reviewed,
4792,General Patient Education,Your health journey is a partnership between you and your healthcare provider.,Leeto la bophelo ba hao ke kopano lipakeng tsa uena le mofani oa hao oa tlhokomelo ea bophelo bo botle.,WHO,general-patient-education-v1,,reviewed,
4530,General Patient Education,Avoid frying food and choose grilling or steaming instead.,Hana ho frae lijo mme u khethe ho grilla kapa ho phehla ka moea.,WHO,general-patient-education-v1,,reviewed,
4235,Maternal and Child Health,My child has a developmental delay and needs assessment.,Ngoana oa ka o na le ho lieha ha kholo mme o hloka tlhahlobo.,WHO,maternal-child-health-v1,,reviewed,
1594,Tuberculosis,Silicosis from mining dramatically increases the risk of developing tuberculosis.,Silicosis e tsoang merafong e eketsa haholo kotsi ea ho ba le tuberculosis.,WHO,tb-silicosis,,reviewed,
3313,Symptoms and Complaints,I have pain behind my left eye.,Ke na le mahloko morao ho leihlo la ka la molema.,WHO,symptoms-complaints-v1,,reviewed,
2548,Medication Instructions,Give the medicine to the child using a medicine cup for school-age children.,Fana ka moriana ho ngoana ka ho sebelisa mohope oa moriana bakeng sa bana ba lilemo tsa sekolo.,WHO,medication-instructions-v1,,reviewed,
1546,Tuberculosis,Pregnant women with TB can be safely treated; discuss the safest regimen with your doctor.,Basali ba mitsi ba nang le TB ba ka phekoluoa ka polokeho; buisana le ngaka ea hau ka leano le bolokehileng ka ho fetisisa.,WHO,tb-pregnancy,,reviewed,
4337,Maternal and Child Health,I would like to have my contraceptive implant removed.,Ke rata ho ntšoa implant ea thibelo ea ho mitsa ea ka.,WHO,maternal-child-health-v1,,reviewed,
1024,Tuberculosis,TB bacteria can remain suspended in the air for several hours in poorly ventilated spaces.,Bakteria ea TB e ka lula e phaphame moeeng ka maho a mang libakeng tse se nang moea o lekaneng.,CDC,tb-airborne,,reviewed,
1972,Medication Instructions,Apply the lotion to the scalp and leave for ten minutes before rinsing.,Sebelisa lotion hloohong mme u e siee ka metsotso e leshome pele ho hlatsoa.,WHO,medication-instructions-v1,,reviewed,
4989,General Patient Education,Children require different medication doses based on their weight and age.,Bana ba hloka li-dose tse fapaneng tsa moriana ho latela boima le lilomo tsa bona.,WHO,general-patient-education-v1,,reviewed,
1715,Tuberculosis,Artificial intelligence tools are being developed to read chest X-rays for TB screening.,Lisebelisoa tsa kelello ea maiketsetso li ntšoa ho bala li-X-ray tsa sefuba bakeng sa ho hlahlobeloa ha TB.,WHO,tb-ai-xray,,reviewed,
1718,Tuberculosis,Kidney disease can affect how TB drugs are processed and may require dose adjustments.,Bolwetse ba lipitso bo ka angoa hore na meriana ea TB e sebetsoa joang mme bo ka hloka ho fetola li-dose.,WHO,tb-renal-disease,,reviewed,
1478,Tuberculosis,Nutritional support programmes for TB patients improve treatment completion rates.,Mananeo a tshehetso ea phepo bakeng sa bakuli ba TB a ntlafatsa likhato tsa ho phetela phekolo.,WHO,tb-nutrition-programme-outcomes,,reviewed,
810,HIV,I have sores around my mouth and I think it is related to my HIV.,Ke na le matšoao a ho ruruha haufi le molomo oa ka mme ke nahana hore a amana le HIV ea ka.,clinical_fieldwork,patient-oi-oral,,reviewed,
2851,Symptoms and Complaints,I have pain in my muscles after any activity.,Ke na le mahloko mochineng oa ka ka mor'a mosebetsi ofe kafe.,WHO,symptoms-complaints-v1,,reviewed,
979,HIV,Cryptococcal meningitis is a life-threatening fungal infection common in people with advanced HIV disease.,Meningitis ea cryptococcal ke tšoaetso ea fungal e kotsi ea bophelo e atileng ho batho ba nang le bolwetse ba HIV bo tsoelang pele.,WHO,hiv-cryptococcal,,reviewed,
4688,General Patient Education,Do not be ashamed to seek help for mental health problems.,O se ke oa hlajoa ke maswabi ho batla thuso bakeng sa mathata a bophelo ba kelello.,WHO,general-patient-education-v1,,reviewed,
4896,General Patient Education,Set realistic goals and celebrate small achievements.,Beha maano a khonehang mme u keteke liphetho tse nyenyane.,WHO,general-patient-education-v1,,reviewed,
1685,Tuberculosis,"TB is not spread through blood, sexual contact, or insect bites.","TB ha e phatlalatsoe ka mali, kopano ea thobalano, kapa ho lometsooa ke likhokahane.",CDC,tb-transmission-myths,,reviewed,
4661,General Patient Education,Reduce your salt intake to help lower your blood pressure.,Fokotsa ho nka letsoai ho thusa ho fokotsa khatello ea mali ea hao.,WHO,general-patient-education-v1,,reviewed,
1515,Tuberculosis,Fatigue and general weakness are common early symptoms of tuberculosis.,Ho lapala le ho fokotsehela ka kakaretso ke matšoao a pele a tloaelehileng a tuberculosis.,CDC,tb-early-symptoms,,reviewed,
2405,Medication Instructions,Do not take a missed dose if it is almost time for your next scheduled dose.,U se ke ua nka dose e lahlehileng haeba e se e le haufinyane le nako ea dose ea hau e latelang e reretseng.,WHO,medication-instructions-v1,,reviewed,
2022,Medication Instructions,Apply the zinc oxide cream to the nappy area at each change.,Sebelisa cream ea zinc oxide sebakeng sa nappy ha ho fetoloa le leng le le leng.,WHO,medication-instructions-v1,,reviewed,
4554,General Patient Education,Avoid eating late at night to support healthy digestion.,Hana ho ja bosiu bo le bebe ho tshehetsa ho phehla ha lijo hantle.,WHO,general-patient-education-v1,,reviewed,
1768,Tuberculosis,Primary TB infection occurs when a person is first exposed to Mycobacterium tuberculosis.,Tšoaetso ea pele ea TB e etsahala ha motho a hlahisoa Mycobacterium tuberculosis lekhetlo la pele.,CDC,tb-primary-infection,,reviewed,
175,HIV,My HIV medicine makes me feel dizzy in the morning.,Meriana ea ka ea HIV e nts'ebisa ditaemane hoseng.,clinical_fieldwork,patient-art-side-effects,,reviewed,
1555,Tuberculosis,Delamanid is another newer drug used in the treatment of drug-resistant TB.,Delamanid ke moriana o mocha o mong o sebelisoa ho phekola TB e khakanyeng meriana.,WHO,tb-delamanid,,reviewed,
4216,Maternal and Child Health,My child has been having difficulty breathing.,Ngoana oa ka o ntse a na le bothata ba ho hema.,WHO,maternal-child-health-v1,,reviewed,
1483,Tuberculosis,Psychosocial support improves mental health outcomes and treatment adherence in TB patients.,Tshehetso ea psychosocial e ntlafatsa liphetho tsa bophelo ba kelello le ho latela phekolo ho bakuli ba TB.,WHO,tb-psychosocial-support,,reviewed,
4462,General Patient Education,Wash your hands before eating and after using the toilet.,Hlatsoa matsoho a hao pele ho ja le ka mor'a ho sebelisa ntlo ea thokomelo.,WHO,general-patient-education-v1,,reviewed,
218,HIV,HIV antibody tests detect antibodies produced by the body in response to HIV infection.,Liteko tsa antibody ea HIV li fumana li-antibody tse hlahisoang ke 'mele ho arabela tšoaetso ea HIV.,NIH_HIVinfo,hiv-testing-types,,reviewed,
3915,Appointments and Follow-Up,I would like a written copy of all my upcoming appointments.,Ke rata kopi e ngotsoeng ea li-appointment tsohle tsa ka tse tlang.,WHO,appointments-followup-v1,,reviewed,
3721,Appointments and Follow-Up,The nurse asked if I have anyone at home to support me.,Mooki o botšitse haeba ke na le motho lapeng ho ntshehetsa.,WHO,appointments-followup-v1,,reviewed,
691,HIV,HIV-positive mothers should be supported to disclose their status to their partners.,Bomme ba nang le HIV ba lokela ho tsheheltsoa ho senola boemo ba bona ho balekane ba bona.,UNFPA,pmtct-partner-disclosure,,reviewed,
2578,Medication Instructions,Give the medicine to the child with a small amount of non-dairy milk if needed.,Fana ka moriana ho ngoana le lebese le se nang lebese la likhomo le lenyenyane haeba ho hlokeha.,WHO,medication-instructions-v1,,reviewed,
2234,Medication Instructions,This medicine may cause increased sensitivity to sunlight on the skin.,Moriana ona o ka baka ho amehela haholo ha letlalo leseding la letsatsi.,WHO,medication-instructions-v1,,reviewed,
2239,Medication Instructions,Contact your doctor if you develop a persistent cough with blood.,Ikopanye le ngaka ea hau haeba u ba le ho kohoa ho tsoelang pele le mali.,WHO,medication-instructions-v1,,reviewed,
1107,Tuberculosis,School-based TB screening can identify children with undiagnosed TB and latent infection.,Ho hlahlobeloa ha TB ho thehiloeng sekolong ho ka tseba bana ba nang le TB e sa fumanoe le tšoaetso e patileng.,UNICEF,tb-school-screening,,reviewed,
1790,Tuberculosis,TB lymphadenitis presents as painless swollen lymph nodes that may discharge pus.,TB lymphadenitis e bontšoa e le li-lymph node tse ruruhetse tse sa bohlokong tse ka ntšang botlolo.,WHO,tb-patch-final,,reviewed,
3189,Symptoms and Complaints,I have been having severe headaches every day.,Ke ntse ke na le mahloko a matla a hlooho letsatsi le leng le le leng.,WHO,symptoms-complaints-v1,,reviewed,
2437,Medication Instructions,"Take the missed dose as soon as possible, then resume your normal schedule.","Nka dose e lahlehileng kamoo ho khonehang ka potlako, ebe u khutlele lenaneo la hau la kamehla.",WHO,medication-instructions-v1,,reviewed,
612,HIV,Stigma and fear of disclosure are significant barriers to ART adherence.,Kekello le tšabo ea ho senola ke meqoqo e bohlokoa ea ho latela ART.,WHO,hiv-adherence-stigma,,reviewed,
3661,Appointments and Follow-Up,The nurse counselled me about my treatment at the appointment.,Mooki o nkeletse ka phekolo ea ka appointment.,WHO,appointments-followup-v1,,reviewed,
3712,Appointments and Follow-Up,The doctor said I need to have a repeat blood test in one month.,Ngaka e itse ke hloka ho ba le tlhahlobo ea mali e phindoang khoeling e le ngoe.,WHO,appointments-followup-v1,,reviewed,
577,HIV,Ask about community support services that can help you manage your HIV.,Botsa ka mesebetsi ya thuso ya setšhaba e ka o thusang ho qoba HIV ya hao.,CDC_HIVNexus,hiv-clinic-referral,,raw,
2064,Medication Instructions,Keep the oral solution refrigerated and shake well before use.,Boloka setšoelo sa molomo friji mme u nyenyetse hantle pele ho sebelisa.,WHO,medication-instructions-v1,,reviewed,
4436,General Patient Education,Regular blood sugar checks help manage and prevent diabetes.,Ho lekola tsoekere ea mali ka mehla ho thusa ho laola le ho thibela tsoekere.,WHO,general-patient-education-v1,,reviewed,
1181,Tuberculosis,Poor adherence to TB treatment is the main cause of treatment failure and drug resistance.,Ho latela TB ho fokolang ke lebaka le leholo la ho hloleha ha phekolo le khakanyo ea meriana.,WHO,tb-adherence-importance,,reviewed,
889,HIV,Hormone replacement therapy for menopause is generally safe for HIV-positive women on ART.,Phekolo ea ho nka sebaka sa li-hormone bakeng sa menopause ka kakaretso e bolokehile bakeng sa basali ba nang le HIV ba holim'a ART.,NIH_HIVinfo,hiv-hrt,,reviewed,
3129,Symptoms and Complaints,I have been having episodes of severe stomach cramps.,Ke ntse ke na le linako tsa ho tšoaroa ha mala ho matla.,WHO,symptoms-complaints-v1,,reviewed,
1733,Tuberculosis,"Patients have the right to refuse treatment, but the consequences should be clearly explained.","Bakuli ba na le tokelo ea ho hana phekolo, empa litlamorao li lokela ho hlalossoa ka boqaqo.",WHO,tb-treatment-refusal,,reviewed,
2664,Medication Instructions,Inform your doctor if you are having difficulty with the route of administration.,Tsebisa ngaka ea hau haeba u na le bothata ba tsela ea ho fana ka moriana.,WHO,medication-instructions-v1,,reviewed,
818,HIV,It is very important that you take your HIV medicine every day without missing a dose.,Ho bohlokoa haholo hore u nke meriana ea HIV ea hau letsatsi le leng le le leng ntle le ho lahleheloa ke dose.,clinical_fieldwork,clinician-patient-communication,,reviewed,
3278,Symptoms and Complaints,I have difficulty with my perception and misjudge distances.,Ke na le bothata ba ho utloisisa mme ke fosa ho lekola likhato.,WHO,symptoms-complaints-v1,,reviewed,
1860,Medication Instructions,"Take one capsule twice a day, morning and evening, with food.","Nka capsule e le ngoe habeli ka letsatsi, hoseng le mantsiboa, le lijo.",WHO,medication-instructions-v1,,reviewed,
209,HIV,PEP is not a substitute for regular HIV prevention methods.,PEP hase sebaka sa mekhoa ea kamehla ea ho thibela HIV.,CDC_HIVNexus,hiv-pep,,reviewed,
294,HIV,Palliative care improves the quality of life for people with advanced HIV disease.,Tshireletso ya bolokolohi e etsa hore bophelo ba batho ba nang le HIV efe e le boima e le betere.,WHO,hiv-palliative-care,,raw,
1120,Tuberculosis,Diabetes mellitus triples the risk of developing active TB disease.,Tsoekere e katisa kotsi ea ho ba le bolwetse ba TB bo sebetsang ka makhetlo a mararo.,WHO,tb-diabetes-risk,,reviewed,
2214,Medication Instructions,This medicine may cause increased heart rate; inform your doctor if it is persistent.,Moriana ona o ka baka ho eketseha ha lebelo la pelo; tsebisa ngaka ea hau haeba ho tsoela pele.,WHO,medication-instructions-v1,,reviewed,
1610,Tuberculosis,The WHO End TB Strategy aims to reduce TB deaths by 95 percent by 2035.,Leano la WHO la ho Felisa TB le ikemiseditse ho fokotsa lifu tsa TB ka pesente ea 95 ka 2035.,WHO,tb-end-tb-strategy,,reviewed,
1265,Tuberculosis,Integration of TB and HIV services improves access and outcomes for patients with both conditions.,Kopanyo ea litšebeletso tsa TB le HIV e ntlafatsa phihlello le liphetho bakeng sa bakuli ba nang le maemo ana ka bobeli.,WHO,tb-hiv-integration,,reviewed,
991,HIV,Transgender women have a disproportionately high burden of HIV globally.,Basali ba fetohileng bong ba rwala morwalo o phahameng ka ho sa lekanang oa HIV lefatšeng lohle.,UNAIDS,hiv-transgender,,reviewed,
4198,Maternal and Child Health,My child has been diagnosed with anaemia.,Mwana wa ka o ile a tiegetswe o na anaemia.,WHO,maternal-child-health-v1,,raw,
1617,Tuberculosis,Universal health coverage is fundamental to ending tuberculosis.,Koahelo ea bophelo bo botle ea bohle ke motheo oa ho felisa tuberculosis.,WHO,tb-uhc,,reviewed,
354,HIV,Dolutegravir dose adjustment may be needed when taken with rifampicin.,Dolutegravir e ka hloka ho lokiswa ha dose ya yona ya tšireletso e etelletseng rifampicin.,WHO,hiv-tb-drug-interactions,,raw,
4558,General Patient Education,Prepare meals at home to control the ingredients and portions.,Lokisa lijo lapeng ho laola lintho tse sebelisoang le likarolo.,WHO,general-patient-education-v1,,reviewed,
2023,Medication Instructions,Administer the injection only after checking the solution for particles.,Fana ka ente feela ka mor'a ho hlahloba setšoelo bakeng sa likaroloana.,WHO,medication-instructions-v1,,reviewed,
3691,Appointments and Follow-Up,The nurse reminded me of the importance of keeping appointments.,Mooki o nkhumamisitse bohlokoa ba ho boloka li-appointment.,WHO,appointments-followup-v1,,reviewed,
2556,Medication Instructions,Give the medicine to the child using a medicine dropper for newborns.,Fana ka moriana ho ngoana ka ho sebelisa medicine dropper bakeng sa bana ba sa tsoa tsoaloa.,WHO,medication-instructions-v1,,reviewed,
3049,Symptoms and Complaints,I have difficulty breathing and feel very hot.,Ke na le bothata ba ho hema mme ke ikutloa ke chesa haholo.,WHO,symptoms-complaints-v1,,reviewed,
1229,Tuberculosis,Rifampicin reduces warfarin levels; anticoagulation should be monitored carefully.,Rifampicin e fokotsa maemo a warfarin maling; ho thibela ho hoama ha mali ho lokela ho behiloe leihlo ka hloko.,NIH,tb-rifampicin-warfarin,,reviewed,
260,HIV,The third 95 target aims for 95 percent of people on ART to have a suppressed viral load.,Sepheo sa boraro sa 95 se ikemiseditse hore batho ba 95 pesente ba holim'a ART ba be le viral load e laolehileng.,UNAIDS,hiv-95-95-95,,reviewed,
1520,Tuberculosis,A sputum smear test is one of the most common ways to diagnose pulmonary tuberculosis.,Tlhahlobo ea ho hlakola mathe ke e 'ngoe ea mekhoa e atileng ka ho fetisisa ea ho fumana tuberculosis ea matšoafo.,WHO,tb-diagnosis,,reviewed,
1778,Tuberculosis,TB bacteria have a waxy cell wall that makes them resistant to many common antibiotics.,Bakteria ea TB e na le lebota la lisele le nang le lesela le e etsang hore e khahlanong le li-antibiotic tse ngata tse tloaelehileng.,CDC,tb-cell-wall,,reviewed,
4740,General Patient Education,You have the right to a clean and safe healthcare environment.,O na le tokelo ea sebaka sa tlhokomelo ea bophelo bo botle se hloekileng le se bolokehileng.,WHO,general-patient-education-v1,,reviewed,
1771,Tuberculosis,Immunosuppressive medications such as TNF inhibitors increase the risk of TB reactivation.,Meriana ea ho laola tšireletso ea 'mele joalo ka li-inhibitor tsa TNF e eketsa kotsi ea ho vuseletsa ha TB.,WHO,tb-immunosuppression,,reviewed,
4354,Maternal and Child Health,I would like to know the failure rate of different contraceptives.,Ke rata ho tseba sekhahla sa ho hloleha ha mekhoa e fapaneng ea thibelo ea ho mitsa.,WHO,maternal-child-health-v1,,reviewed,
53,HIV,A resistance test can show which HIV medicines will still work for you.,Tlhahlobo ea manganga a tšusumetso ea meriana (resistance test) e ka bontša hore na ke meriana efe ea HIV e tla tsoela pele ho u berekela.,CDC_HIVNexus,hiv-drug-resistance,,reviewed,
3474,Symptoms and Complaints,I have a feeling of pain in my renal capsule.,Ke na le maikutlo a mahloko renal capsuleng ea ka.,WHO,symptoms-complaints-v1,,reviewed,
4684,General Patient Education,Avoid activities that could be dangerous if you have a seizure.,Hana mesebetsi e ka bang kotsi haeba o na le ho thothomela.,WHO,general-patient-education-v1,,reviewed,
4412,General Patient Education,Always tell your doctor about all the medications you are taking.,Bolella ngaka ea hao kamehla ka meriana yohle eo o e nkang.,WHO,general-patient-education-v1,,reviewed,
2410,Medication Instructions,"If you miss a dose by only a few hours, take it immediately.","Haeba u lahlehetsoe ke dose ka maho a mang feela, e nke hang hang.",WHO,medication-instructions-v1,,reviewed,
2788,Symptoms and Complaints,I feel very ill and am getting worse.,Ke ikutloa ke kula haholo mme ke mpe.,WHO,symptoms-complaints-v1,,reviewed,
2345,Medication Instructions,This medicine may interact with nitrate drugs; inform your doctor.,Moriana ona o ka kopana le meriana ea nitrate; tsebisa ngaka ea hau.,WHO,medication-instructions-v1,,reviewed,
1034,Tuberculosis,"TB transmission is more likely in crowded settings such as prisons, mines, and informal settlements.","Phetisetso ea TB e atile haholo libakeng tse tletse batho joalo ka likotsofatso, merafo, le metse e sa reriloeng.",UNAIDS,tb-crowded-settings,,reviewed,
1098,Tuberculosis,The X-ray showed shadows on my lungs and the doctor explained what that meant.,X-ray e bontšitse mehloli matšoafong a ka mme ngaka e hlalosa hore na seo se bolela eng.,clinical_fieldwork,patient-tb-xray-explanation,,reviewed,
544,HIV,Anal cancer risk is significantly elevated in people living with HIV.,Kaneto ya kankere ya thokwa e fetohile haholo kwa batho ba a tsamayang le HIV.,CDC_HIVNexus,hiv-anal-cancer,,raw,
1047,Tuberculosis,TB symptoms can be mild at first and worsen gradually over weeks or months.,Matšoao a TB a ka ba bonolo qalong mme a mpe butle butle ka libeke kapa likhoeli.,CDC,tb-symptom-progression,,reviewed,
1895,Medication Instructions,Take one tablet every four hours while awake.,Nka pilisi e le ngoe ka maho a mane ha u tsohetse.,WHO,medication-instructions-v1,,reviewed,
4377,Maternal and Child Health,I was told that men should also be involved in family planning decisions.,Ke boletsoe hore le banna ba lokela ho kenyeletsoa liqetong tsa ho rererela lelapa.,WHO,maternal-child-health-v1,,reviewed,
31,HIV,Blood tests for HIV monitoring are usually done every three to six months.,Tlhahlobo ea madi ea ho beha leihlo lebelo la HIV (HIV monitoring) hangata e etsoa kamora likhoeli tse ling le tse ling tse tharo ho isa ho tse tšeletseng.,WHO,hiv-monitoring,,reviewed,
726,HIV,Harm reduction services for people who inject drugs include needle exchange and opioid substitution.,Litshebeletso tsa ho fokotsa kotsi bakeng sa batho ba kenyang meriana ka mesipi li kenyelletsa phapano ea mesipi le ho nka sebaka sa opioid.,WHO,hiv-harm-reduction,,reviewed,
4962,General Patient Education,Social isolation increases the risk of depression in older adults.,Ho arohanngoa sechababeng ho eketsa kotsi ea khutsanyetso ho batho ba baholo.,WHO,general-patient-education-v1,,reviewed,
4719,General Patient Education,Eye conditions such as glaucoma and cataracts can cause vision loss.,Maemo a mahlo joalo ka glaucoma le cataracts a ka baka ho lahleheloa ke pono.,WHO,general-patient-education-v1,,reviewed,
3904,Appointments and Follow-Up,I understand the importance of keeping my appointments.,Ke utloisisa bohlokoa ba ho boloka li-appointment tsa ka.,WHO,appointments-followup-v1,,reviewed,
1427,Tuberculosis,Continuity of TB treatment for prisoners upon release is essential to prevent treatment interruption.,Ho tsoela pele ha phekolo ea TB bakeng sa bakotsofatsi ha ba lokolloa ho bohlokoa ho thibela ho emisa phekolo.,WHO,tb-prisons-release,,reviewed,
2498,Medication Instructions,Give the medicine with water unless the instructions say otherwise.,Fana ka moriana le metsi ntle le haeba litaelo li re ngoana.,WHO,medication-instructions-v1,,reviewed,
437,HIV,HIV services for transgender people should be integrated with gender-affirming care.,Litshebeletso tsa HIV bakeng sa batho ba fetohang bong li lokela ho kopanyoa le tlhokomelo e netefatsang bong.,WHO,hiv-transgender-services,,reviewed,
2471,Medication Instructions,Do not take a double dose of an antiemetic if you miss one.,U se ke ua nka dose e habeli ea antiemetic haeba u lahlehetsoe ke e le ngoe.,WHO,medication-instructions-v1,,reviewed,
913,HIV,Sick leave and flexible working arrangements support HIV-positive employees.,Likhoeli tsa ho hana mosebetsi ka lebaka la bolwetse le litokisetso tsa mosebetsi tse khonehang li tshehetsa basebetsi ba nang le HIV.,ILO,hiv-workplace-flexibility,,reviewed,
4223,Maternal and Child Health,My child has a skin rash all over the body.,Ngoana oa ka o na le ho ruruha ha letlalo 'meleng oa hae ka bophara.,WHO,maternal-child-health-v1,,reviewed,
4353,Maternal and Child Health,I was told sterilisation is a permanent procedure.,Ke boletsoe hore ho emisa ho ba le bana ke ts'ebetso ea ho sa khutleng.,WHO,maternal-child-health-v1,,reviewed,
4513,General Patient Education,Support family members and friends who are living with illness.,Tshehetsa maloko a lelapa le metsoalle ba phelang le bolwetse.,WHO,general-patient-education-v1,,reviewed,
4444,General Patient Education,Support from family and friends is important for recovery.,Tshehetso ho tsoa lelapeng le baratwi bo bohlokoa bakeng sa ho fola.,WHO,general-patient-education-v1,,reviewed,
2288,Medication Instructions,Inform your doctor of all medicines you are taking before starting this treatment.,Tsebisa ngaka ea hau meriana yohle eo u e nkang pele ho qala phekolo ena.,WHO,medication-instructions-v1,,reviewed,
4598,General Patient Education,"Cycling, swimming, and dancing are all good forms of exercise.","Ho palama baesekele, ho nea le ho bina ke mekhoa e ntle ea ho itlama.",WHO,general-patient-education-v1,,reviewed,
1239,Tuberculosis,Weight should be monitored monthly during TB treatment; weight gain is a sign of treatment response.,Boima ba ’mele bo lokela ho behoa leihlo khoeli le khoeli nakong ea kalafo ea TB; ho nona ke pontšo ea karabelo kalafong.,WHO,tb-weight-monitoring,,reviewed,
904,HIV,The UNAIDS 95-95-95 targets aim to end AIDS as a public health threat by 2030.,Lipheo tsa UNAIDS tsa 95-95-95 li ikemiseditse ho felisa AIDS e le kotsi ea bophelo bo botle ba sechaba ka 2030.,UNAIDS,hiv-95-95-95,,reviewed,
3621,Appointments and Follow-Up,I have come for my counselling appointment.,Ke tlile bakeng sa appointment ea keletso ea ka.,WHO,appointments-followup-v1,,reviewed,
3232,Symptoms and Complaints,I have weakness in my eyelids and they keep drooping.,Ke na le ho fokotsehela lifahleho tsa mahlo mme li ntse li theohela.,WHO,symptoms-complaints-v1,,reviewed,
2860,Symptoms and Complaints,I have a cramping pain in my abdomen.,Ke na le mahloko a ho tšoaroa mpeng ea ka.,WHO,symptoms-complaints-v1,,reviewed,
508,HIV,HIV awareness campaigns should use culturally appropriate messages.,Kemphafana tsa HIV e swanetše e sebediśwe ka melaetšo e dulweng ka setšo.,WHO,hiv-communication,,raw,
3222,Symptoms and Complaints,I have difficulty with my coordination and keep dropping things.,Ke na le bothata ba ho hokela mme ke ntse ke lahla lintho.,WHO,symptoms-complaints-v1,,reviewed,
184,HIV,AIDS is the most advanced stage of HIV infection.,AIDS ke mohato o tsoetseng pele haholo oa tšoaetso ea HIV.,WHO,hiv-basics,,reviewed,
1565,Tuberculosis,Opening windows and doors allows fresh air to dilute infectious TB particles.,Ho bula lifensetere le menyako ho lumella moea o hloekileng ho fokotsa likaroloana tse fetisoang tsa TB.,CDC,tb-airflow,,reviewed,
2705,Symptoms and Complaints,I feel dizzy when I stand up quickly.,Ke ikutloa ke potoloha ha ke ema ka potlako.,WHO,symptoms-complaints-v1,,reviewed,
322,HIV,Antenatal care visits are an opportunity to screen and support HIV-positive mothers.,Ditlhokomelo tsa ka pele ga ngwana ke tshehetso e ntle ya go fumana le go thusa ba bang ba HIV.,WHO,pmtct-anc,,raw,
3564,Appointments and Follow-Up,I need to know if there is a cancellation I can take.,Ke hloka ho tseba haeba ho na le ho hlakola appointment eo nka e nkang.,WHO,appointments-followup-v1,,reviewed,
1539,Tuberculosis,Ethambutol can affect vision; report any changes in eyesight to your doctor immediately.,Ethambutol e ka angoa pono; tsebisa ngaka ea hau liphetoho life kapa life tsa pono hang hang.,NHS,tb-ethambutol-side-effects,,reviewed,
1838,Medication Instructions,Take one capsule every twelve hours with food.,Nka capsule e le ngoe ka maho a leshome le metso e meli le metso e meli le lijo.,WHO,medication-instructions-v1,,reviewed,
2381,Medication Instructions,This medicine may interact with phosphodiesterase inhibitor drugs; inform your doctor.,Moriana ona o ka kopana le meriana ea phosphodiesterase inhibitor; tsebisa ngaka ea hau.,WHO,medication-instructions-v1,,reviewed,
1913,Medication Instructions,"Take one tablet daily for the first week, then twice daily thereafter.","Nka pilisi e le ngoe letsatsi le leng le le leng bekeng ea pele, ebe o nka habeli ka letsatsi ka mor'a moo.",WHO,medication-instructions-v1,,reviewed,
1841,Medication Instructions,Take one tablet at noon and one at bedtime.,Nka pilisi e le ngoe motsheare le e le ngoe nako ea ho robala.,WHO,medication-instructions-v1,,reviewed,
2116,Medication Instructions,Keep the medication in a secure location to prevent accidental ingestion.,Boloka moriana sebakeng se bolokehileng ho thibela ho metsooa ka phoso.,WHO,medication-instructions-v1,,reviewed,
4438,General Patient Education,Cancer screening saves lives through early detection.,Ho hlahloba kankere ho boloka bophelo ka ho fumana kapele.,WHO,general-patient-education-v1,,reviewed,
1147,Tuberculosis,Stopping TB treatment early can lead to treatment failure and drug resistance.,Ho emisa phekolo ea TB kapele ho ka lebisa ho hloleha ha phekolo le khakanyo ea meriana.,WHO,tb-treatment-adherence,,reviewed,
2487,Medication Instructions,Shake the suspension well before measuring the dose for your child.,Nyenyetsa suspension hantle pele ho lekola dose bakeng sa ngoana oa hau.,WHO,medication-instructions-v1,,reviewed,
45,HIV,Most side effects of ART improve after the first few weeks of treatment.,Liphello tse ngata tsa lehlakore tsa ART lia ntlafala ka mor'a libeke tse seng kae tsa pele tsa phekolo.,NIH_HIVinfo,art-side-effects,,reviewed,
2155,Medication Instructions,Contact your doctor if you notice unusual bruising or bleeding.,Ikopanye le ngaka ea hau haeba u hona ho phahama ha mali kapa ho tsoa mali ho sa tloaelehang.,WHO,medication-instructions-v1,,reviewed,
1527,Tuberculosis,Early diagnosis of tuberculosis is essential to prevent spread to others.,Ho fumana tuberculosis kapele ho bohlokoa ho thibela ho phatlalala ho ba bang.,WHO,tb-early-diagnosis,,reviewed,
4856,General Patient Education,Seek help if you are experiencing violence in your relationship.,Batla thuso haeba o ikutloa tlhekefetso kamanong ea hao.,WHO,general-patient-education-v1,,reviewed,
1379,Tuberculosis,"I lost my hearing in one ear from the TB injections, and that has been very difficult to accept.","Ke ile ka lahleheloa ke kutlo tsebeng e le 'ngoe ka baka la liente tsa lefuba (TB), 'me ho bile thata haholo ho amohela seo.",clinical_fieldwork,patient-tb-hearing-loss,,reviewed,
1766,Tuberculosis,You are not alone — healthcare workers and community supporters are here to help you.,Ha u mong — basebetsi ba bophelo bo botle le batshehetsi ba sechaba ba le mona ho u thusa.,DOH_SA,tb-support-message,,reviewed,
3013,Symptoms and Complaints,I have difficulty breathing and feel very anxious.,Ke na le bothata ba ho hema mme ke ikutloa ke tšohile haholo.,WHO,symptoms-complaints-v1,,reviewed,
414,HIV,HIV programme data should be used to improve the quality of care.,Data ea lenaneo la HIV e lokela ho sebelisoa ho ntlafatsa boleng ba tlhokomelo.,WHO,hiv-data-use,,reviewed,
4285,Maternal and Child Health,I was told to stimulate my baby with play and talking.,Ke boletsoe ho khothaletsa ngoana oa ka ka ho bapala le ho bua.,WHO,maternal-child-health-v1,,reviewed,
1408,Tuberculosis,The risk of LTBI progressing to active TB is highest in the first two years after infection.,Kotsi ea LTBI ea ho tsoela pele ho TB e sebetsang e phahame ka ho fetisisa lilemo tse peli tsa pele ka mor'a tšoaetso.,CDC,tb-ltbi-early-risk,,reviewed,
1659,Tuberculosis,Robert Koch discovered the bacterium that causes tuberculosis in 1882.,Robert Koch o fumane bakteria e bakoang ke tuberculosis ka 1882.,WHO,tb-history,,reviewed,
802,HIV,I have been on HIV treatment for one year and I feel completely normal.,Ke holim'a phekolo ea HIV ka selemo se le seng mme ke ikutloa ke le molapo ka botlalo.,clinical_fieldwork,patient-hiv-treatment-response,,reviewed,
1289,Tuberculosis,Moxifloxacin can cause QT prolongation and should be used with caution with other QT-prolonging drugs.,Moxifloxacin e ka baka ho lelefala ha nako ea QT ’me e lokela ho sebelisoa ka hloko hammoho le meriana e meng e lelefatsang QT.,NIH,tb-moxifloxacin-qt,,reviewed,
2183,Medication Instructions,Contact your doctor if you notice changes in your heart rate.,Ikopanye le ngaka ea hau haeba u hona liphetoho tsa lebelo la pelo ea hau.,WHO,medication-instructions-v1,,reviewed,
2589,Medication Instructions,"Do not share your medicine with others, even if they have the same symptoms.","U se ke ua arolelana moriana oa hau le ba bang, le ha ba na le matšoao a tšoanang.",WHO,medication-instructions-v1,,reviewed,
2616,Medication Instructions,Inform your doctor if you are taking any over-the-counter medicines.,Tsebisa ngaka ea hau haeba u nka meriana efe kafe e rekisoang ntle le prescription.,WHO,medication-instructions-v1,,reviewed,
2319,Medication Instructions,This medicine may increase the risk of heart rhythm problems with other drugs.,Moriana ona o ka eketsa kotsi ea mathata a mokhoa oa ho otla ha pelo le meriana e meng.,WHO,medication-instructions-v1,,reviewed,
257,HIV,Sub-Saharan Africa carries the highest burden of HIV in the world.,Afrika e ka tlase ho Sahara e rwala morwalo o moholo ka ho fetisisa oa HIV lefatšeng.,UNAIDS,hiv-global-statistics,,reviewed,
4542,General Patient Education,Vitamin C helps your body absorb iron from plant-based foods.,Vitamin C e thusa 'mele oa hao ho nka tšepe ho tsoa lijong tse thehiloeng ho limela.,WHO,general-patient-education-v1,,reviewed,
1730,Tuberculosis,Employers cannot legally dismiss an employee solely because they have tuberculosis.,Bafani ba mosebetsi ha ba khone ho leleka mosebetsi ka molao ka lebaka la hore a na le tuberculosis feela.,DOH_SA,tb-employment-rights,,reviewed,
1152,Tuberculosis,Video-observed therapy (VOT) allows patients to take their TB medication while being observed via a smartphone.,Phekolo e shebilloeng ka video (VOT) e lumella bakuli ho nka meriana ea TB ha ba shebiloe ka smartphone.,WHO,tb-vot,,reviewed,
4145,Maternal and Child Health,I was told my postnatal check-up results are normal.,Ke neile tsebiso hore dithibelo tsa ka tsa motshegetsi wa ka morao di le teng.,WHO,maternal-child-health-v1,,raw,
648,HIV,"Treatment literacy helps patients understand HIV, ART, and the importance of adherence.","Ho tseba phekolo ho thusa bakuli ho utloisisa HIV, ART, le bohlokoa ba ho latela.",DOH_SA,art-treatment-literacy,,reviewed,
2909,Symptoms and Complaints,I have pain in my upper left abdomen.,Ke na le mahloko mpeng ea ka e holimo ea molema.,WHO,symptoms-complaints-v1,,reviewed,
1703,Tuberculosis,Second-line TB drugs are used when first-line drugs cannot be used due to resistance or side effects.,Meriana ea mola oa bobeli ea TB e sebelisoa ha meriana ea mola oa pele e ke ke ea sebelisoa ka lebaka la khakanyo kapa litlamorao.,WHO,tb-second-line,,reviewed,
1882,Medication Instructions,Take one tablet every morning and every evening.,Nka pilisi e le ngoe hoseng hoa hoseng le mantsiboa a mangata.,WHO,medication-instructions-v1,,reviewed,
3769,Appointments and Follow-Up,I was told that I can request a different healthcare provider.,Ke boletsoe hore nka kopa mofani o mocha oa tlhokomelo ea bophelo bo botle.,WHO,appointments-followup-v1,,reviewed,
1316,Tuberculosis,Unmasking TB-IRIS occurs when ART reveals previously subclinical TB disease.,Unmasking TB-IRIS e etsahala ha ART e senola lefu la TB le neng le sa bonahale pele ka matšoao.,NIH,tb-unmasking-iris,,reviewed,
2270,Medication Instructions,This medicine may cause increased production of enzymes in the liver.,Moriana ona o ka baka ho eketseha ha tlhahiso ea li-enzyme sebeteng.,WHO,medication-instructions-v1,,reviewed,
1967,Medication Instructions,Administer the intravenous infusion over sixty minutes.,Fana ka infusion ea madi ka hare ho metsotso e mashome a tšeletseng.,WHO,medication-instructions-v1,,reviewed,
2466,Medication Instructions,"If you miss a dose of a cough syrup, take it as soon as you remember.","Haeba u lahlehetsoe ke dose ea syrup ea ho kohoa, e nke hang hang ha u hopola.",WHO,medication-instructions-v1,,reviewed,
3856,Appointments and Follow-Up,I would like to know how to get a medical certificate.,Ke rata ho tseba ho fumana joang setifikeiti sa bongaka.,WHO,appointments-followup-v1,,reviewed,
1351,Tuberculosis,Healthcare workers should be trained in TB infection control procedures.,Basebetsi ba tlhokomelo ea bophelo bo botle ba lokela ho koetlisetsoa mekhoa ea taolo ea tšoaetso ea TB.,WHO,tb-hcw-training,,reviewed,
3297,Symptoms and Complaints,I have blurred vision in my right eye.,Ke na le pono e fifetseng leihlong la ka la le letona.,WHO,symptoms-complaints-v1,,reviewed,
113,HIV,HIV-positive pregnant women must start ART immediately to protect their baby.,Basali ba bakhachane ba phelang le HIV ba lokela ho qala ART hang-hang ho sireletsa masea a bona.,WHO,pmtct-art,,reviewed,
3134,Symptoms and Complaints,I feel very sick and my abdomen is very painful.,Ke ikutloa ke kula haholo mme mpa ea ka e bohloko haholo.,WHO,symptoms-complaints-v1,,reviewed,
264,HIV,Community-led HIV responses are essential for reaching the most vulnerable populations.,Ts'ebetso ya setso e etelletswe pele ke setso ke ts'ebetso e lokileng bakeng sa ho fihlela batho ba baholo.,UNAIDS,hiv-community-response,,raw,
1394,Tuberculosis,Open access to TB research findings accelerates the translation of science into policy and practice.,Phihlello e bulehileng ea liphetho tsa lipatlisiso tsa lefuba (TB) e akofisa ho fetoleloa hoa saense ho ba melaoana le mekhoa ea ts'ebetso.,WHO,tb-open-access-research,,reviewed,
1879,Medication Instructions,"Take one tablet twice daily for the first month, then once daily thereafter.","Nka pilisi e le ngoe habeli ka letsatsi khoeling ea pele, ebe o nka ka nako e le ngoe letsatsi le leng le le leng ka mor'a moo.",WHO,medication-instructions-v1,,reviewed,
1187,Tuberculosis,Addressing poverty and food insecurity is essential for improving TB treatment outcomes.,Ho sebetsana le bofuma le ho hloka tšepo ea lijo ho bohlokoa ho ntlafatsa liphetho tsa phekolo ea TB.,WHO,tb-poverty-adherence,,reviewed,
3072,Symptoms and Complaints,I am coughing up mucus with a foul taste.,Ke kohoa mucus e nang le tatso e mobe.,WHO,symptoms-complaints-v1,,reviewed,
57,HIV,Third-line ART is reserved for people with resistance to multiple HIV medicines.,Phekolo ea boraro ea lithibela-mafofore (third-line ART) e bolokeloa batho ba nang le manganga khahlanong le meriana e mengata ea HIV (resistance to multiple HIV medicines).,WHO,hiv-drug-resistance,,reviewed,
1310,Tuberculosis,HIV-positive TB patients should start ART as soon as possible after beginning TB treatment.,Bakuli ba TB ba nang le HIV ba lokela ho qala ART kapele kamoo ho ka khonehang ka mor’a ho qala kalafo ea TB.,WHO,tb-hiv-art-timing,,reviewed,
696,HIV,Community health workers can trace mothers who miss PMTCT appointments.,Basebetsi ba bophelo bo botle ba sechaba ba ka batla bomme ba lahlehetseng meeto ea PMTCT.,WHO,pmtct-tracing,,reviewed,
2953,Symptoms and Complaints,I have pain in my right wrist that radiates to my fingers.,Ke na le mahloko liqhekelleng la ka la le letona a isisoang menwaneng ea ka.,WHO,symptoms-complaints-v1,,reviewed,
1727,Tuberculosis,TB pericarditis affects the sac surrounding the heart and requires prompt treatment.,TB pericarditis e angoa saka e potileng pelo mme e hloka phekolo ea potlako.,WHO,tb-pericarditis,,reviewed,
2092,Medication Instructions,"Keep the oral rehydration sachets in a cool, dry place.","Boloka li-sachet tsa ho busa metsi ka molomo sebakeng se batang, se omileng.",WHO,medication-instructions-v1,,reviewed,
3870,Appointments and Follow-Up,I would like to have my diagnosis explained in simple language.,Ke rata hore tlhahlobo ea ka e hlaloisoe ka puo e bonolo.,WHO,appointments-followup-v1,,reviewed,
320,HIV,Father involvement in PMTCT programmes improves outcomes for mothers and babies.,Tshenyeho ya abuti ka programme ya PMTCT e etsa hore ba bang le bana ba bone ba be le matshenyeho a ntle.,UNFPA,pmtct-male-involvement,,raw,
4321,Maternal and Child Health,I would like to start using a contraceptive method.,Ke rata ho qala ho sebelisa mokhoa oa thibelo ea ho mitsa.,WHO,maternal-child-health-v1,,reviewed,
683,HIV,Blood safety programmes ensure that all donated blood is tested for HIV before transfusion.,Mananeo a polokeho ea mali a netefatsa hore mali ohle a fanoeng a hlahlobeloa HIV pele ho fetisetsoang.,WHO,hiv-blood-safety,,reviewed,
3842,Appointments and Follow-Up,I would like to know about the hospice services available.,Ke rata ho tseba ka litšebeletso tsa hospice tse fumanehang.,WHO,appointments-followup-v1,,reviewed,
3214,Symptoms and Complaints,I have difficulty with my memory and cannot remember recent events.,Ke na le bothata ba ho hopola mme ha ke khone ho hopola liketsahalo tsa morao tjena.,WHO,symptoms-complaints-v1,,reviewed,
2003,Medication Instructions,Administer the subcutaneous injection into the fatty tissue of the upper arm.,Fana ka ente ea ka tlase ho letlalo ka hare ho lisele tsa mafura lephakeng le holimo.,WHO,medication-instructions-v1,,reviewed,
4783,General Patient Education,Non-governmental organisations provide additional health and social support.,Mekhatlo e sa laoloeng ke mmuso e fana ka tshehetso e eketsehileng ea bophelo le ea sechaba.,WHO,general-patient-education-v1,,reviewed,
4151,Maternal and Child Health,I was told to attend the child health clinic every month.,Ke neile tsebiso ya ho tla kwenye kantora ya bongaka ya ngwana tsena le tsena ka lethupa.,WHO,maternal-child-health-v1,,raw,
287,HIV,Adherence counselling supports people on ART to take their medicines correctly.,Tokiso ya kau ya ART e thusa batho ba ts'eo ho ja medichine ya bona ka tsela e nahanang.,WHO,hiv-adherence-counselling,,raw,
1889,Medication Instructions,"Take two tablets on the first day only, then one tablet daily.","Nka lipilisi tse peli letsatsing la pele feela, ebe o nka pilisi e le ngoe letsatsi le leng le le leng.",WHO,medication-instructions-v1,,reviewed,
2338,Medication Instructions,Do not take this medicine with antianxiety drugs without medical advice.,U se ke ua nka moriana ona le meriana ea antianxiety ntle le keletso ea ngaka.,WHO,medication-instructions-v1,,reviewed,
2521,Medication Instructions,Do not give the medicine to a child who is having a seizure without medical advice.,U se ke ua fana ka moriana ho ngoana ea nang le seizure ntle le keletso ea ngaka.,WHO,medication-instructions-v1,,reviewed,
2278,Medication Instructions,This medicine may cause increased production of white blood cells.,Moriana ona o ka baka ho eketseha ha tlhahiso ea lisele tsa mali tse tšoeu.,WHO,medication-instructions-v1,,reviewed,
2128,Medication Instructions,Keep the medication away from direct heat sources such as ovens and stoves.,Boloka moriana hole le mehloli ea mocheso oa kotloloho joalo ka li-oven le li-stove.,WHO,medication-instructions-v1,,reviewed,
3500,Symptoms and Complaints,I have noticed blood in my stool for the past three days.,Ke hona mali manyelong a ka matsatsing a mararo a fetileng.,WHO,symptoms-complaints-v1,,reviewed,
4212,Maternal and Child Health,My child was tested for HIV at the clinic.,Ngoana oa ka o hlahlojoe bakeng sa HIV klinikeng.,WHO,maternal-child-health-v1,,reviewed,
2084,Medication Instructions,Do not store the medication in the glove compartment of a car.,U se ke ua boloka moriana glove compartment ea koloi.,WHO,medication-instructions-v1,,reviewed,
737,HIV,Transactional sex increases HIV risk among young women in sub-Saharan Africa.,Thobalano ea khoebo e eketsa kotsi ea HIV ho basali ba bacha Afrika e ka tlase ho Sahara.,UNAIDS,hiv-transactional-sex,,reviewed,
4802,General Patient Education,Using a condom correctly every time you have sex prevents HIV and STIs.,Ho sebelisa condom ka nepo nako le nako ha o kopana ka thobalano ho thibela HIV le li-STI.,WHO,general-patient-education-v1,,reviewed,
337,HIV,Cytomegalovirus retinitis causes progressive vision loss and can lead to blindness.,Cytomegalovirus retinitis e qobella ho tsamaea ha bonna hape e ka kena tsebe.,CDC_HIVNexus,oi-cmv,,raw,
2597,Medication Instructions,Do not take more medicine than prescribed to make up for missed doses.,U se ke ua nka moriana o fetang o laetsoeng ho ntšetsa pele li-dose tse lahlehileng.,WHO,medication-instructions-v1,,reviewed,
2772,Symptoms and Complaints,I feel very unwell and my symptoms are getting worse.,Ke ikutloa ke sa phela hantle haholo mme matšoao a ka a mpe.,WHO,symptoms-complaints-v1,,reviewed,
3705,Appointments and Follow-Up,The nurse congratulated me on completing my treatment.,Mooki o nkelebitse ka ho phetela phekolo ea ka.,WHO,appointments-followup-v1,,reviewed,
4405,General Patient Education,You have the right to be involved in decisions about your treatment.,O na le tokelo ea ho kenyeletsoa liqetong ka phekolo ea hao.,WHO,general-patient-education-v1,,reviewed,
1072,Tuberculosis,IGRAs are preferred over TST in people who have received the BCG vaccine.,IGRAs li khahloa ho feta TST ho batho ba fumaneng ente ea BCG.,WHO,tb-igra-bcg,,reviewed,
2291,Medication Instructions,This medicine may increase the effects of blood pressure medication.,Moriana ona o ka eketsa litlamorao tsa moriana oa khatello ea mali.,WHO,medication-instructions-v1,,reviewed,
1673,Tuberculosis,"Spinal TB, also known as Pott's disease, can cause back pain and spinal deformity.","TB ea mokokotlo, e tsebahala hape e le bolwetse ba Pott, e ka baka mahloko a mokokotlo le ho senyeha ha mokokotlo.",WHO,tb-spinal,,reviewed,
4084,Maternal and Child Health,My baby was born prematurely at thirty-two weeks.,"Ngoanana wa ka o tsalletsweng pele ya nako, ka beke e 32.",WHO,maternal-child-health-v1,,raw,
4251,Maternal and Child Health,My child has been prescribed a cream for eczema.,Ngoana oa ka o filoe cream bakeng sa eczema.,WHO,maternal-child-health-v1,,reviewed,
4114,Maternal and Child Health,I have been experiencing fever and chills after delivery.,Ke na le mafuba le ho chacha mor'a puo.,WHO,maternal-child-health-v1,,raw,
4409,General Patient Education,You have the right to access your own medical records.,O na le tokelo ea ho fihlela lirekoto tsa hao tsa bongaka.,WHO,general-patient-education-v1,,reviewed,
3367,Symptoms and Complaints,I have a change in the position of my eye.,Ke na le phetoho sebakeng sa leihlo la ka.,WHO,symptoms-complaints-v1,,reviewed,
1489,Tuberculosis,Post-traumatic stress disorder has been reported in MDR-TB survivors following prolonged treatment.,Bolwetse ba khatello ka mor'a kotsi bo buelloe ho baphonyohi ba MDR-TB ka mor'a phekolo e telele.,WHO,tb-ptsd,,reviewed,
499,HIV,I was raped last night and I need PEP as soon as possible.,Ke ile ka jaoa ka moso ho ja le ke hloka PEP ka potlako.,clinical_fieldwork,patient-pep-gbv,,raw,
4383,Maternal and Child Health,I was told to do a pregnancy test if I miss my period while on contraception.,Ke boletsoe ho etsa tlhahlobo ea ho mitsa haeba ke lahlehetsoe ke nako ea khoeli ha ke ntse ke sebelisa thibelo ea ho mitsa.,WHO,maternal-child-health-v1,,reviewed,
3480,Symptoms and Complaints,I have a feeling of pressure in my renal hilum.,Ke na le maikutlo a khatello renal hilumeng ea ka.,WHO,symptoms-complaints-v1,,reviewed,
2582,Medication Instructions,Complete the full course of treatment even if you feel better.,Pheta khoroso yohle ea phekolo le ha u ikutloa u ntlafetse.,WHO,medication-instructions-v1,,reviewed,
3124,Symptoms and Complaints,I have a pain in my stomach that wakes me up at night.,Ke na le mahloko maleng a ntsosang bosiu.,WHO,symptoms-complaints-v1,,reviewed,
2922,Symptoms and Complaints,I have a dull pain in my left knee.,Ke na le mahloko a fokolang mangoleng a ka a molema.,WHO,symptoms-complaints-v1,,reviewed,
4378,Maternal and Child Health,I was advised to discuss family planning with my partner.,Ke keletsoeng ho buisana le molekane oa ka ka ho rererela lelapa.,WHO,maternal-child-health-v1,,reviewed,
2645,Medication Instructions,Do not take your medicine with meal replacement drinks unless instructed.,U se ke ua nka moriana oa hau le lino tse ntsetsang pele lijo ntle le haeba ho laetsoe.,WHO,medication-instructions-v1,,reviewed,
4287,Maternal and Child Health,I was told that play is important for my child's development.,Ke boletsoe hore ho bapala ho bohlokoa bakeng sa kholo ea ngoana oa ka.,WHO,maternal-child-health-v1,,reviewed,
4041,Maternal and Child Health,I was told I need a caesarean section.,Ke ile ke tsebisoa ke hloka go tsoswa ka caesarean.,WHO,maternal-child-health-v1,,raw,
2035,Medication Instructions,Administer the injection only into sites that are free of bruising or scarring.,Fana ka ente libakeng tse se nang ho phahama ha mali kapa maqeba feela.,WHO,medication-instructions-v1,,reviewed,
1023,Tuberculosis,A single cough from a person with active TB can release thousands of infectious droplet nuclei.,Ho kohoa ha motho ea nang le TB e sebetsang ka nako e le ngoe ho ka lokolla lintlha tse likete tsa metsi a fetisoang.,WHO,tb-transmission,,reviewed,
2283,Medication Instructions,Contact your doctor if you develop a persistent change in bowel habits.,Ikopanye le ngaka ea hau haeba u ba le phetoho e tsoelang pele mekhoaneng ea mala.,WHO,medication-instructions-v1,,reviewed,
4887,General Patient Education,Reduce stigma by treating people with mental illness with respect.,Fokotsa koluoa ka ho phethela batho ba nang le bolwetse ba kelello ka hlompho.,WHO,general-patient-education-v1,,reviewed,
4220,Maternal and Child Health,My child was diagnosed with an ear infection.,Ngoana oa ka o hlahlojoe ka ho hlohlona ha tsebe.,WHO,maternal-child-health-v1,,reviewed,
3064,Symptoms and Complaints,I am coughing up mucus with a bitter taste.,Ke kohoa mucus e nang le tatso e bohloela.,WHO,symptoms-complaints-v1,,reviewed,
4366,Maternal and Child Health,I was told that family planning is available free of charge at the clinic.,Ke boletsoe hore ho rererela lelapa ho fumaneha mahala klinikeng.,WHO,maternal-child-health-v1,,reviewed,
666,HIV,Nevirapine can cause a severe skin rash and liver toxicity especially in the first few weeks.,Nevirapine e ka baka ho ruruha ha letlalo ho matla le kotsi ea sebete haholo libekeng tsa pele tse itseng.,WHO,art-nevirapine-side-effects,,reviewed,
3933,Appointments and Follow-Up,The nurse confirmed that my treatment is working well.,Mooki o netefatse hore phekolo ea ka e sebetsa hantle.,WHO,appointments-followup-v1,,reviewed,
2639,Medication Instructions,Do not take your medicine with fruit juices unless instructed.,U se ke ua nka moriana oa hau le meoerane ea lienyane ntle le haeba ho laetsoe.,WHO,medication-instructions-v1,,reviewed,
3177,Symptoms and Complaints,I have been having episodes of severe vomiting.,Ke ntse ke na le linako tsa ho hlatsa ho matla.,WHO,symptoms-complaints-v1,,reviewed,
4266,Maternal and Child Health,I was told to give my baby small frequent meals.,Ke boletsoe ho fa ngoana oa ka lijo tse nyenyane hangata.,WHO,maternal-child-health-v1,,reviewed,
3122,Symptoms and Complaints,I feel very sick and my abdomen is very swollen.,Ke ikutloa ke kula haholo mme mpa ea ka e ruruhetse haholo.,WHO,symptoms-complaints-v1,,reviewed,
1018,Tuberculosis,TB pericarditis involves infection of the sac surrounding the heart and can be fatal.,TB pericarditis e kenyelletsa tšoaetso ea saka e potileng pelo mme e ka bolaea.,WHO,tb-pericarditis,,reviewed,
558,HIV,People living with HIV should avoid contact with people who have active chickenpox or shingles.,Batho ba phelang le HIV ba tšwelaletsweng ba se ke ba kwa le batho ba nang le mafelo a mmala a tswileng kapa shingles.,CDC_HIVNexus,hiv-infection-avoidance,,raw,
2400,Medication Instructions,"If you miss a dose of a twice-daily medicine, take it if there are at least six hours until the next dose.","Haeba u lahlehetsoe ke dose ea moriana oa habeli ka letsatsi, o nke haeba ho na le bonyane maho a tšeletseng ho fihlela dose e latelang.",WHO,medication-instructions-v1,,reviewed,
1208,Tuberculosis,TB meningitis in children requires a longer treatment duration of at least nine to twelve months.,"Ha ngoana a e-na le lefuba la boko (TB meningitis), o lokela ho noa meriana nako e telele, bonyane likhoeli tse 9 ho isa ho tse 12.",WHO,tb-meningitis-treatment,,reviewed,
2006,Medication Instructions,Place the dissolvable strip on the tongue and allow it to melt.,Beha strip e nyamelang leleme mme u e lumelle ho nyamela.,WHO,medication-instructions-v1,,reviewed,
2657,Medication Instructions,Do not take your medicine with antioxidants unless instructed.,U se ke ua nka moriana oa hau le li-antioxidant ntle le haeba ho laetsoe.,WHO,medication-instructions-v1,,reviewed,
2136,Medication Instructions,Do not store the medication near aerosols or flammable substances.,U se ke ua boloka moriana haufi le li-aerosol kapa lintho tse chesang.,WHO,medication-instructions-v1,,reviewed,
1511,Tuberculosis,Night sweats that soak your clothes can be a symptom of active TB disease.,Molapo oa bosiu o omisang liaparo tsa hau o ka ba letšoao la bolwetse ba TB bo sebetsang.,WHO,tb-symptoms,,reviewed,
1737,Tuberculosis,Patient support groups provide a safe space for TB patients to share their experiences.,Lihlopha tsa tshehetso ea bakuli li fana ka sebaka se bolokehileng bakeng sa bakuli ba TB ho arolelana maiphihlelo a bona.,WHO,tb-support-groups,,reviewed,
246,HIV,Adolescents account for a significant proportion of new HIV infections globally.,Bacha ba bua karolo e kholo ea litšoaetso tse ncha tsa HIV lefatšeng lohle.,UNICEF,hiv-adolescents,,reviewed,
1164,Tuberculosis,Pyrazinamide is the most hepatotoxic of the first-line TB drugs.,Pyrazinamide ke e kotsi ka ho fetisisa ho sebete ho meriana ea mola oa pele ea TB.,NIH,tb-pyrazinamide-hepatotoxicity,,reviewed,
3363,Symptoms and Complaints,I have a change in the shape of my pupil.,Ke na le phetoho sebopehing sa pupil ea ka.,WHO,symptoms-complaints-v1,,reviewed,
267,HIV,Employee assistance programmes can provide confidential support for workers with HIV.,Programme ya thuso ya baahi ba mosebetsi e ka kopa thuso e sa tsebeng bakeng sa baahi ba mosebetsi ba a na le HIV.,ILO,hiv-workplace,,raw,
2367,Medication Instructions,This medicine may increase the risk of nephrotoxicity with other kidney-toxic drugs.,Moriana ona o ka eketsa kotsi ea nephrotoxicity le meriana e meng e kotsi ea lipitso.,WHO,medication-instructions-v1,,reviewed,
1115,Tuberculosis,Children under five years of age are at high risk of severe and disseminated TB disease.,Bana ba tlase ho lilemo tse hlano ba leng kotsing e phahameng ea bolwetse ba TB bo matla le bo phatlalalaneng.,WHO,tb-children-risk,,reviewed,
64,HIV,Pregnant women on ART should continue their treatment throughout pregnancy and breastfeeding.,Bo-mme ba bakhachane ba leng ho phekolo ea lithibela-mafofore (ART) ba lokela ho tsoela pele ka meriana ea bona nakong eohle ea bokhachane le ha ba tsoela pele ho nyantša.,WHO,pmtct-art,,reviewed,
2593,Medication Instructions,Do not adjust the dose of your medicine without consulting your doctor.,U se ke ua fetola dose ea moriana oa hau ntle le ho buisana le ngaka ea hau.,WHO,medication-instructions-v1,,reviewed,
2789,Symptoms and Complaints,I have been feeling very unwell and need urgent care.,Ke ntse ke ikutloa ke sa phela hantle haholo mme ke hloka tlhokomelo ea potlako.,WHO,symptoms-complaints-v1,,reviewed,
2758,Symptoms and Complaints,I feel my whole body is in pain.,Ke ikutloa 'mele oa ka ka bophara o mahloko.,WHO,symptoms-complaints-v1,,reviewed,
3012,Symptoms and Complaints,I am coughing up clear watery phlegm.,Ke kohoa phlegm e hloekileng e nang le metsi.,WHO,symptoms-complaints-v1,,reviewed,
3077,Symptoms and Complaints,I have difficulty breathing and my breathing is very laboured.,Ke na le bothata ba ho hema mme ho hema ha ka ho thata haholo.,WHO,symptoms-complaints-v1,,reviewed,
2999,Symptoms and Complaints,I have a cough that is worse at night.,Ke na le ho kohoa ho mpe bosiu.,WHO,symptoms-complaints-v1,,reviewed,
2816,Symptoms and Complaints,I feel very sick and need to start treatment immediately.,Ke ikutloa ke kula haholo mme ke hloka ho qala phekolo hang hang.,WHO,symptoms-complaints-v1,,reviewed,
2260,Medication Instructions,This medicine may cause a decrease in copper levels with long-term use.,Moriana ona o ka baka ho fokotseha ha maemo a copper ka tšebediso ea nako e telele.,WHO,medication-instructions-v1,,reviewed,
4959,General Patient Education,Older adults should have regular health check-ups.,Batho ba baholo ba lokela ho ba le litlhahlobo tsa bophelo tsa kamehla.,WHO,general-patient-education-v1,,reviewed,
3205,Symptoms and Complaints,I have weakness in both my legs.,Ke na le ho fokotsehela maotong a ka a mabeli.,WHO,symptoms-complaints-v1,,reviewed,
1238,Tuberculosis,Visual acuity testing should be performed before and during ethambutol treatment.,Teko ea bokhoni ba pono e lokela ho etsoa pele le nakong ea kalafo ka ethambutol.,WHO,tb-visual-monitoring,,reviewed,
104,HIV,"HIV cannot be transmitted through hugging, shaking hands, or sharing food.","HIV e ke ke ea phetisoa ka ho kopa, ho tšoarana ka matsoho kapa ho abelana lijo.",UNAIDS,hiv-transmission-facts,,reviewed,
2644,Medication Instructions,Inform your doctor if you are having difficulty understanding your medicine instructions.,Tsebisa ngaka ea hau haeba u na le bothata ba ho utloisisa litaelo tsa moriana oa hau.,WHO,medication-instructions-v1,,reviewed,
273,HIV,HIV-positive people can lead productive and fulfilling lives with proper treatment and support.,Batho ba nang le HIV ba ka kgona ho etsa matla le ho phela botle ka ho fumana tšehetso le tšhehetso pele.,UNAIDS,hiv-positive-living,,raw,
509,HIV,Social media can be used to reach young people with HIV prevention messages.,Mediaya e sechabang e ka sebediśwa ho fihlela ba bangwe le ba HIV ka melaetšo ya ho ipatša.,UNAIDS,hiv-social-media,,raw,
2227,Medication Instructions,Contact your doctor if you develop a persistent dry cough.,Ikopanye le ngaka ea hau haeba u ba le ho kohoa ho omileng ho tsoelang pele.,WHO,medication-instructions-v1,,reviewed,
4934,General Patient Education,Air pollution increases the risk of respiratory diseases.,Tšilafalo ea moea e eketsa kotsi ea mahlwetse a ho hema.,WHO,general-patient-education-v1,,reviewed,
2442,Medication Instructions,"If you miss a dose of a proton pump inhibitor, take it as soon as you remember.","Haeba u lahlehetsoe ke dose ea proton pump inhibitor, e nke hang hang ha u hopola.",WHO,medication-instructions-v1,,reviewed,
866,HIV,Comprehensive geriatric assessment is increasingly relevant for older people living with HIV.,Tlhahlobo e pharalletseng ea batho ba baholo e bohlokoa haholo ho batho ba baholo ba phelang le HIV.,NIH_HIVinfo,hiv-geriatric-assessment,,reviewed,
3327,Symptoms and Complaints,I have sensitivity to light in my eyes.,Ke na le ho amehela leseding mahlong a ka.,WHO,symptoms-complaints-v1,,reviewed,
909,HIV,HIV does not affect a person's ability to work in most occupations.,HIV ha e angoe bokgoni ba motho ba ho sebetsa mesebetsing e mengata.,ILO,hiv-workplace-capacity,,reviewed,
2115,Medication Instructions,Do not expose the medication to direct sunlight during storage.,U se ke ua hlahisa moriana leseding la letsatsi la kotloloho nakong ea ho boloka.,WHO,medication-instructions-v1,,reviewed,
3897,Appointments and Follow-Up,I missed my follow-up because I stopped taking my medication.,Ke lahlehetsoe ke ho latela hobane ke emisitse ho nka moriana oa ka.,WHO,appointments-followup-v1,,reviewed,
1628,Tuberculosis,"TB patients should sleep in a well-ventilated room, separate from other household members if possible.","Bakuli ba TB ba lokela ho robala kamoreng e nang le moea o lekaneng, e arohaneng le maloko a mang a lelapa haeba ho khoneha.",WHO,tb-home-isolation,,reviewed,
2874,Symptoms and Complaints,I have a severe abdominal pain that started suddenly.,Ke na le mahloko a matla a mpa a qalileng ka tšohanyetso.,WHO,symptoms-complaints-v1,,reviewed,
1523,Tuberculosis,"The tuberculin skin test, also called the Mantoux test, checks for TB infection.","Tlhahlobo ea letlalo ea tuberculin, e bitsoa hape tlhahlobo ea Mantoux, e hlahloba tšoaetso ea TB.",CDC,tb-skin-test,,reviewed,
836,HIV,Mobile HIV testing units bring testing services to communities and workplaces.,Liqenehelo tsa HIV tse tsamaelang li tlisa litshebeletso tsa liteko sechabeng le mafapheng a mosebetsi.,DOH_SA,hiv-mobile-testing,,reviewed,
359,HIV,Drug-resistant TB in HIV-positive people requires specialised treatment regimens.,TB e sa tsebeng dawa ho batho ba na HIV e hlokang ditshebeletso tsa tšireletso tse kgethegileng.,WHO,hiv-mdr-tb,,raw,
139,HIV,Provider-initiated HIV testing should be offered at all health facilities.,Tlhahlobo ea HIV e qaloang ke mofani oa lits'ebeletso tsa bophelo (provider-initiated HIV testing) e lokela ho fanoa litsing tsohle tsa bophelo.,WHO,hiv-testing-policy,,reviewed,
300,HIV,HIV-positive children are at higher risk of malnutrition and need nutritional support.,Bana ba nang le HIV ba na le kgwebo e kgolo ya ho hloka madi a mabele le ho hlokang thuso ya madi.,UNICEF,hiv-paediatric-nutrition,,raw,
1557,Tuberculosis,Incomplete treatment of drug-sensitive TB is the main cause of drug resistance.,Ho phekola TB e amehang ke meriana ho sa phethehe ke lebaka le leholo la khakanyo ea meriana.,WHO,tb-resistance-cause,,reviewed,
1004,Tuberculosis,"In 2023, approximately 10.8 million people fell ill with TB globally.","Ka 2023, batho ba ka bang limilione tse 10.8 ba kulile ka TB lefatšeng lohle.",WHO,tb-global-report-2023,,reviewed,
383,HIV,HIV encephalopathy causes cognitive impairment and neurological symptoms.,HIV encephalopathy hahela boima ba mokelikara le masoba a neurological.,NIH_HIVinfo,hiv-encephalopathy,,raw,
942,HIV,I want to refer you to our social worker who can help with transport and food support.,Ke rata ho u romela ho mosebetsi oa rona oa sechaba ea ka thusang ka lipalangoa le tshehetso ea lijo.,clinical_fieldwork,clinician-patient-communication,,reviewed,
4447,General Patient Education,Understanding your medication helps you take it correctly.,Ho utloisisa moriana oa hao ho thusa ho o nka ka nepo.,WHO,general-patient-education-v1,,reviewed,
4855,General Patient Education,Gender-based violence is a public health issue that requires urgent action.,Tlhekefetso e thehiloeng ho bong ke bothata ba bophelo ba sechaba bo hlokang ketso ea potlako.,WHO,general-patient-education-v1,,reviewed,
762,HIV,Diarrhoea caused by ART or opportunistic infections increases nutritional requirements.,Sehlohlolo se bakoang ke ART kapa litšoaetso tsa monyetla se eketsa litlhoko tsa phepo.,WHO,hiv-diarrhoea-nutrition,,reviewed,
1706,Tuberculosis,Linezolid is an effective but potentially toxic drug used in highly resistant TB regimens.,Linezolid ke moriana o sebetsang empa o ka kotsi o sebelisoa mananeo a TB e khakanyeng haholo.,WHO,tb-linezolid,,reviewed,
1874,Medication Instructions,Take two tablets immediately after diagnosis is confirmed.,Nka lipilisi tse peli hang hang ka mor'a ho netefatsoa ha tlhahlobo.,WHO,medication-instructions-v1,,reviewed,
2551,Medication Instructions,Do not give the medicine to a child who is on a lactose-free diet without checking ingredients.,U se ke ua fana ka moriana ho ngoana ea lijo tse se nang lactose ntle le ho hlahloba lihlahisoa.,WHO,medication-instructions-v1,,reviewed,
2087,Medication Instructions,Do not leave the medication in direct sunlight on a windowsill.,U se ke ua siea moriana leseding la letsatsi la kotloloho fensetere.,WHO,medication-instructions-v1,,reviewed,
2198,Medication Instructions,This medicine may cause increased thirst; drink adequate fluids throughout the day.,Moriana ona o ka baka ho nyoroa hangata; noa metsi a lekaneng letsatsing lohle.,WHO,medication-instructions-v1,,reviewed,
899,HIV,Sub-Saharan Africa accounts for more than two thirds of all people living with HIV globally.,Afrika e ka tlase ho Sahara e bua karolo e fetang boraro ba bobeli ba batho bohle ba phelang le HIV lefatšeng lohle.,UNAIDS,hiv-global-epidemiology,,reviewed,
4000,Appointments and Follow-Up,I need to register as a new patient before booking my first appointment.,Ke hloka ho ngolisa joalo ka mokuloi o mocha pele ho buka appointment ea ka ea pele.,WHO,appointments-followup-v1,,reviewed,
3616,Appointments and Follow-Up,I am here for my blood test appointment.,Ke teng bakeng sa appointment ea tlhahlobo ea mali.,WHO,appointments-followup-v1,,reviewed,
1403,Tuberculosis,BCG dissemination is a rare but serious complication of BCG vaccination in immunocompromised children.,Phatlalalo ea BCG ke bothata ba sa tloaelehang empa bo matla ba ente ea BCG ho bana ba nang le tšireletso ea 'mele e fokolang.,WHO,tb-bcg-dissemination,,reviewed,
3874,Appointments and Follow-Up,I missed my follow-up because I had to work that day.,Ke lahlehetsoe ke ho latela hobane ke ne ke tlameha ho sebetsa letsatsing leo.,WHO,appointments-followup-v1,,reviewed,
3786,Appointments and Follow-Up,I have to complete my full course of treatment.,Ke tlameha ho phetela khoroso yohle ea phekolo ea ka.,WHO,appointments-followup-v1,,reviewed,
4387,Maternal and Child Health,I was told that my periods will return after stopping the injection.,Ke boletsoe hore linako tsa khoeli ea ka li tla khutla ka mor'a ho emisa ente.,WHO,maternal-child-health-v1,,reviewed,
2956,Symptoms and Complaints,I have a sharp pain in my right ankle.,Ke na le mahloko a bohale ankele ea ka ea le letona.,WHO,symptoms-complaints-v1,,reviewed,
1513,Tuberculosis,Coughing up blood or blood-stained sputum requires immediate medical attention.,Ho kohoa mali kapa mathe a nang le mali ho hloka tlhokomelo ea ngaka hang hang.,WHO,tb-emergency-symptoms,,reviewed,
1189,Tuberculosis,A treatment interruption of more than two months may require restarting the full TB treatment course.,Ho emisa phekolo ho feta likhoeli tse peli ho ka hloka ho qala hape khoroso yohle ea phekolo ea TB.,WHO,tb-treatment-interruption,,reviewed,
2990,Symptoms and Complaints,I am coughing up blood and I am very scared.,Ke kohoa mali mme ke tšaba haholo.,WHO,symptoms-complaints-v1,,reviewed,
2081,Medication Instructions,Store the syrup in the refrigerator after opening.,Boloka syrup friji ka mor'a ho bula.,WHO,medication-instructions-v1,,reviewed,
4984,General Patient Education,Complete the full course of antibiotics even if you feel better.,Phetela khoroso yohle ea li-antibiotic le ha o ikutloa o ntlafetse.,WHO,general-patient-education-v1,,reviewed,
3438,Symptoms and Complaints,I have difficulty with fertility.,Ke na le bothata ba ho ba le bana.,WHO,symptoms-complaints-v1,,reviewed,
109,HIV,Knowing your HIV status is the first step in protecting yourself and others.,Ho tseba boemo ba hau ba HIV ke mohato oa pele oa ho itšireletsa le ho sireletsa ba bang.,UNAIDS,hiv-testing,,reviewed,
4699,General Patient Education,Cancer can affect any part of the body.,Kankere e ka angoa karolo efe kafe ea 'mele.,WHO,general-patient-education-v1,,reviewed,
2828,Symptoms and Complaints,I feel very ill and need to be stabilised.,Ke ikutloa ke kula haholo mme ke hloka ho tsitsisoa.,WHO,symptoms-complaints-v1,,reviewed,
4748,General Patient Education,You have the right to be involved in your own care plan.,O na le tokelo ea ho kenyeletsoa leaning la tlhokomelo ea hao.,WHO,general-patient-education-v1,,reviewed,
59,HIV,Alcohol and drug use can make it harder to take ART consistently.,Tšebeliso ea joala le lithethefatsi e ka etsa hore ho be thata le ho feta ho nka phekolo ea hau ea lithibela-mafofore (ART) ka linako tsohle le ka tsela e nepahetseng (take ART consistently).,NIH_HIVinfo,art-adherence-barriers,,reviewed,
77,HIV,Cytomegalovirus can cause blindness in people with very low CD4 counts.,Cytomegalovirus e ka baka bofofu (blindness) ho batho ba nang le lipalo tse tlase haholo tsa masole a mmele a CD4 (very low CD4 counts).,CDC_HIVNexus,opportunistic-infections,,reviewed,
797,HIV,I missed my clinic appointment because I could not afford the taxi fare.,Ke lahlehetsoe ke moeto oa kliniki hobane ha ke a khona ho lefa lifee tsa tekesi.,clinical_fieldwork,patient-art-adherence-barriers,,reviewed,
369,HIV,Hepatocellular carcinoma risk is increased in people with HIV and hepatitis B or C co-infection.,Hapatokelula carcinoma e ka hlola e le kholo ho batho ba nang le HIV le hepatitis B kapa C e leng karolo ya tshwaetso.,WHO,hiv-hepatitis-cancer,,raw,
4906,General Patient Education,Traditional healers and faith leaders can complement mental health care.,Lingaka tsa setso le baetapele ba tumelo ba ka tlatsa tlhokomelo ea bophelo ba kelello.,WHO,general-patient-education-v1,,reviewed,
786,HIV,"HIV-positive networks provide advocacy, peer support, and community mobilisation.","Marang-rang a batho ba nang le HIV a fana ka boipiletso, tshehetso ea bahlankana, le ho matlafatsa sechaba.",UNAIDS,hiv-plhiv-networks,,reviewed,
2089,Medication Instructions,Keep the medicine at a stable temperature and avoid temperature fluctuations.,Boloka moriana ka mocheso o tsitsitseng mme u hane ho fetoha ha mocheso.,WHO,medication-instructions-v1,,reviewed,
2315,Medication Instructions,This medicine may increase the effects of muscle relaxants.,Moriana ona o ka eketsa litlamorao tsa meriana e khumolisang mochine.,WHO,medication-instructions-v1,,reviewed,
3385,Symptoms and Complaints,I have a change in the shape of my eyelid.,Ke na le phetoho sebopehing sa sefahleho sa leihlo la ka.,WHO,symptoms-complaints-v1,,reviewed,
3606,Appointments and Follow-Up,I am a bit late for my appointment.,Ke tsohile hanyane bakeng sa appointment ea ka.,WHO,appointments-followup-v1,,reviewed,
4112,Maternal and Child Health,My stitches have not healed properly after delivery.,"Ke qetile joala feela ka mor'a puo, empa ha e a kgonele.",WHO,maternal-child-health-v1,,raw,
1903,Medication Instructions,Take one capsule daily for the entire prescribed period.,Nka capsule e le ngoe letsatsi le leng le le leng nako yohle e laetsoeng.,WHO,medication-instructions-v1,,reviewed,
1704,Tuberculosis,Fluoroquinolones such as levofloxacin and moxifloxacin are key drugs for MDR-TB treatment.,Li-fluoroquinolone joalo ka levofloxacin le moxifloxacin ke meriana ea bohlokoa bakeng sa phekolo ea MDR-TB.,WHO,tb-fluoroquinolones,,reviewed,
122,HIV,People living with HIV are twenty times more likely to develop active TB.,Batho ba phelang le HIV ba na le monyetla o phahameng ka makhetlo a mashome a mabeli (20) oa ho tšoaroa ke lefu la lefuba le tšoaetsanang (active TB).,WHO,hiv-tb-coinfection,,reviewed,
1845,Medication Instructions,Take one tablet every morning with or without food.,Nka pilisi e le ngoe hoseng hoa hoseng le lijo kapa ntle le tsona.,WHO,medication-instructions-v1,,reviewed,
2370,Medication Instructions,Do not take this medicine with antidiarrheal drugs without medical advice.,U se ke ua nka moriana ona le meriana ea antidiarrheal ntle le keletso ea ngaka.,WHO,medication-instructions-v1,,reviewed,
3729,Appointments and Follow-Up,I received a call from the clinic about my missed appointment.,Ke amohele mohala ho tsoa klinikeng ka appointment ea ka e lahlehileng.,WHO,appointments-followup-v1,,reviewed,
911,HIV,Employee assistance programmes can support workers living with HIV.,Mananeo a thuso ea basebetsi a ka tshehetsa basebetsi ba phelang le HIV.,ILO,hiv-eap,,reviewed,
125,HIV,HIV-positive people with TB must take both TB medicines and ART at the same time.,Batho ba phelang le HIV ba nang le lefuba (TB) ba lokela ho nka meriana ea TB le ea ART ka nako e le 'ngoe.,WHO,hiv-tb-treatment,,reviewed,
2573,Medication Instructions,Do not give the medicine to a child who is on a dye-free diet without checking ingredients.,U se ke ua fana ka moriana ho ngoana ea lijo tse se nang mebala ea ho hatisa ntle le ho hlahloba lihlahisoa.,WHO,medication-instructions-v1,,reviewed,
1587,Tuberculosis,TB preventive therapy is recommended for all people living with HIV who do not have active TB.,Phekolo ea thibelo ea TB e khothalletsoa bakeng sa batho bohle ba phelang le HIV ba se nang TB e sebetsang.,WHO,tb-hiv-tpt,,reviewed,
1258,Tuberculosis,Patient-centred TB care places the needs and preferences of the patient at the centre of service delivery.,Tlhokomelo ea TB e shebaneng le mokuli e beha litlhoko le likhetho tsa mokuli bohareng ba phano ea litšebeletso.,WHO,tb-patient-centred-care,,reviewed,
3442,Symptoms and Complaints,I have a feeling of fullness in my bladder.,Ke na le maikutlo a ho tlala sebocong sa ka.,WHO,symptoms-complaints-v1,,reviewed,
3481,Symptoms and Complaints,I have a feeling of urgency related to my renal hilum.,Ke na le maikutlo a ho hloka ka potlako a amanang le renal hilum ea ka.,WHO,symptoms-complaints-v1,,reviewed,
4109,Maternal and Child Health,I was advised to use condoms to protect against HIV after delivery.,Ke ile ka laledwa ke hore ke seke condoms ho sireletsa HIV ka mora ho tswa ha tsalo.,WHO,maternal-child-health-v1,,raw,
1179,Tuberculosis,Patients should be counselled about expected side effects before starting TB treatment.,Bakuli ba lokela ho fuoa keletso ka litlamorao tse nahanwang pele ho qala phekolo ea TB.,DOH_SA,tb-pre-treatment-counselling,,reviewed,
3464,Symptoms and Complaints,I have a feeling of pressure in my renal pelvis.,Ke na le maikutlo a khatello renal pelviseng ea ka.,WHO,symptoms-complaints-v1,,reviewed,
3470,Symptoms and Complaints,I have a feeling of pain in my renal medulla.,Ke na le maikutlo a mahloko renal medulleng ea ka.,WHO,symptoms-complaints-v1,,reviewed,
3468,Symptoms and Complaints,I have a feeling of pressure in my renal cortex.,Ke na le maikutlo a khatello renal cortexeng ea ka.,WHO,symptoms-complaints-v1,,reviewed,
2104,Medication Instructions,Keep the medication in a place where you will remember to take it.,Boloka moriana sebakeng moo u tla hopola ho o nka teng.,WHO,medication-instructions-v1,,reviewed,
443,HIV,HIV services should be accessible to all people regardless of nationality or immigration status.,Litshebeletso tsa HIV li lokela ho fumaneha ho batho bohle ntle le ho sheba bochaba kapa boemo ba ho fallela naheng.,WHO,hiv-migrants,,reviewed,
2228,Medication Instructions,This medicine may cause a decrease in potassium levels; eat potassium-rich foods.,Moriana ona o ka baka ho fokotseha ha maemo a potassium; ja lijo tse nang le potassium e ngata.,WHO,medication-instructions-v1,,reviewed,
4417,General Patient Education,Missing appointments can delay your treatment and recovery.,Ho lahlehela li-appointment ho ka lieha phekolo ea hao le ho fola.,WHO,general-patient-education-v1,,reviewed,
926,HIV,I ran out of HIV medicine last week because the clinic was closed.,Meriana ea HIV ea ka e fele beke e fetileng hobane kliniki e ne e koetsoe.,clinical_fieldwork,patient-art-stockout,,reviewed,
4021,Maternal and Child Health,I have been told my blood pressure is high during pregnancy.,Ke ile ka ba kgolehetse hore mafelo a moya a ka a kwa tlase during bohlokehi.,WHO,maternal-child-health-v1,,raw,
2146,Medication Instructions,This medicine may cause dizziness; stand up slowly to avoid falls.,Moriana ona o ka baka ho potoloha; ema butle ho hana ho wa.,WHO,medication-instructions-v1,,reviewed,
4771,General Patient Education,Ambulance services are available for medical emergencies.,Litšebeletso tsa ambulance li fumaneha bakeng sa litšohanyetso tsa bongaka.,WHO,general-patient-education-v1,,reviewed,
1412,Tuberculosis,"LTBI treatment is recommended for HIV-positive people, recent TB contacts, and other high-risk groups.","Phekolo ea LTBI e khothalletsoa bakeng sa batho ba nang le HIV, bakopani ba sa tsoa kopana le TB, le lihlopha tse ling tse leng kotsing e phahameng.",WHO,tb-ltbi-indications,,reviewed,
3467,Symptoms and Complaints,I have a feeling of burning in my renal cortex.,Ke na le maikutlo a ho chesa renal cortexeng ea ka.,WHO,symptoms-complaints-v1,,reviewed,
2073,Medication Instructions,"Do not store near radiators, stoves, or other heat sources.","U se ke ua boloka haufi le li-radiator, li-stove, kapa mehloli e meng ea mocheso.",WHO,medication-instructions-v1,,reviewed,
1510,Tuberculosis,A persistent cough lasting more than two weeks may be a sign of tuberculosis.,Ho kohoa ho tsoelang pele ho feta libeke tse peli ho ka ba letšoao la tuberculosis.,WHO,tb-symptoms,,reviewed,
1228,Tuberculosis,Dolutegravir dose adjustment may be required when used with rifampicin.,Ho ka ’na ha hlokahala ho fetola tekanyetso ea dolutegravir ha e sebelisoa hammoho le rifampicin.,WHO,tb-dolutegravir-rifampicin,,reviewed,
4073,Maternal and Child Health,I am experiencing heavy bleeding and need urgent care.,Ke hloka bohloko ba madi a mmala 'me ke hloka thuso ka potlako.,WHO,maternal-child-health-v1,,raw,
2586,Medication Instructions,Use a pill organiser to help you remember to take your medicine.,Sebelisa pill organiser ho u thusa ho hopola ho nka moriana oa hau.,WHO,medication-instructions-v1,,reviewed,
4451,General Patient Education,Never stop your medication without consulting your doctor.,O se ke oa emisa moriana oa hao ntle le ho buisana le ngaka ea hao.,WHO,general-patient-education-v1,,reviewed,
2952,Symptoms and Complaints,I have a dull ache in my right elbow.,Ke na le mahloko a fokolang tsualikaneng la ka la le letona.,WHO,symptoms-complaints-v1,,reviewed,
3886,Appointments and Follow-Up,I could not attend because I was admitted to hospital.,Ha ke a khona ho tla hobane ke ne ke kenngoe sepetleleng.,WHO,appointments-followup-v1,,reviewed,
325,HIV,Untreated syphilis in pregnancy can cause stillbirth and serious illness in the newborn.,"Syphilis e sa tshwaetsang ka nako ya bobeli e ka etsa hore ngwana a hlokomele pele a belega, 'me e ka mo etsa bosiu.",WHO,pmtct-syphilis,,raw,
3978,Appointments and Follow-Up,My doctor told me to watch for danger signs during pregnancy.,Ngaka ea ka e mpoleletse ho ela hloko matšoao a kotsi nakong ea ho mitsa.,WHO,appointments-followup-v1,,reviewed,
3577,Appointments and Follow-Up,Can I bring a family member to my appointment?,Na nka tlisa leloko la lelapa appointment ea ka?,WHO,appointments-followup-v1,,reviewed,
2212,Medication Instructions,This medicine may cause a bitter taste in the mouth.,Moriana ona o ka baka tatso e bohloela molomong.,WHO,medication-instructions-v1,,reviewed,
3299,Symptoms and Complaints,I have blurred vision in my left eye.,Ke na le pono e fifetseng leihlong la ka la molema.,WHO,symptoms-complaints-v1,,reviewed,
3036,Symptoms and Complaints,I am coughing up white frothy sputum.,Ke kohoa sputum e tšoeu e nang le liporo.,WHO,symptoms-complaints-v1,,reviewed,
1499,Tuberculosis,My faith helped me stay strong during my TB treatment journey.,Tumelo ea ka e nthusitse ho lula ke matla nakong ea leeto la phekolo ea TB ea ka.,clinical_fieldwork,patient-tb-faith,,reviewed,
1503,Tuberculosis,My doctor told me my lungs have healed well and I can live a normal life.,Ngaka ea ka e mpolela hore matšoafo a ka a folile hantle mme nka phela bophelo ba kamehla.,clinical_fieldwork,patient-tb-lung-recovery,,reviewed,
1007,Tuberculosis,TB disease occurs when the immune system cannot contain the TB bacteria.,Bolwetse ba TB bo etsahala ha tšireletso ea 'mele e ke ke ea laola bakteria ea TB.,CDC,tb-pathogenesis,,reviewed,
4180,Maternal and Child Health,My child's weight has not increased since the last visit.,Ntswa ha a tsote pula tsebeng hape ka tšupa.,WHO,maternal-child-health-v1,,raw,
3014,Symptoms and Complaints,I feel a heaviness in my chest when I breathe.,Ke ikutloa boima sefubeng ha ke hema.,WHO,symptoms-complaints-v1,,reviewed,
3517,Appointments and Follow-Up,I need to book an appointment for a nutrition consultation.,Ke hloka ho buka appointment bakeng sa keletso ea phepo.,WHO,appointments-followup-v1,,reviewed,
1468,Tuberculosis,TB registers must be accurately maintained to track patient outcomes and programme performance.,Lirejista tsa TB li lokela ho bolokoa ka nepo ho latela liphetho tsa bakuli le tšebetso ea lenaneo.,WHO,tb-register-maintenance,,reviewed,
1226,Tuberculosis,Rifampicin significantly reduces plasma levels of many antiretroviral drugs including protease inhibitors.,"Rifampicin e fokotsa haholo maemo a meriana e mengata ea li-antiretroviral maling, ho kenyeletsa le li-protease inhibitors.",WHO,tb-rifampicin-art,,reviewed,
3168,Symptoms and Complaints,I have been passing stools that are very greasy.,Ke ntse ke fetisa manyelo a nang le mafura haholo.,WHO,symptoms-complaints-v1,,reviewed,
2268,Medication Instructions,This medicine may cause a decrease in chromium levels with long-term use.,Moriana ona o ka baka ho fokotseha ha maemo a chromium ka tšebediso ea nako e telele.,WHO,medication-instructions-v1,,reviewed,
3809,Appointments and Follow-Up,I want to ask the doctor about my blood pressure results.,Ke rata ho botsa ngaka ka liphetho tsa khatello ea mali ea ka.,WHO,appointments-followup-v1,,reviewed,
1217,Tuberculosis,Streptomycin should not be used in pregnant women due to the risk of foetal ototoxicity.,Basali ba bakhachane ha baa lokela ho fuoa Streptomycin hobane e ka senya kutlo ea lesea le ntseng le hōla ka pōpelong.,WHO,tb-pregnancy-streptomycin,,reviewed,
3977,Appointments and Follow-Up,I was advised to deliver at the hospital and not at home.,Ke keletsoeng ho belega sepetleleng e seng lapeng.,WHO,appointments-followup-v1,,reviewed,
4585,General Patient Education,Regular physical activity improves your mental health and mood.,Mesebetsi ea 'mele ea kamehla e ntlafatsa bophelo ba hao ba kelello le maikutlo.,WHO,general-patient-education-v1,,reviewed,
421,HIV,An effective HIV vaccine would be the most powerful tool to end the epidemic.,Ente ea HIV e sebetsang e ka ba sesebelisoa se matla ka ho fetisisa sa ho felisa leruo la lefu.,UNAIDS,hiv-vaccine-research,,reviewed,
3423,Symptoms and Complaints,I have cloudy urine.,Ke na le moroto o fifetseng.,WHO,symptoms-complaints-v1,,reviewed,
7,HIV,Missing doses of ART can cause the virus to become resistant to treatment.,"Ho tlola meriana ea phekolo ea lithibela-mafofore (ART) ho ka etsa hore kokwanahloko e rutehe 'me e tloaele moriana, ebe e thibela phekolo ho sebetsa (treatment resistance).",NIH_HIVinfo,art-adherence,,reviewed,
933,HIV,I feel embarrassed every time I go to collect my HIV medicine at the pharmacy.,Ke ikutloa ke hlajoa ke maswabi nako le nako ha ke ea ho kgotha meriana ea HIV ea ka khemistong.,clinical_fieldwork,patient-hiv-stigma,,reviewed,
1692,Tuberculosis,Systematic TB screening in prisons reduces transmission within correctional facilities.,Ho hlahlobeloa ha TB ka mokhoa o reriloeng likotsofatsong ho fokotsa phetisetso likamoreng tsa ho loka.,WHO,tb-prison-screening,,reviewed,
440,HIV,People in prisons and closed settings have higher HIV prevalence than the general population.,Batho ba khotsofatsong le libakeng tse koalehileng ba na le palo e phahameng ea HIV ho feta sechaba ka kakaretso.,UNAIDS,hiv-prisons,,reviewed,
1314,Tuberculosis,TB-IRIS presents as worsening TB symptoms shortly after starting ART despite effective TB treatment.,"TB-IRIS e bonahala ka ho mpefala ha matšoao a TB nakoana ka mor’a ho qala ART, leha kalafo ea TB e sebetsa hantle.",NIH,tb-iris-presentation,,reviewed,
679,HIV,People can stop and restart PrEP based on their risk level.,Batho ba ka emisa le ho qala hape PrEP ho latela boemo ba bona ba kotsi.,CDC_HIVNexus,hiv-prep-on-demand,,reviewed,
1944,Medication Instructions,Take one capsule three times daily for seven days.,Nka capsule e le ngoe habeli ka letsatsi ka matsatsi a supileng.,WHO,medication-instructions-v1,,reviewed,
4611,General Patient Education,Reduce the amount of time you spend sitting each day.,Fokotsa nako eo o e sebelisang o lula letsatsi le leng le le leng.,WHO,general-patient-education-v1,,reviewed,
3304,Symptoms and Complaints,I have a rash on my neck that is very itchy.,Ke na le ho ruruha ha letlalo molaleng oa ka ho hlohlonang haholo.,WHO,symptoms-complaints-v1,,reviewed,
2269,Medication Instructions,Seek medical help if you develop signs of a serious eye reaction.,Batla thuso ea ngaka haeba u ba le lišoaetso tsa karabelo e matla ea mahlo.,WHO,medication-instructions-v1,,reviewed,
4634,General Patient Education,Stress management is an important part of a healthy lifestyle.,Ho laola khatello ea maikutlo ke karolo ea bohlokoa ea mokhoa oa bophelo o motle.,WHO,general-patient-education-v1,,reviewed,
4081,Maternal and Child Health,My baby needed oxygen after delivery.,Ngwana ha a tsalwe o ile a hloka mafura a moya.,WHO,maternal-child-health-v1,,raw,
2519,Medication Instructions,Do not give the medicine to a child who is on a restricted diet without advice.,U se ke ua fana ka moriana ho ngoana ea lijo tse laolwang ntle le keletso.,WHO,medication-instructions-v1,,reviewed,
2440,Medication Instructions,"If you miss a dose of a bronchodilator, take it as soon as you remember.","Haeba u lahlehetsoe ke dose ea bronchodilator, e nke hang hang ha u hopola.",WHO,medication-instructions-v1,,reviewed,
4038,Maternal and Child Health,I was told my baby is in the correct position for delivery.,Ke ile ke tsebisoa kwana hao o dulile ka tsela e o lumelang ho tswa.,WHO,maternal-child-health-v1,,raw,
1894,Medication Instructions,Take two tablets once daily with a meal.,Nka lipilisi tse peli ka nako e le ngoe letsatsi le leng le le leng le lijo.,WHO,medication-instructions-v1,,reviewed,
4245,Maternal and Child Health,My child has been admitted to hospital for a sickle cell crisis.,Ngoana oa ka o kenngoe sepetleleng bakeng sa crisis ea lisele tse nang le sebopeho sa sekhele.,WHO,maternal-child-health-v1,,reviewed,
4830,General Patient Education,Alcohol and drug use increase the risk of unsafe sexual behaviour.,Ho sebelisa joala le lithethefatsi ho eketsa kotsi ea boitšoaro ba thobalano bo sa bolokehang.,WHO,general-patient-education-v1,,reviewed,
2641,Medication Instructions,Do not take your medicine with vegetable juices unless instructed.,U se ke ua nka moriana oa hau le meoerane ea merogo ntle le haeba ho laetsoe.,WHO,medication-instructions-v1,,reviewed,
195,HIV,Healthcare workers can be exposed to HIV through needlestick injuries.,Basebeletsi ba tsa bophelo bo itekanetseng ba ka ba kotsing ea ho tšoaroa ke HIV ka lebaka la ho hlaboa ke linalete ka phoso.,CDC_HIVNexus,hiv-occupational-exposure,,reviewed,
1475,Tuberculosis,TB patients who are severely malnourished may require therapeutic feeding alongside TB treatment.,Bakuli ba TB ba hlokang phepo haholo ba ka hloka ho fuoa lijo tsa phekolo hammoho le phekolo ea TB.,WHO,tb-therapeutic-feeding,,reviewed,
4617,General Patient Education,Pregnant women can continue moderate exercise with medical advice.,Basali ba mitsoeng ba ka tsoela pele ho itlama ka tekanyo ka keletso ea bongaka.,WHO,general-patient-education-v1,,reviewed,
1212,Tuberculosis,Household contacts of a child with TB should be screened for TB and latent TB infection.,Batho ba lulang le ngoana ea tšoeroeng ke lefuba ba lokela ho hlahlojoa ho bona hore na ba na le lefuba kapa tšoaetso ea lefuba e so hlahise matšoao.,WHO,tb-child-contact-screening,,reviewed,
2439,Medication Instructions,Do not take a double dose of an immunosuppressant if you miss one.,U se ke ua nka dose e habeli ea immunosuppressant haeba u lahlehetsoe ke e le ngoe.,WHO,medication-instructions-v1,,reviewed,
1658,Tuberculosis,Tuberculosis has affected humanity for thousands of years and remains a global health challenge.,Tuberculosis e angoe batho ka lilemo tse likete mme e ntse e le mathata a bophelo bo botle a lefatše lohle.,WHO,tb-history,,reviewed,
2701,Symptoms and Complaints,I have been feeling unwell for the past three days.,Ke ikutloa ke sa phela hantle matsatsing a mararo a fetileng.,WHO,symptoms-complaints-v1,,reviewed,
3083,Symptoms and Complaints,I have a cough that is triggered by perfume.,Ke na le ho kohoa ho qalisitsoeng ke phahlo.,WHO,symptoms-complaints-v1,,reviewed,
2706,Symptoms and Complaints,I have lost my appetite and do not feel like eating.,Ke lahleheloe ke takatso ea lijo mme ha ke ikutloe ke rata ho ja.,WHO,symptoms-complaints-v1,,reviewed,
4227,Maternal and Child Health,My child has been having convulsions with a high fever.,Ngoana oa ka o ntse a na le ho thothomela le feberu e phahameng.,WHO,maternal-child-health-v1,,reviewed,
2843,Symptoms and Complaints,I have been having episodes of sudden hearing loss.,Ke ntse ke na le linako tsa ho lahleheloa ke kutlo ka tšohanyetso.,WHO,symptoms-complaints-v1,,reviewed,
2303,Medication Instructions,This medicine may increase the risk of muscle damage when taken with statins.,Moriana ona o ka eketsa kotsi ea kotsi ea mochine ha o nkoa le li-statin.,WHO,medication-instructions-v1,,reviewed,
1131,Tuberculosis,"After inhalation, TB bacteria are engulfed by alveolar macrophages in the lungs.","Ka mor'a ho hema, bakteria ea TB e metsooa ke li-macrophage tsa alveolar matšoafong.",NIH,tb-pathophysiology,,reviewed,
1462,Tuberculosis,Home visits by community health workers improve TB treatment adherence and reduce loss to follow-up.,Litsebeliso tsa lapeng tsa basebetsi ba bophelo bo botle ba sechaba li ntlafatsa ho latela phekolo ea TB le ho fokotsa ho lahlehela ho latela.,WHO,tb-home-visits,,reviewed,
277,HIV,I am worried that people will find out I have HIV if they see my medicine.,Ke tšhaba hore batho ba tla tseba hore ke na le HIV ha ba bona medicine ya ka.,clinical_fieldwork,patient-hiv-disclosure,,raw,
2223,Medication Instructions,Contact your doctor if you develop a persistent fever while taking this medicine.,Ikopanye le ngaka ea hau haeba u ba le feberu e tsoelang pele ha u nka moriana ona.,WHO,medication-instructions-v1,,reviewed,
2332,Medication Instructions,Avoid taking high-dose vitamin A supplements at the same time as this medicine.,Hana ho nka lisebelisoa tsa vitamin A tsa dose e phahameng ka nako e tšoanang le moriana ona.,WHO,medication-instructions-v1,,reviewed,
4323,Maternal and Child Health,I would like a long-term contraceptive method.,Ke rata mokhoa oa thibelo ea ho mitsa oa nako e telele.,WHO,maternal-child-health-v1,,reviewed,
1303,Tuberculosis,Contact investigation for MDR-TB cases should include drug susceptibility testing of any secondary cases.,Patlisiso ea batho ba kileng ba kopana le linyeoe tsa MDR-TB e lokela ho kenyelletsa tlhahlobo ea kutlo ea meriana ho linyeoe leha e le life tsa bobeli.,WHO,tb-mdr-contact-dst,,reviewed,
2518,Medication Instructions,Give the medicine to the child at the correct temperature; do not give cold medicine.,Fana ka moriana ho ngoana ka mocheso o nepahetseng; u se ke ua fana ka moriana o batang.,WHO,medication-instructions-v1,,reviewed,
223,HIV,Pregnant women who tested HIV-negative should be retested in the third trimester.,Basali ba mitsi ba hlahlobelitsoeng HIV mme ba fumana sephetho se senyenyane ba lokela ho hlahlobeloa hape nako ea boraro ea ho ima.,WHO,pmtct-testing,,reviewed,
2037,Medication Instructions,Apply the antibiotic ointment to the eyelid margin using a clean cotton bud.,Sebelisa antibiotic ointment moeling oa sefahleho sa leihlo ka ho sebelisa cotton bud e hloekileng.,WHO,medication-instructions-v1,,reviewed,
1925,Medication Instructions,Take one tablet every eight hours for five days.,Nka pilisi e le ngoe ka maho a robeli ka matsatsi a hlano.,WHO,medication-instructions-v1,,reviewed,
574,HIV,Bring a trusted friend or family member to your clinic appointment for support.,Tsoela monna wa hao yo a ikemetseng kantora ya mokgatlo wa bophelo hore a o tshwarele.,CDC_HIVNexus,hiv-clinic-support,,raw,
1237,Tuberculosis,Liver function tests should be performed at baseline and repeated if symptoms of hepatotoxicity develop.,Liteko tsa tšebetso ea sebete li lokela ho etsoa qalong ea kalafo ’me li phetoe haeba matšoao a chefo sebeteng a hlaha.,WHO,tb-lft-monitoring,,reviewed,
3545,Appointments and Follow-Up,Can I schedule an appointment for a social worker consultation?,Na nka rerela appointment bakeng sa keletso ea mosebetsi oa sechaba?,WHO,appointments-followup-v1,,reviewed,
2134,Medication Instructions,Keep the medication in its original packaging to preserve stability.,Boloka moriana phupung ea ona ea pele ho boloka botsitso.,WHO,medication-instructions-v1,,reviewed,
1335,Tuberculosis,"TB in pregnancy is associated with increased risk of maternal mortality, preterm birth, and low birth weight.","TB nakong ea bokhachane e amahanngoa le kotsi e eketsehileng ea lefu la ’mè, ho beleha pele ho nako, le lesea le hlahang le le boima bo tlase.",WHO,tb-pregnancy-outcomes,,reviewed,
2458,Medication Instructions,"If you miss a dose of a nasal spray, use it as soon as you remember.","Haeba u lahlehetsoe ke dose ea nasal spray, e sebelise hang hang ha u hopola.",WHO,medication-instructions-v1,,reviewed,
419,HIV,Shock and kill strategies aim to activate latent HIV so it can be eliminated.,Maano a shock le kill a ikemiseditse ho vuseletsa HIV e patileng hore e tle e felisoe.,NIH_HIVinfo,hiv-cure-research,,reviewed,
4915,General Patient Education,Every step towards better mental health is worth celebrating.,Mohato o mong le o mong o eang ho bophelo bo botle ba kelello o lokeloa ke ho ketekoa.,WHO,general-patient-education-v1,,reviewed,
1105,Tuberculosis,Mobile TB testing units can bring diagnostic services to remote and underserved communities.,Liqenehelo tsa liteko tsa TB tse tsamaelang li ka tlisa litshebeletso tsa tlhahlobo sechabeng se hole le se sa sebelisoeng hantle.,DOH_SA,tb-mobile-testing,,reviewed,
258,HIV,The 95-95-95 targets aim for 95 percent of people with HIV to know their status.,Lipheo tsa 95-95-95 li ikemiseditse hore batho ba 95 pesente ba nang le HIV ba tsebe boemo ba bona.,UNAIDS,hiv-95-95-95,,reviewed,
296,HIV,Children living with HIV need regular monitoring of their growth and development.,Bana ba phelang le HIV ba hlokang ho tseba hore ba tsebe ka kgwebo le tshebetso ya bona ya bophelo.,WHO,hiv-paediatric,,raw,
2362,Medication Instructions,Do not take this medicine with antispasmodic drugs without medical advice.,U se ke ua nka moriana ona le meriana ea antispasmodic ntle le keletso ea ngaka.,WHO,medication-instructions-v1,,reviewed,
387,HIV,Tenofovir disoproxil fumarate is a nucleoside reverse transcriptase inhibitor used in first-line ART.,Tenofovir disoproxil fumarate ke kabo e etsang ka mokhoa wa ho hanela nucleoside reverse transcriptase e tsoang ho tseba HIV.,NIH_HIVinfo,art-tenofovir,,raw,
3309,Symptoms and Complaints,I have double vision that is getting worse.,Ke na le ho bona ka habeli ho mpe.,WHO,symptoms-complaints-v1,,reviewed,
4014,Maternal and Child Health,I have been having headaches throughout my pregnancy.,Ke na le ho thola mahlo during bohlokehi bohle ba ka.,WHO,maternal-child-health-v1,,raw,
2232,Medication Instructions,This medicine may cause a decrease in calcium levels with long-term use.,Moriana ona o ka baka ho fokotseha ha maemo a calcium ka tšebediso ea nako e telele.,WHO,medication-instructions-v1,,reviewed,
2555,Medication Instructions,Do not give the medicine to a child who is on a soy-free diet without checking ingredients.,U se ke ua fana ka moriana ho ngoana ea lijo tse se nang soy ntle le ho hlahloba lihlahisoa.,WHO,medication-instructions-v1,,reviewed,
4336,Maternal and Child Health,I had the contraceptive implant inserted six months ago.,Ke kentsoe implant ea thibelo ea ho mitsa likhoeling tse tšeletseng tse fetileng.,WHO,maternal-child-health-v1,,reviewed,
3516,Appointments and Follow-Up,I would like to see a specialist as soon as possible.,Ke rata ho bona ngaka e khethehileng kamoo ho khonehang ka potlako.,WHO,appointments-followup-v1,,reviewed,
1840,Medication Instructions,"Take two tablets on day one, then one tablet on days two through five.","Nka lipilisi tse peli letsatsing la pele, ebe o nka pilisi e le ngoe matsatsing a mabeli ho isa ho a hlano.",WHO,medication-instructions-v1,,reviewed,
4385,Maternal and Child Health,I was told that some contraceptives can cause irregular periods.,Ke boletsoe hore lithibelo tse ling tsa ho mitsa li ka baka linako tsa khoeli tse sa tloaelehang.,WHO,maternal-child-health-v1,,reviewed,
1564,Tuberculosis,Ventilating indoor spaces reduces the concentration of TB bacteria in the air.,Ho fana ka moea libakeng tsa ka hare ho fokotsa bongata ba bakteria ea TB moeeng.,WHO,tb-ventilation,,reviewed,
2016,Medication Instructions,Apply the medicated dressing to the ulcer and change it every two days.,Sebelisa dressing ea moriana ulcer mme u e fetole matsatsi a mabeli le mabeli.,WHO,medication-instructions-v1,,reviewed,
1401,Tuberculosis,BCG should not be given to HIV-positive infants with symptomatic HIV disease.,BCG ha e lokela ho fanoa ho bana ba nang le HIV ba nang le matšoao a bolwetse ba HIV.,WHO,tb-bcg-hiv,,reviewed,
713,HIV,Mild IRIS can be managed by continuing ART and treating the underlying infection.,IRIS e bonolo e ka laoloa ka ho tsoela pele ART le ho phekola tšoaetso e ka tlaase.,NIH_HIVinfo,iris-management,,reviewed,
2421,Medication Instructions,"Take the missed dose as soon as you remember, but do not take two doses at once.","Nka dose e lahlehileng hang hang ha u hopola, empa u se ke ua nka li-dose tse peli ka nako e le ngoe.",WHO,medication-instructions-v1,,reviewed,
2620,Medication Instructions,Inform your doctor if you vomit within one hour of taking your medicine.,Tsebisa ngaka ea hau haeba u hlatsa ka hare ho hora e le ngoe oa ho nka moriana oa hau.,WHO,medication-instructions-v1,,reviewed,
210,HIV,PEP involves taking ART medicines for 28 days after a possible HIV exposure.,PEP e kenyelletsa ho nka meriana ea ART ka matsatsi a 28 ka mora ho ba kotsing ea ho tsoaetsoa ke HIV.,WHO,hiv-pep,,reviewed,
4945,General Patient Education,Teach children to swim to reduce the risk of drowning.,Ruta bana ho nea ho fokotsa kotsi ea ho fifela.,WHO,general-patient-education-v1,,reviewed,
1290,Tuberculosis,Psychiatric side effects including depression and psychosis can occur with cycloserine.,"Litla-morao tsa kelello, ho kenyeletsa khatello ea maikutlo le psychosis, li ka hlaha ka cycloserine.",NIH,tb-cycloserine-psychiatric,,reviewed,
450,HIV,Women who experience violence are less likely to access HIV testing and treatment.,Basali ba bonang tlhoriso ba ka nna ba se fumane liteko tsa HIV le phekolo ka bonolo.,UNAIDS,hiv-gender-violence,,reviewed,
4092,Maternal and Child Health,I was given postnatal care instructions before leaving the hospital.,Ke ile ya arwa ditaelo tsa ka morao ga tswalo pele ke tswa hospitaleng.,WHO,maternal-child-health-v1,,raw,
2570,Medication Instructions,Give the medicine to the child with a small amount of warm water if needed.,Fana ka moriana ho ngoana le metsi a futhumetseng a manyenyane haeba ho hlokeha.,WHO,medication-instructions-v1,,reviewed,
1821,Medication Instructions,Take one tablet on an empty stomach first thing in the morning.,Nka pilisi e le ngoe ka mala a se nang lijo ntho ea pele hoseng.,WHO,medication-instructions-v1,,reviewed,
959,HIV,Consistent condom use during every sexual encounter significantly reduces HIV transmission risk.,Tšebediso ea kamehla ea khohlopo nakong ea kopano le kopano ea thobalano e fokotsa haholo kotsi ea phetisetso ea HIV.,UNAIDS,hiv-condom-use,,reviewed,
1794,Tuberculosis,Cutaneous TB presents as skin lesions and is a rare form of extrapulmonary disease.,TB ea letlalo e bontšoa e le maqeba a letlalo mme ke mofuta o sa tloaelehang oa bolwetse ba kantle ho matšoafo.,WHO,tb-patch-final,,reviewed,
4787,General Patient Education,Health is a human right and everyone deserves quality care.,Bophelo bo botle ke tokelo ea botho mme bohle ba lokeloa ke tlhokomelo ea boleng.,WHO,general-patient-education-v1,,reviewed,
655,HIV,A repeat viral load test should be done three months after enhanced adherence counselling.,Tlhahlobo ea viral load e phindilloeng e lokela ho etsoa likhoeli tse tharo ka mor'a keletso e ntlafatsoeng ea ho latela.,WHO,hiv-eac,,reviewed,
2408,Medication Instructions,"If you miss a dose, write it down and inform your doctor at the next visit.","Haeba u lahlehetsoe ke dose, e ngola mme u tsebise ngaka ea hau tsebelisong e latelang.",WHO,medication-instructions-v1,,reviewed,
3853,Appointments and Follow-Up,I want to ask about the specialist hospital in this area.,Ke rata ho botsa ka sepetlele sa bangaka ba khethehileng sebakeng sena.,WHO,appointments-followup-v1,,reviewed,
1996,Medication Instructions,Inhale the bronchodilator before the corticosteroid inhaler.,Hema bronchodilator pele ho inhaler ea corticosteroid.,WHO,medication-instructions-v1,,reviewed,
1761,Tuberculosis,Share TB information with your family and neighbours to protect your community.,Arolelana tsebo ea TB le lelapa la hau le baahisane ho sireletsa sechaba sa hau.,DOH_SA,tb-community-sharing,,reviewed,
2355,Medication Instructions,This medicine may increase the risk of hypoglycemia with other antidiabetic drugs.,Moriana ona o ka eketsa kotsi ea hypoglycemia le meriana e meng ea antidiabetic.,WHO,medication-instructions-v1,,reviewed,
2742,Symptoms and Complaints,I feel very unwell and my condition is getting worse.,Ke ikutloa ke sa phela hantle haholo mme boemo ba ka bo mpe.,WHO,symptoms-complaints-v1,,reviewed,
2618,Medication Instructions,Take your medicine with food if the instructions say to take it with meals.,Nka moriana oa hau le lijo haeba litaelo li re o nke le lijo.,WHO,medication-instructions-v1,,reviewed,
412,HIV,Loss to follow-up from HIV care is a major challenge in many countries.,Ho lahlehela ho latela tlhokomelo ea HIV ke mathata a maholo linaheng tse ngata.,UNAIDS,hiv-retention,,reviewed,
1775,Tuberculosis,Bronchiectasis can be a long-term complication of severe pulmonary tuberculosis.,Bronchiectasis e ka ba bothata ba nako e telele ba tuberculosis e matla ea matšoafo.,NHS,tb-bronchiectasis,,reviewed,
3979,Appointments and Follow-Up,I was given a list of warning signs to look out for.,Ke filoe lethathamo la matšoao a temoso ho ela hloko.,WHO,appointments-followup-v1,,reviewed,
2187,Medication Instructions,Contact your doctor if you develop signs of infection such as fever or chills.,Ikopanye le ngaka ea hau haeba u ba le lišoaetso tsa tšoaetso joalo ka feberu kapa ho thothomela.,WHO,medication-instructions-v1,,reviewed,
2380,Medication Instructions,Avoid taking high-dose saw palmetto supplements at the same time as this medicine.,Hana ho nka lisebelisoa tsa saw palmetto tsa dose e phahameng ka nako e tšoanang le moriana ona.,WHO,medication-instructions-v1,,reviewed,
3964,Appointments and Follow-Up,The nurse told me to record my blood sugar readings.,Mooki o mpoleletse ho ngola lipalo tsa tsoekere ea mali ea ka.,WHO,appointments-followup-v1,,reviewed,
4312,Maternal and Child Health,I was advised to teach my child about road safety.,Ke keletsoeng ho ruta ngoana oa ka ka polokeho ea tsela.,WHO,maternal-child-health-v1,,reviewed,
4775,General Patient Education,Follow the referral process to access specialist care.,Latela ts'ebetso ea referral ho fihlela tlhokomelo ea setsebi.,WHO,general-patient-education-v1,,reviewed,
3703,Appointments and Follow-Up,The nurse told me my viral load is undetectable.,Mooki o mpoleletse hore viral load ea ka ha e fumanehe.,WHO,appointments-followup-v1,,reviewed,
3973,Appointments and Follow-Up,I was told my child's vaccinations are up to date.,Ke boletsoe hore liente tsa ngoana oa ka li ntlafetse.,WHO,appointments-followup-v1,,reviewed,
4766,General Patient Education,Outreach programmes provide services to people who cannot access facilities.,Mananeo a ho fihla batho a fana ka litšebeletso ho batho ba ke keng ba fihlela litheong.,WHO,general-patient-education-v1,,reviewed,
3559,Appointments and Follow-Up,Can I change my appointment to an earlier time?,Na nka fetola appointment ea ka ho nako e pele?,WHO,appointments-followup-v1,,reviewed,
4111,Maternal and Child Health,I have been experiencing pain at my caesarean scar.,Ke gona le bolwetse kwa lebopong la caesarean.,WHO,maternal-child-health-v1,,raw,
3498,Symptoms and Complaints,I have been experiencing sharp pain in my lower abdomen for two days.,Ke ntse ke ikutloa mahloko a bohale mpeng ea ka e tlase matsatsi a mabeli.,WHO,symptoms-complaints-v1,,reviewed,
3766,Appointments and Follow-Up,I was reminded that I can bring a family member for support.,Ke khumamisitsoe hore nka tlisa leloko la lelapa bakeng sa tshehetso.,WHO,appointments-followup-v1,,reviewed,
431,HIV,Criminalisation of key populations increases HIV risk by driving them away from health services.,Ho etsoa molato ha sechaba se bohlokoa ho eketsa kotsi ea HIV ka ho se khahlela ho tsoa litshebeletso tsa bophelo bo botle.,UNAIDS,hiv-legal-environment,,reviewed,
4485,General Patient Education,Stay at home when you are sick to prevent spreading illness.,Lula lapeng ha o kula ho thibela ho atatela ha bolwetse.,WHO,general-patient-education-v1,,reviewed,
2322,Medication Instructions,Do not take this medicine with antiretroviral drugs without medical advice.,U se ke ua nka moriana ona le meriana ea antiretroviral ntle le keletso ea ngaka.,WHO,medication-instructions-v1,,reviewed,
1367,Tuberculosis,"TB stigma is rooted in historical associations of TB with poverty, weakness, and moral failure.","Sekhobo sa TB se metse ka metso likamanong tsa histori tse hokahanyang TB le bofuma, bofokoli, le ho hloleha ha boitšoaro.",WHO,tb-stigma-history,,reviewed,
1993,Medication Instructions,Administer the oral rehydration solution in small sips over several hours.,Fana ka setšoelo sa ho noa sa ho busa metsi ka meno a manyenyane ka maho a mang.,WHO,medication-instructions-v1,,reviewed,
2852,Symptoms and Complaints,I have a dull ache in my lower abdomen.,Ke na le mahloko a fokolang mpeng ea ka e tlase.,WHO,symptoms-complaints-v1,,reviewed,
1177,Tuberculosis,Thrombocytopenia — low platelet count — is a rare but serious side effect of rifampicin.,Thrombocytopenia — palo e tlase ea li-platelet — ke tlhamorao e sa tloaelehang empa e matla ea rifampicin.,NIH,tb-rifampicin-thrombocytopenia,,reviewed,
3529,Appointments and Follow-Up,I need to schedule an appointment for a viral load test.,Ke hloka ho rerela appointment bakeng sa tlhahlobo ea viral load.,WHO,appointments-followup-v1,,reviewed,
1477,Tuberculosis,Alcohol and TB have a bidirectional relationship — alcohol worsens TB and TB worsens alcohol use.,Joala le TB li na le kamano ea mahlakore a mabeli — joala le mpe TB mme TB le mpe tšebediso ea joala.,WHO,tb-alcohol-bidirectional,,reviewed,
3741,Appointments and Follow-Up,I was told to arrive fifteen minutes before my appointment.,Ke boletsoe ho fihla metsotso e leshome le metso e mehlano pele ho appointment ea ka.,WHO,appointments-followup-v1,,reviewed,
2046,Medication Instructions,Do not freeze this medication.,U se ke ua khatisa moriana ona.,WHO,medication-instructions-v1,,reviewed,
103,HIV,Post-exposure prophylaxis must be started within 72 hours of a possible HIV exposure.,Post-exposure prophylaxis (PEP) e lokela ho qaloa ka hare ho lihora tse 72 ka mor'a hore motho a ka ba a pepesitsoe kotsing ea HIV.,WHO,hiv-pep,,reviewed,
4332,Maternal and Child Health,I would like information about the contraceptive injection.,Ke rata tlhahisoleseling ka ente ea thibelo ea ho mitsa.,WHO,maternal-child-health-v1,,reviewed,
2993,Symptoms and Complaints,I have a wheezing sound when I breathe.,Ke na le modumo oa ho hema ha ke hema.,WHO,symptoms-complaints-v1,,reviewed,
1264,Tuberculosis,Community TB care models have been shown to achieve treatment success rates comparable to facility-based care.,Mehlala ea tlhokomelo ea TB sechabeng e bontšitsoe hore e ka fihlela litekanyetso tsa katleho ea kalafo tse bapisoang le tlhokomelo e fanoang setsing sa bophelo.,WHO,tb-community-care-outcomes,,reviewed,
2882,Symptoms and Complaints,I have a dull ache in my lower back that has lasted for months.,Ke na le mahloko a fokolang mokokotlong oa ka o tlase a tsoelang likhoeli.,WHO,symptoms-complaints-v1,,reviewed,
3139,Symptoms and Complaints,I have a sharp pain in my lower abdomen that comes in waves.,Ke na le mahloko a bohale mpeng ea ka e tlase a tlang ka maqhubu.,WHO,symptoms-complaints-v1,,reviewed,
3623,Appointments and Follow-Up,I have an appointment for a wound dressing.,Ke na le appointment bakeng sa ho koahela ntoa.,WHO,appointments-followup-v1,,reviewed,
3204,Symptoms and Complaints,I have been having episodes of sudden vision loss.,Ke ntse ke na le linako tsa ho lahleheloa ke pono ka tšohanyetso.,WHO,symptoms-complaints-v1,,reviewed,
4279,Maternal and Child Health,I was told my baby should be walking by twelve months.,Ke boletsoe hore ngoana oa ka o lokela ho tsamaea likhoeling tse leshome le metso e mebeli.,WHO,maternal-child-health-v1,,reviewed,
3300,Symptoms and Complaints,I have a rash on my hands that is peeling.,Ke na le ho ruruha ha letlalo matsoho a ka ho hlokohang.,WHO,symptoms-complaints-v1,,reviewed,
4994,General Patient Education,Blood tests can reveal health problems before symptoms appear.,Litlhahlobo tsa mali li ka senola mathata a bophelo pele matšoao a hlaha.,WHO,general-patient-education-v1,,reviewed,
3634,Appointments and Follow-Up,I am here for my liver function test results.,Ke teng bakeng sa liphetho tsa tlhahlobo ea tšebetso ea sebete sa ka.,WHO,appointments-followup-v1,,reviewed,
1644,Tuberculosis,TB relapse can occur months or years after completing treatment.,Ho khutlela morao ha TB ho ka etsahala likhoeli kapa lilemo ka mor'a ho phetela phekolo.,CDC,tb-relapse,,reviewed,
4506,General Patient Education,Inform your sexual partner if you have a sexually transmitted infection.,Tsebisa molekane oa hao oa thobalano haeba o na le tšoaetso e fetisanang ka thobalano.,WHO,general-patient-education-v1,,reviewed,
1,HIV,Antiretroviral therapy should be started as soon as possible after an HIV diagnosis.,Phekolo ea lithibela-mafofore (Antiretroviral therapy) e lokela ho qaleha kapele kamoo ho ka khonehang ka mor'a ho fumanoa u ena le tšoaetso ea HIV.,WHO,art-initiation,,verified,
1581,Tuberculosis,TB treatment should be started as soon as possible in people living with HIV.,Phekolo ea TB e lokela ho qaloa kamoo ho khonehang ka potlako ho batho ba phelang le HIV.,WHO,tb-hiv-treatment-timing,,reviewed,
4423,General Patient Education,A balanced diet supports your immune system and recovery.,Phepo e lekaneng e tshehetsa tšireletso ea 'mele oa hao le ho fola.,WHO,general-patient-education-v1,,reviewed,
4117,Maternal and Child Health,I am struggling to produce enough breast milk.,Ke na le thata ka ho etsa lefatshe la nka.,WHO,maternal-child-health-v1,,raw,
1357,Tuberculosis,All TB patients should be screened for diabetes mellitus at the time of diagnosis.,Bakuli bohle ba TB ba lokela ho hlahlojoa bakeng sa lefu la tsoekere nakong eo ba fumanang tlhahlobo ea TB.,WHO,tb-diabetes-screening,,reviewed,
4202,Maternal and Child Health,I was told to give my child oral rehydration solution.,Ke boletsoe ho fa ngoana oa ka sesebelisoa sa ho noa sa ho khutlisa metsi.,WHO,maternal-child-health-v1,,reviewed,
4575,General Patient Education,Grapefruit can interact with some medications and should be avoided.,Grapefruit e ka kopana le meriana e meng mme e lokela ho hanoa.,WHO,general-patient-education-v1,,reviewed,
3734,Appointments and Follow-Up,I was told that consistent follow-up improves my health outcomes.,Ke boletsoe hore ho latela ho tsitsitseng ho ntlafatsa liphetho tsa bophelo ba ka.,WHO,appointments-followup-v1,,reviewed,
2026,Medication Instructions,Administer the nasal drops by tilting the head back before instilling.,Fana ka litšoelelo tsa nko ka ho kekela hlooho morao pele ho kenya.,WHO,medication-instructions-v1,,reviewed,
2219,Medication Instructions,Contact your doctor if you develop persistent hiccups while taking this medicine.,Ikopanye le ngaka ea hau haeba u ba le ho hekela ho tsoelang pele ha u nka moriana ona.,WHO,medication-instructions-v1,,reviewed,
397,HIV,I have white patches in my mouth and it is painful to eat.,"Ke na le mefuta e mesweu ka mahlakoreng, 'me ke hloka ho ja.",clinical_fieldwork,patient-oi-symptoms,,raw,
4942,General Patient Education,Pedestrians should use designated crossings and walkways.,Baeti ba maoto ba lokela ho sebelisa libaka tse khethiloeng tsa ho tšela le ho tsamaea.,WHO,general-patient-education-v1,,reviewed,
1065,Tuberculosis,Sputum culture remains the gold standard for TB diagnosis and drug susceptibility testing.,Culture ea mathe e ntse e le sesupo sa tšimong ea ho fumana TB le ho lekoa ha ho amehela ha meriana.,WHO,tb-culture,,reviewed,
3081,Symptoms and Complaints,I have difficulty breathing and my breathing is very irregular.,Ke na le bothata ba ho hema mme ho hema ha ka ha tloaelehang haholo.,WHO,symptoms-complaints-v1,,reviewed,
2154,Medication Instructions,This medicine may cause constipation; increase your fluid and fibre intake.,Moriana ona o ka baka ho tšoaroa ha mala; eketsa ho noa metsi le fibre.,WHO,medication-instructions-v1,,reviewed,
819,HIV,Your CD4 count has improved significantly since you started treatment.,Palo ea CD4 ea hau e ntlafetse haholo ho tloha ha u qala phekolo.,clinical_fieldwork,clinician-patient-communication,,reviewed,
1813,Medication Instructions,Take one tablet thirty minutes before meals.,Nka pilisi e le ngoe metsotso e mashome a mararo pele ho lijo.,WHO,medication-instructions-v1,,reviewed,
2553,Medication Instructions,Do not give the medicine to a child who is on a nut-free diet without checking ingredients.,U se ke ua fana ka moriana ho ngoana ea lijo tse se nang manamune ntle le ho hlahloba lihlahisoa.,WHO,medication-instructions-v1,,reviewed,
1553,Tuberculosis,"The BPaL regimen uses bedaquiline, pretomanid, and linezolid for highly resistant TB.","Leano la BPaL le sebelisa bedaquiline, pretomanid, le linezolid bakeng sa TB e khakanyeng haholo.",WHO,tb-bpal,,reviewed,
4048,Maternal and Child Health,I was told to go to the hospital if I have blurred vision.,Ke ile ya tsibiswa ke tsamaye kongpong e kgabong ha ke se ke bone sentle.,WHO,maternal-child-health-v1,,raw,
817,HIV,You need to come back to the clinic in three months for your next viral load test.,U hloka ho khutlela klinikhing ka mor'a likhoeli tse tharo bakeng sa tlhahlobo ea hau ea viral load e tlang.,clinical_fieldwork,clinician-patient-communication,,reviewed,
1573,Tuberculosis,Reducing overcrowding in homes and workplaces lowers the risk of TB transmission.,Ho fokotsa ho tletse batho malapa le mafapheng a mosebetsi ho theohisa kotsi ea phetisetso ea TB.,WHO,tb-overcrowding,,reviewed,
4553,General Patient Education,Physical activity combined with a healthy diet helps maintain a healthy weight.,Mesebetsi ea 'mele hammoho le phepo e ntle e thusa ho boloka boima bo botle.,WHO,general-patient-education-v1,,reviewed,
1801,Medication Instructions,Take one tablet twice daily with food.,Nka pilisi e le ngoe habeli ka letsatsi le lijo.,WHO,medication-instructions-v1,,reviewed,
4288,Maternal and Child Health,I was advised to limit screen time for my young child.,Ke keletsoeng ho fokotsa nako ea ho sheba skrine bakeng sa ngoana oa ka ea monyenyane.,WHO,maternal-child-health-v1,,reviewed,
382,HIV,Wasting syndrome is characterised by significant unintentional weight loss in people with HIV.,Wasting syndrome e gweka e le ya kgwebo e seng kae e kgethegileng ya batho ba nang le HIV.,CDC_HIVNexus,hiv-wasting,,raw,
2875,Symptoms and Complaints,I have pain in my lower back that is constant.,Ke na le mahloko mokokotlong oa ka o tlase a tsoelang pele.,WHO,symptoms-complaints-v1,,reviewed,
4348,Maternal and Child Health,I would like information about female condoms.,Ke rata tlhahisoleseling ka li-condom tsa basali.,WHO,maternal-child-health-v1,,reviewed,
4627,General Patient Education,"A healthy lifestyle combines good nutrition, exercise, and rest.","Mokhoa oa bophelo o motle o kopanya phepo e ntle, ho itlama, le ho khutsa.",WHO,general-patient-education-v1,,reviewed,
3504,Appointments and Follow-Up,I would like to see the doctor as soon as possible.,Ke rata ho bona ngaka kamoo ho khonehang ka potlako.,WHO,appointments-followup-v1,,reviewed,
2312,Medication Instructions,Avoid taking vitamin C supplements at the same time as this medicine.,Hana ho nka lisebelisoa tsa vitamin C ka nako e tšoanang le moriana ona.,WHO,medication-instructions-v1,,reviewed,
1781,Tuberculosis,A weakened immune system is the most common trigger for latent TB to become active.,Tšireletso ea 'mele e fokolang ke senyehelo se tloaelehileng ka ho fetisisa sa TB e patileng ho sebetsa.,WHO,tb-patch-final,,reviewed,
2727,Symptoms and Complaints,I have been feeling confused and disoriented.,Ke ntse ke ikutloa ke tsieleha le ho lahlehela.,WHO,symptoms-complaints-v1,,reviewed,
2438,Medication Instructions,"If you miss a dose of an antituberculosis drug, take it as soon as you remember.","Haeba u lahlehetsoe ke dose ea moriana oa ho loa TB, e nke hang hang ha u hopola.",WHO,medication-instructions-v1,,reviewed,
2334,Medication Instructions,Do not take this medicine with antidiabetic drugs without medical advice.,U se ke ua nka moriana ona le meriana ea antidiabetic ntle le keletso ea ngaka.,WHO,medication-instructions-v1,,reviewed,
865,HIV,Older adults living with HIV should be screened for frailty at every clinic visit.,Batho ba baholo ba phelang le HIV ba lokela ho hlahlobeloa ho fokolehela letsetsong le leng le le leng la kliniki.,NIH_HIVinfo,hiv-frailty-screening,,reviewed,
3639,Appointments and Follow-Up,I have an appointment to review my treatment plan.,Ke na le appointment ho hlahloba leano la phekolo ea ka.,WHO,appointments-followup-v1,,reviewed,
3165,Symptoms and Complaints,I have been having episodes of severe nausea.,Ke ntse ke na le linako tsa ho nyakeloa ho matla.,WHO,symptoms-complaints-v1,,reviewed,
555,HIV,Annual influenza vaccination is recommended for all people living with HIV.,Go amogela vekse ya mafelo a mmala ha ngwaga le ngwaga e tšwelaletsweng batho bohle ba phelang le HIV.,WHO,hiv-influenza-vaccine,,raw,
1160,Tuberculosis,Pyridoxine (vitamin B6) is given alongside isoniazid to prevent peripheral neuropathy.,Pyridoxine (vitamin B6) e fanoa hammoho le isoniazid ho thibela neuropathy ea maphethelo.,WHO,tb-pyridoxine,,reviewed,
1214,Tuberculosis,TB in adolescents is often under-diagnosed because symptoms may be attributed to other causes.,Hangata lefuba ho bacha ha le fumanoe kapele hobane matšoao a lona a ka ferekanngoa le a mafu a mang,WHO,tb-adolescent-diagnosis,,reviewed,
3761,Appointments and Follow-Up,I was told that stress can affect my immune system.,Ke boletsoe hore khatello ea maikutlo e ka angoa tšireletso ea 'mele oa ka.,WHO,appointments-followup-v1,,reviewed,
4214,Maternal and Child Health,My child has been on ART for six months and is doing well.,Ngoana oa ka o ntse a nka ART likhoeling tse tšeletseng mme o phela hantle.,WHO,maternal-child-health-v1,,reviewed,
49,HIV,Peripheral neuropathy causing numbness or tingling in the hands and feet can be a side effect of some HIV medicines.,Bohloko ba methapo ea kutlo (peripheral neuropathy) bo bakang ho shoa litho kapa ho hlohlona matsohong le maotong (numbness or tingling in the hands and feet) e ka ba phello ea lehlakore ea meriana e meng ea HIV.,NIH_HIVinfo,art-side-effects,,reviewed,
2368,Medication Instructions,Avoid taking high-dose black cohosh supplements at the same time as this medicine.,Hana ho nka lisebelisoa tsa black cohosh tsa dose e phahameng ka nako e tšoanang le moriana ona.,WHO,medication-instructions-v1,,reviewed,
701,HIV,Cotrimoxazole prophylaxis should be started in all people with CD4 counts below 350.,Prophylaxis ea cotrimoxazole e lokela ho qaloa ho batho bohle ba nang le palo ea CD4 e tlase ho 350.,WHO,oi-ctx-threshold,,reviewed,
653,HIV,Enhanced adherence counselling should be provided before switching ART regimens.,Keletso e ntlafatsoeng ea ho latela e lokela ho fanoa pele ho fetohela mananeo a mang a ART.,WHO,hiv-eac,,reviewed,
3934,Appointments and Follow-Up,I was told my viral load is undetectable at my last appointment.,Ke boletsoe hore viral load ea ka ha e fumanehe appointment ea ka ea ho qetela.,WHO,appointments-followup-v1,,reviewed,
4410,General Patient Education,You have the right to a second opinion from another doctor.,O na le tokelo ea ho fumana maikutlo a bobeli ho tsoa ngakeng e nngwe.,WHO,general-patient-education-v1,,reviewed,
3312,Symptoms and Complaints,I have a rash on my buttocks that is very sore.,Ke na le ho ruruha ha letlalo lethekeng la ka ho bohlokang haholo.,WHO,symptoms-complaints-v1,,reviewed,
749,HIV,Problem-solving therapy helps people living with HIV address practical barriers to care.,Phekolo ea ho rarolla mathata e thusa batho ba phelang le HIV ho sebetsana le meqoqo ea pratiki ea tlhokomelo.,PMC,hiv-problem-solving-therapy,,reviewed,
1456,Tuberculosis,Domestic financing for TB programmes must increase to reduce dependence on donor funding.,Lichelete tsa lapeng bakeng sa mananeo a TB li lokela ho eketseha ho fokotsa ho itseta holim'a lichelete tsa bafani.,WHO,tb-domestic-financing,,reviewed,
4196,Maternal and Child Health,My child was given deworming medication at the clinic.,Mwana wa ka o ile a fumana meriana ya go hola dinwe e kereke.,WHO,maternal-child-health-v1,,raw,
2390,Medication Instructions,Do not take two doses at the same time to compensate for a missed dose.,U se ke ua nka li-dose tse peli ka nako e tšoanang ho ntšetsa pele dose e lahlehileng.,WHO,medication-instructions-v1,,reviewed,
3495,Symptoms and Complaints,I have sores in my mouth that are very painful.,Ke na le maqeba molomong oa ka a bohlokang haholo.,WHO,symptoms-complaints-v1,,reviewed,
867,HIV,Retirement and bereavement can trigger depression in older people living with HIV.,Ho hlolohala mosebetsing le mahlomola a lefu li ka baka ho nyamela ho batho ba baholo ba phelang le HIV.,PMC,hiv-older-adults-psychosocial,,reviewed,
753,HIV,Social support from family and friends is a protective factor for mental health in people living with HIV.,Tshehetso ea sechaba ho tsoa ho lelapa le metsoalle ke ntlha ea tšireletso ea bophelo ba kelello ho batho ba phelang le HIV.,PMC,hiv-social-support,,reviewed,
1645,Tuberculosis,Report any new symptoms after completing TB treatment to your healthcare provider.,Tsebisa mofani oa hau oa tlhokomelo ea bophelo bo botle matšoao afe kafe a mocha ka mor'a ho phetela phekolo ea TB.,NHS,tb-post-treatment-symptoms,,reviewed,
93,HIV,Discrimination against people living with HIV is a violation of human rights.,Khethollo khahlanong le batho ba phelang le HIV ke tlolo ea litokelo tsa botho (violation of human rights).,UNAIDS,hiv-stigma,,reviewed,
4825,General Patient Education,Inform your sexual partner if you are diagnosed with an STI.,Tsebisa molekane oa hao oa thobalano haeba o hlahlojoe ka STI.,WHO,general-patient-education-v1,,reviewed,
3102,Symptoms and Complaints,I have been passing pale-coloured stools.,Ke ntse ke fetisa manyelo a mmala o pheelang.,WHO,symptoms-complaints-v1,,reviewed,
2433,Medication Instructions,"Take the missed dose as soon as you remember, unless advised otherwise by your doctor.","Nka dose e lahlehileng hang hang ha u hopola, ntle le haeba ngaka ea hau e laetsa ngoana.",WHO,medication-instructions-v1,,reviewed,
2630,Medication Instructions,Take your medicine with a routine meal to help you remember.,Nka moriana oa hau le lijo tsa kamehla ho u thusa ho hopola.,WHO,medication-instructions-v1,,reviewed,
1491,Tuberculosis,"After I recovered from TB, I started opening my windows every day to keep the air fresh.","Ka mor'a ho fola ho tsoa ho TB, ke qalile ho bula lifensetere tsa ka letsatsi le leng le le leng ho boloka moea o hloekileng.",clinical_fieldwork,patient-tb-ventilation-behaviour,,reviewed,
2896,Symptoms and Complaints,I have a sharp pain in my left lower back.,Ke na le mahloko a bohale mokokotlong oa ka o tlase oa molema.,WHO,symptoms-complaints-v1,,reviewed,
2178,Medication Instructions,This medicine may cause dry mouth; sip water frequently and chew sugar-free gum.,Moriana ona o ka baka ho oma ha molomo; noa metsi hangata mme u hlafune gum e se nang tsoekere.,WHO,medication-instructions-v1,,reviewed,
730,HIV,Outreach workers are essential for delivering HIV services to hard-to-reach populations.,Basebetsi ba phono ba bohlokoa ho fana ka litshebeletso tsa HIV ho sechaba se thata ho fihlela.,WHO,hiv-outreach,,reviewed,
4760,General Patient Education,Braille materials should be available for visually impaired patients.,Lisebelisoa tsa Braille li lokela ho fumaneha bakeng sa bakuloi ba sa boneng hantle.,WHO,general-patient-education-v1,,reviewed,
2472,Medication Instructions,"If you miss a dose of a sleep aid, take it as soon as you remember if it is still night.","Haeba u lahlehetsoe ke dose ea moriana oa boroko, e nke hang hang ha u hopola haeba e ntse e le bosiu.",WHO,medication-instructions-v1,,reviewed,
2243,Medication Instructions,Contact your doctor if you develop a persistent fever with rash.,Ikopanye le ngaka ea hau haeba u ba le feberu e tsoelang pele le ho ruruha ha letlalo.,WHO,medication-instructions-v1,,reviewed,
1937,Medication Instructions,"Take two tablets once daily, swallowed whole with a full glass of water.","Nka lipilisi tse peli ka nako e le ngoe letsatsi le leng le le leng, li metsooa ka botlalo le mohope o tletseng oa metsi.",WHO,medication-instructions-v1,,reviewed,
1746,Tuberculosis,Community engagement in TB research ensures studies are relevant to affected populations.,Ho kenyelletsa sechaba lipatlisisong tsa TB ho netefatsa hore lipatlisiso li amahanngoa le sechaba se angoa.,WHO,tb-community-research,,reviewed,
4747,General Patient Education,Report any abuse or mistreatment by healthcare workers immediately.,Bua ka tlhekefetso efe kafe kapa ho phethoa hampe ke basebetsi ba tlhokomelo ea bophelo bo botle hang hang.,WHO,general-patient-education-v1,,reviewed,
4374,Maternal and Child Health,I was told that family planning reduces maternal and infant mortality.,Ke boletsoe hore ho rererela lelapa ho fokotsa lefu la bomme le la bana ba banyenyane.,WHO,maternal-child-health-v1,,reviewed,
3492,Symptoms and Complaints,I have swollen lymph nodes in my armpits that are painless.,Ke na le li-lymph node tse ruruhetse mahetleng a ka tse sa bohlokeng.,WHO,symptoms-complaints-v1,,reviewed,
1111,Tuberculosis,"The highest TB burdens are found in South-East Asia, Africa, and the Western Pacific regions.","Morwalo o moholo ka ho fetisisa oa TB o fumanoa Asia Boroa-bochabela, Afrika, le libakeng tsa Pacific Bophirima.",WHO,tb-epidemiology,,reviewed,
3338,Symptoms and Complaints,I have a rash on my lips that is very sore.,Ke na le ho ruruha ha letlalo molomomong oa ka ho bohlokang haholo.,WHO,symptoms-complaints-v1,,reviewed,
4033,Maternal and Child Health,I was told I have syphilis and need treatment immediately.,Ke ile ke tsebisoa ke na le syphilis mme ke hloka tšireletso ka potlako.,WHO,maternal-child-health-v1,,raw,
4472,General Patient Education,Open windows to allow fresh air into your home.,Bula lifensetere ho lumella moea o mocha ho kena ntlong ea hao.,WHO,general-patient-education-v1,,reviewed,
4158,Maternal and Child Health,I was told to go to the clinic if my baby has a rash.,Nkeile ka hloho ho ea kae klinikhe ha ngoanana a na le mafolofolo.,WHO,maternal-child-health-v1,,raw,
347,HIV,The four-symptom TB screen is a simple and effective tool for HIV-positive people.,Four-symptom TB screen ke ts'ebe e ntle le e ntle ea ho etsa TB bakeng sa batho ba nang le HIV.,WHO,hiv-tb-screening,,raw,
1186,Tuberculosis,Social protection measures such as food vouchers and transport subsidies improve TB treatment adherence.,Mehato ea tšireletso ea sechaba joalo ka li-voucher tsa lijo le lithuso tsa lipalangoa li ntlafatsa ho latela phekolo ea TB.,WHO,tb-social-protection,,reviewed,
4007,Maternal and Child Health,I would like to know how many antenatal visits I need.,Ke batla ho tseba ke tlameha ho kena hospitala mangata ka haufi.,WHO,maternal-child-health-v1,,raw,
1516,Tuberculosis,A low-grade fever that persists for weeks can be a sign of TB infection.,Feberu e tlase e tsoelang pele ka libeke e ka ba letšoao la tšoaetso ea TB.,WHO,tb-fever,,reviewed,
4670,General Patient Education,Seek emergency care immediately if your asthma attack is severe.,Batla tlhokomelo ea tšohanyetso hang hang haeba tlhaselo ea hao ea asthma e matla.,WHO,general-patient-education-v1,,reviewed,
579,HIV,You have the right to a second opinion about your HIV treatment.,O na le tokelo ya go botsa mmusi wa bophelo mang pele ka tšhehetso ya HIV ya hao.,DOH_SA,hiv-patient-rights,,raw,
1965,Medication Instructions,Apply the eye drops by pulling down the lower eyelid to form a pocket.,Sebelisa litšoelelo tsa leihlo ka ho hohela tlase sefahleho sa tlase sa leihlo ho theha saka.,WHO,medication-instructions-v1,,reviewed,
76,HIV,Candidiasis or thrush is a common fungal infection in people living with HIV.,Candidiasis kapa molomo o mofubelu (thrush) ke tšoaetso e tloaelehileng ea fungal (common fungal infection) ho batho ba phelang le HIV.,NIH_HIVinfo,opportunistic-infections,,reviewed,
1430,Tuberculosis,Dust suppression and improved ventilation in mines reduces silica exposure and TB risk.,Ho laola lerole le ho ntlafatsa moea merafong ho fokotsa ho hlahisoa silica le kotsi ea TB.,ILO,tb-miners-dust-control,,reviewed,
3713,Appointments and Follow-Up,The nurse explained what the blood test will check for.,Mooki o hlalositše se tlhahlobo ea mali e tla hlahloba sona.,WHO,appointments-followup-v1,,reviewed,
4431,General Patient Education,Good hygiene protects you and your family from illness.,Bohloekileng bo botle bo sireletsa uena le lelapa la hao ho bolwetse.,WHO,general-patient-education-v1,,reviewed,
2752,Symptoms and Complaints,I feel very weak and my muscles are sore.,Ke ikutloa ke fokotsehela haholo mme mochine oa ka o bohloko.,WHO,symptoms-complaints-v1,,reviewed,
4953,General Patient Education,Occupational health protects workers from work-related illnesses.,Bophelo ba mosebetsi bo sireletsa basebetsi ho mahlwetse a amanang le mosebetsi.,WHO,general-patient-education-v1,,reviewed,
1847,Medication Instructions,Take two capsules at bedtime with a glass of water.,Nka li-capsule tse peli nako ea ho robala le mohope oa metsi.,WHO,medication-instructions-v1,,reviewed,
132,HIV,Rapid HIV tests can give results within 20 minutes.,Litlhahlobo tse potlakileng tsa HIV (rapid HIV tests) li ka fana ka liphetho ka tlase ho metsotso e mashome a mabeli (20).,CDC_HIVNexus,hiv-testing,,reviewed,
179,HIV,I have been on HIV treatment for five years and my viral load is undetectable.,Ke bile kalafong ea HIV lilemo tse hlano mme vaerale loute (viral load) ea ka ha e sa bonahala.,clinical_fieldwork,patient-hiv-treatment-response,,reviewed,
2900,Symptoms and Complaints,I have a burning sensation in my chest that is getting worse.,Ke na le maikutlo a ho chesa sefubeng sa ka a mpe.,WHO,symptoms-complaints-v1,,reviewed,
4467,General Patient Education,Cover your mouth and nose when you cough or sneeze.,Koahela molomo le nko ha o kohoa kapa o thiimela.,WHO,general-patient-education-v1,,reviewed,
4195,Maternal and Child Health,I was given a vitamin A supplement for my child.,Nne nna ke ile ka fumana supirimenti ya vitamin A ka mwana wa ka.,WHO,maternal-child-health-v1,,raw,
2523,Medication Instructions,Do not give the medicine to a child who is in pain without first assessing the cause.,U se ke ua fana ka moriana ho ngoana ea mahlokong ntle le ho hlahloba lebaka pele.,WHO,medication-instructions-v1,,reviewed,
1843,Medication Instructions,Take one tablet with a large glass of water and remain upright for thirty minutes.,Nka pilisi e le ngoe le mohope o moholo oa metsi mme u lule o otlolohile ka metsotso e mashome a mararo.,WHO,medication-instructions-v1,,reviewed,
2099,Medication Instructions,Store the medication in its original child-resistant container.,Boloka moriana setsing sa ona sa pele se thibelang bana.,WHO,medication-instructions-v1,,reviewed,
3950,Appointments and Follow-Up,The nurse booked my next appointment before I left the clinic.,Mooki o bukile appointment ea ka e latelang pele ke tloha klinikeng.,WHO,appointments-followup-v1,,reviewed,
2374,Medication Instructions,Do not take this medicine with antiflatulent drugs without medical advice.,U se ke ua nka moriana ona le meriana ea antiflatulent ntle le keletso ea ngaka.,WHO,medication-instructions-v1,,reviewed,
605,HIV,I have been living with HIV for two years and I have not told anyone.,Ke phela le HIV ka lilemo tse peli mme ha ke eso bolelle motho.,clinical_fieldwork,patient-hiv-disclosure,,reviewed,
2628,Medication Instructions,Inform your doctor if you are having difficulty remembering to take your medicine.,Tsebisa ngaka ea hau haeba u na le bothata ba ho hopola ho nka moriana oa hau.,WHO,medication-instructions-v1,,reviewed,
26,HIV,Viral load testing measures how much HIV is in your blood.,Tlhahlobo ea bongata ba kokwanahloko (viral load testing) e lekanya hore na ho na le HIV e kae maling a hau.,WHO,hiv-monitoring,,reviewed,
659,HIV,Dried blood spot samples can be used for viral load testing in remote areas.,Lisampole tsa madi a omisitsoeng li ka sebelisoa ho lekoa ha viral load libakeng tse hole.,WHO,hiv-dbs-vl,,reviewed,
4978,General Patient Education,Health is wealth — invest in it every single day.,Bophelo ke leruo — beha chelete ho lona letsatsi le leng le le leng.,WHO,general-patient-education-v1,,reviewed,
3318,Symptoms and Complaints,I have a rash on my shins that is very dry.,Ke na le ho ruruha ha letlalo maotong a ka a pele ho omileng haholo.,WHO,symptoms-complaints-v1,,reviewed,
3869,Appointments and Follow-Up,I want to ask the nurse to explain my treatment plan again.,Ke rata ho kopa mooki ho hlalosa leano la phekolo ea ka hape.,WHO,appointments-followup-v1,,reviewed,
174,HIV,I forgot to take my HIV medicine yesterday and I am worried.,Ke lebetse ho nka moriana oa ka oa HIV maobane 'me ke tšoenyehile.,clinical_fieldwork,patient-art-adherence,,reviewed,
1612,Tuberculosis,TB notification rates have been declining globally but progress is too slow.,Likhato tsa ho tsebisa TB li theohile lefatšeng lohle empa tsoelo-pele e lieha haholo.,WHO,tb-global-progress,,reviewed,
438,HIV,Needle and syringe programmes reduce HIV transmission among people who inject drugs.,Mananeo a mesipi le li-syringe a fokotsa phetisetso ea HIV ho batho ba kenyang meriana ka mesipi.,WHO,hiv-pwid-nsps,,reviewed,
332,HIV,"Symptoms of toxoplasmosis include headache, confusion, fever, and seizures.","Mantsoe a toxoplasmosis a akaretsoa ke ho jala hloohong, ho ipotse, mafu, 'me ho robala.",NIH_HIVinfo,oi-toxoplasmosis,,raw,
3101,Symptoms and Complaints,I feel very full after eating only a small amount.,Ke ikutloa ke khotsofetse haholo ka mor'a ho ja hanyane feela.,WHO,symptoms-complaints-v1,,reviewed,
1455,Tuberculosis,TB survivors and affected communities must be meaningfully involved in TB policy and programme design.,Baphonyohi ba TB le sechaba se angoa ba lokela ho kenyelletsooa ka moelelo ho moralo oa maano le mananeo a TB.,WHO,tb-community-involvement,,reviewed,
343,HIV,ART is the most important treatment for HIV-related Kaposi sarcoma.,Ts'ebe ea ART ke tšireletso e moholo ka ho fetisisa ea Kaposi sarcoma e haolang HIV.,WHO,oi-kaposi-treatment,,raw,
3210,Symptoms and Complaints,I have difficulty controlling my bowels.,Ke na le bothata ba ho laola mala a ka.,WHO,symptoms-complaints-v1,,reviewed,
4577,General Patient Education,High-fat meals can affect how some medications are absorbed.,Lijo tse nang le mafura a mangata li ka angoa ho nkoa ha meriana e meng.,WHO,general-patient-education-v1,,reviewed,
1089,Tuberculosis,TB notification to public health authorities is mandatory in most countries to enable contact tracing.,Ho tsebisa TB mabusetong a bophelo bo botle ba sechaba ho hlokeha linaheng tse ngata ho khothaletsa ho latela bacopani.,WHO,tb-notification,,reviewed,
480,HIV,Wash all fruits and vegetables thoroughly before eating to reduce infection risk.,"Tlhokomela maphelo le meroho ka tsela e nchausang pele o di ja, ho fokotsa khatla ea ho tsebana.",WHO,hiv-food-safety,,raw,
728,HIV,Methadone and buprenorphine are opioid substitution therapies that reduce injecting and HIV risk.,Methadone le buprenorphine ke diphekolo tsa ho nka sebaka sa opioid tse fokotsa ho kenya ka mesipi le kotsi ea HIV.,WHO,hiv-ost-medicines,,reviewed,
3784,Appointments and Follow-Up,I should ask the doctor about any concerns at my next visit.,Ke lokela ho botsa ngaka ka mathata afe kafe tsebelisong ea ka e latelang.,WHO,appointments-followup-v1,,reviewed,
977,HIV,ART reduces HIV-related inflammation that contributes to non-AIDS comorbidities.,ART e fokotsa ho ruruha ho amanang le HIV ho kenyelletsoang ho mafu a mang a sa amanoang le AIDS.,WHO,art-inflammation,,reviewed,
3785,Appointments and Follow-Up,I must tell the nurse if I experience any new side effects.,Ke tlameha ho bolella mooki haeba ke ikutloa litlamorao tse ncha tse ling.,WHO,appointments-followup-v1,,reviewed,
2978,Symptoms and Complaints,I have a burning pain in my left ankle.,Ke na le mahloko a ho chesa ankele ea ka ea molema.,WHO,symptoms-complaints-v1,,reviewed,
1929,Medication Instructions,Take two tablets as directed by your healthcare provider.,Nka lipilisi tse peli joalo ka ha mofani oa hau oa tlhokomelo ea bophelo bo botle a laetsa.,WHO,medication-instructions-v1,,reviewed,
1469,Tuberculosis,Infection control training for all health facility staff reduces occupational TB risk.,Koetliso ea taolo ea tšoaetso bakeng sa basebetsi bohle ba kamore ea bophelo bo botle e fokotsa kotsi ea TB ea mosebetsi.,CDC,tb-staff-infection-control,,reviewed,
1225,Tuberculosis,Patients on antiretroviral therapy and TB treatment simultaneously require careful management of drug interactions.,Bakuli ba leng kalafong ea li-antiretroviral le kalafong ea TB ka nako e tšoanang ba hloka taolo e hlokolosi ea ho sebelisana ha meriana.,WHO,tb-hiv-drug-interactions,,reviewed,
2857,Symptoms and Complaints,I have pain in my throat when I swallow.,Ke na le mahloko molaleng ha ke metsa.,WHO,symptoms-complaints-v1,,reviewed,
1953,Medication Instructions,"Apply the patch to clean, dry, hairless skin on the upper arm.","Beha patch letlalong le hloekileng, le omileng, le se nang moriri lephakeng le holimo.",WHO,medication-instructions-v1,,reviewed,
4831,General Patient Education,Avoid making sexual decisions when under the influence of alcohol.,Hana ho etsa liqeto tsa thobalano ha o tlasa tšusumetso ea joala.,WHO,general-patient-education-v1,,reviewed,
4501,General Patient Education,Use gloves when handling blood or body fluids.,Sebelisa likhohlo ha o sebetsa le mali kapa metsi a 'mele.,WHO,general-patient-education-v1,,reviewed,
1893,Medication Instructions,"Take one capsule twice daily, morning and night.","Nka capsule e le ngoe habeli ka letsatsi, hoseng le bosiu.",WHO,medication-instructions-v1,,reviewed,
1300,Tuberculosis,Prescribing incorrect TB drug regimens is a major driver of acquired drug resistance.,Ho laela meralo e fosahetseng ea meriana ea TB ke sesosa se seholo sa ho hlaha ha ho hanana le meriana ho fumanoang nakong ea kalafo.,WHO,tb-incorrect-regimen,,reviewed,
2991,Symptoms and Complaints,I have difficulty breathing when I lie down.,Ke na le bothata ba ho hema ha ke robala.,WHO,symptoms-complaints-v1,,reviewed,
4600,General Patient Education,Start slowly and gradually increase the intensity of your exercise.,Qala butle mme o eketse bohale ba ho itlama ha hao butle butle.,WHO,general-patient-education-v1,,reviewed,
661,HIV,Tenofovir can cause kidney damage and bone loss with long-term use.,Tenofovir e ka baka kotsi ea lipitso le ho lahleheloa ha masapo ka tšebediso ea nako e telele.,NIH_HIVinfo,art-tenofovir-side-effects,,reviewed,
4578,General Patient Education,Alcohol interacts with many medications and should be avoided.,Joala le kopana le meriana e mengata mme le lokela ho hanoa.,WHO,general-patient-education-v1,,reviewed,
4074,Maternal and Child Health,I arrived at the hospital and was admitted to the labour ward.,Ke fihlile hospitali 'me ke ile ke emiswe kantong ea tsoalo.,WHO,maternal-child-health-v1,,raw,
2785,Symptoms and Complaints,I have been feeling very sick and need treatment.,Ke ntse ke ikutloa ke kula haholo mme ke hloka phekolo.,WHO,symptoms-complaints-v1,,reviewed,
4938,General Patient Education,Road traffic accidents are a major cause of death and disability.,Likotsi tsa sephethephethe tsa tsela ke sesosa se seholo sa lefu le bokooa.,WHO,general-patient-education-v1,,reviewed,
3828,Appointments and Follow-Up,I would like to know if my partner needs to be tested.,Ke rata ho tseba haeba molekane oa ka o hloka ho hlahlojoa.,WHO,appointments-followup-v1,,reviewed,
2715,Symptoms and Complaints,I have been vomiting since this morning.,Ke ntse ke hlatsa ho tloha hoseng hona.,WHO,symptoms-complaints-v1,,reviewed,
4658,General Patient Education,High blood pressure often has no symptoms and is called a silent killer.,Khatello e phahameng ea mali hangata ha e na matšoao mme e bitsoa molaehi o khutsitseng.,WHO,general-patient-education-v1,,reviewed,
268,HIV,HIV-positive employees should not be required to disclose their status at work.,Baahi ba mosebetsi ba a na le HIV ba ha ke ba hlokomele ho tsebisa hae mosebetsing.,ILO,hiv-workplace-rights,,raw,
4443,General Patient Education,Talking about your feelings can improve your mental health.,Ho bua ka maikutlo a hao ho ka ntlafatsa bophelo ba hao ba kelello.,WHO,general-patient-education-v1,,reviewed,
4960,General Patient Education,Falls are a leading cause of injury in older adults.,Ho wa ke sesosa se seholo sa likotsi ho batho ba baholo.,WHO,general-patient-education-v1,,reviewed,
3373,Symptoms and Complaints,I have a change in the appearance of my eyelid.,Ke na le phetoho bonahaling ba sefahleho sa leihlo la ka.,WHO,symptoms-complaints-v1,,reviewed,
3596,Appointments and Follow-Up,I would like to know if I need a referral for my appointment.,Ke rata ho tseba haeba ke hloka referral bakeng sa appointment ea ka.,WHO,appointments-followup-v1,,reviewed,
4317,Maternal and Child Health,I was told that school readiness starts from birth.,Ke boletsoe hore boitokisetso ba sekolo bo qala ho tsetsoa.,WHO,maternal-child-health-v1,,reviewed,
3723,Appointments and Follow-Up,I was reminded to come back for my results next week.,Ke khumamisitsoe ho khutla bakeng sa liphetho tsa ka bekeng e tlang.,WHO,appointments-followup-v1,,reviewed,
3407,Symptoms and Complaints,I have a lump in my breast.,Ke na le sekhulo letsoeleng la ka.,WHO,symptoms-complaints-v1,,reviewed,
1279,Tuberculosis,Clofazimine is a riminophenazine antibiotic used in MDR-TB treatment regimens.,Clofazimine ke sebolaya-mafu sa riminophenazine se sebelisoang meralong ea kalafo ea MDR-TB.,WHO,tb-clofazimine,,reviewed,
4641,General Patient Education,Taking care of your health is an investment in your future.,Ho hlokomela bophelo ba hao ke ho beha chelete bokamosong ba hao.,WHO,general-patient-education-v1,,reviewed,
3918,Appointments and Follow-Up,I need an appointment outside of normal working hours.,Ke hloka appointment kantle ho linako tsa mosebetsi tsa kamehla.,WHO,appointments-followup-v1,,reviewed,
2679,Medication Instructions,Do not take your medicine with melatonin supplements unless instructed.,U se ke ua nka moriana oa hau le lisebelisoa tsa melatonin ntle le haeba ho laetsoe.,WHO,medication-instructions-v1,,reviewed,
1622,Tuberculosis,After two weeks on treatment I started feeling much better and could sleep through the night.,Ka mor'a libeke tse peli holim'a phekolo ke qalile ho ikutloa ke ntlafetse haholo mme ka khona ho robala bosiu bohle.,clinical_fieldwork,patient-tb-improvement,,reviewed,
4104,Maternal and Child Health,I was given a road-to-health booklet for my baby.,Ke ile ka amohelela pukuntšo ya tsela ya bophelo ya ngoanana ka.,WHO,maternal-child-health-v1,,raw,
2858,Symptoms and Complaints,I have a severe pain in my lower back that radiates to my leg.,Ke na le mahloko a matla mokokotlong oa ka o tlase a isisoang leotong la ka.,WHO,symptoms-complaints-v1,,reviewed,
1897,Medication Instructions,"Take two tablets as a single dose, repeated after twelve hours if needed.","Nka lipilisi tse peli e le dose e le ngoe, e phindoe ka mor'a maho a leshome le metso e meli le metso e meli haeba ho hlokeha.",WHO,medication-instructions-v1,,reviewed,
3925,Appointments and Follow-Up,I would like confirmation that my new clinic has received my file.,Ke rata netefatso ea hore kliniki ea ka e ncha e amohele faele ea ka.,WHO,appointments-followup-v1,,reviewed,
3015,Symptoms and Complaints,I have a cough that is triggered by exercise.,Ke na le ho kohoa ho qalisitsoeng ke ho itlama.,WHO,symptoms-complaints-v1,,reviewed,
4439,General Patient Education,Eye examinations help detect vision problems and other conditions.,Litlhahlobo tsa mahlo li thusa ho fumana mathata a pono le maemo a mang.,WHO,general-patient-education-v1,,reviewed,
68,HIV,Prisoners living with HIV must have access to ART while in detention.,Batšoaruoa ba phelang le HIV ba lokela ho ba le monyetla oa ho fumana phekolo ea lithibela-mafofore (ART) ka hara literonko nakong eo ba tšoeroeng (while in detention).,WHO,art-key-populations,,reviewed,
2043,Medication Instructions,"Store below 25°C in a cool, dry place.","Boloka tlase ho 25°C sebakeng se batang, se omileng.",WHO,medication-instructions-v1,,reviewed,
2581,Medication Instructions,Do not give the medicine to a child who is on a sulphite-free diet without checking.,U se ke ua fana ka moriana ho ngoana ea lijo tse se nang li-sulphite ntle le ho hlahloba.,WHO,medication-instructions-v1,,reviewed,
3783,Appointments and Follow-Up,I have to request a repeat prescription at my follow-up.,Ke tlameha ho kopa prescription e phindoang ho latela ha ka.,WHO,appointments-followup-v1,,reviewed,
3791,Appointments and Follow-Up,I must go to the emergency room if my condition worsens at night.,Ke tlameha ho ea kamoreng ea tšohanyetso haeba boemo ba ka bo mpe bosiu.,WHO,appointments-followup-v1,,reviewed,
821,HIV,I am going to refer you to a specialist because of your low CD4 count.,Ke tla u romela ho setsebi ka lebaka la palo ea hau e tlase ea CD4.,clinical_fieldwork,clinician-patient-communication,,reviewed,
1227,Tuberculosis,Efavirenz is the preferred NNRTI for use with rifampicin-containing TB treatment.,Efavirenz ke NNRTI e ratoang bakeng sa tšebeliso hammoho le kalafo ea TB e nang le rifampicin.,WHO,tb-efavirenz,,reviewed,
2992,Symptoms and Complaints,I feel short of breath when climbing stairs.,Ke ikutloa ke hloka moya ha ke nyolohela marapo a mabatla.,WHO,symptoms-complaints-v1,,reviewed,
3133,Symptoms and Complaints,I have a burning sensation in my stomach that is getting worse.,Ke na le maikutlo a ho chesa maleng a mpe.,WHO,symptoms-complaints-v1,,reviewed,
2744,Symptoms and Complaints,I feel very poorly and need help.,Ke ikutloa ke sa phela hantle haholo mme ke hloka thuso.,WHO,symptoms-complaints-v1,,reviewed,
4458,General Patient Education,Ask the pharmacist if you are unsure how to take your medication.,Botsa pharmacist haeba ha o tsebe ho nka moriana oa hao.,WHO,general-patient-education-v1,,reviewed,
4270,Maternal and Child Health,I was advised to give my baby full-fat dairy products.,Ke keletsoeng ho fa ngoana oa ka lihlahisoa tsa lebese tse nang le mafura ka botlalo.,WHO,maternal-child-health-v1,,reviewed,
3350,Symptoms and Complaints,I have a rash on my chest and back that is very painful.,Ke na le ho ruruha ha letlalo sefubeng le mokokotlong oa ka ho bohlokang haholo.,WHO,symptoms-complaints-v1,,reviewed,
1144,Tuberculosis,The intensive phase of TB treatment lasts two months and uses four drugs.,Nako ea matla ea phekolo ea TB e nka likhoeli tse peli mme e sebelisa meriana e mene.,WHO,tb-intensive-phase,,reviewed,
398,HIV,I have been losing weight even though I am eating well.,"Ke qetile kgarebe, leha ke sa ja sentle.",clinical_fieldwork,patient-hiv-wasting,,raw,
2907,Symptoms and Complaints,I have pain in my left hip that radiates to my thigh.,Ke na le mahloko lethekeng la ka la molema a isisoang serope sa ka.,WHO,symptoms-complaints-v1,,reviewed,
4302,Maternal and Child Health,I was advised to bring my child for regular growth monitoring.,Ke keletsoeng ho tlisa ngoana oa ka bakeng sa ho hlahloba kholo ka mehla.,WHO,maternal-child-health-v1,,reviewed,
2760,Symptoms and Complaints,I feel very sick and need to lie down.,Ke ikutloa ke kula haholo mme ke hloka ho robala.,WHO,symptoms-complaints-v1,,reviewed,
1399,Tuberculosis,"BCG vaccination leaves a small scar at the injection site, usually on the upper left arm.","Ente ea BCG e siea lebali le lenyenyane moo e hlabiloeng teng, hangata letsohong le letšehali le kaholimo.",CDC,tb-bcg-scar,,reviewed,
1660,Tuberculosis,Mycobacterium tuberculosis is the scientific name of the bacterium that causes TB.,Mycobacterium tuberculosis ke lebitso la saense la bakteria e bakoang ke TB.,CDC,tb-pathogen,,reviewed,
980,HIV,Fluconazole prophylaxis is recommended for HIV-positive patients with low CD4 counts to prevent cryptococcal disease.,Prophylaxis ea fluconazole e khothalletsoa bakeng sa bakuli ba nang le HIV ba nang le palo e tlase ea CD4 ho thibela bolwetse ba cryptococcal.,WHO,hiv-cryptococcal-prophylaxis,,reviewed,
1299,Tuberculosis,Preventing drug resistance requires ensuring every TB patient completes their full course of treatment.,Ho thibela ho hanana le meriana ho hloka ho netefatsa hore mokuli e mong le e mong oa TB o qeta moralo oa hae o feletseng oa kalafo.,WHO,tb-dr-prevention,,reviewed,
3556,Appointments and Follow-Up,Can I confirm what time my appointment is?,Na nka netefatsa nako ea appointment ea ka?,WHO,appointments-followup-v1,,reviewed,
83,HIV,Protein-rich foods help repair body tissues and support immune function in people with HIV.,Lijo tse nang le protheine e ngata (protein-rich foods) li baka hore mmele o khone ho lokisa lisele tse senyehileng (repair body tissues) hape li tšehetsa tšebetso ea masole a mmele (immune function) ho batho ba phelang le HIV.,WHO,hiv-nutrition,,reviewed,
4508,General Patient Education,Avoid sexual contact until your sexually transmitted infection is treated.,Hana ho kopana ka thobalano ho fihlela tšoaetso ea hao e fetisanang ka thobalano e alafoa.,WHO,general-patient-education-v1,,reviewed,
2459,Medication Instructions,Do not take a double dose of an inhaler if you miss one.,U se ke ua nka dose e habeli ea inhaler haeba u lahlehetsoe ke e le ngoe.,WHO,medication-instructions-v1,,reviewed,
3740,Appointments and Follow-Up,I was reminded to wear comfortable clothing for my examination.,Ke khumamisitsoe ho apara liaparo tse lokelang tlhahlobong ea ka.,WHO,appointments-followup-v1,,reviewed,
3782,Appointments and Follow-Up,I must collect my medication before it runs out.,Ke tlameha ho kga moriana oa ka pele ho fela.,WHO,appointments-followup-v1,,reviewed,
2289,Medication Instructions,This medicine may reduce the effectiveness of oral contraceptives.,Moriana ona o ka fokotsa bokgoni ba li-contraceptive tsa molomo.,WHO,medication-instructions-v1,,reviewed,
424,HIV,Cabotegravir plus rilpivirine is a long-acting injectable ART regimen given every two months.,Cabotegravir hammoho le rilpivirine ke leano la ART la ho kenngoa ka mesipi le sebetsang nako e telele le neoang likhoeli tse peli le tse peli.,NIH_HIVinfo,art-long-acting-injectable,,reviewed,
4340,Maternal and Child Health,I would like to have my IUD removed.,Ke rata ho ntšoa IUD ea ka.,WHO,maternal-child-health-v1,,reviewed,
1905,Medication Instructions,"Take two tablets once daily, preferably in the morning.","Nka lipilisi tse peli ka nako e le ngoe letsatsi le leng le le leng, haholo-holo hoseng.",WHO,medication-instructions-v1,,reviewed,
4539,General Patient Education,Increase your fibre intake by eating more vegetables and whole grains.,Eketsa ho nka fibre ka ho ja merogo e mengata le mabele a phethahetseng.,WHO,general-patient-education-v1,,reviewed,
3353,Symptoms and Complaints,I have a decrease in visual acuity.,Ke na le ho fokotseha ha bokgoni ba pono.,WHO,symptoms-complaints-v1,,reviewed,
3103,Symptoms and Complaints,I have a cramping pain in my lower abdomen.,Ke na le mahloko a ho tšoaroa mpeng ea ka e tlase.,WHO,symptoms-complaints-v1,,reviewed,
1566,Tuberculosis,Healthcare workers should wear N95 respirators when caring for TB patients.,Basebetsi ba bophelo bo botle ba lokela ho apara li-respirator tsa N95 ha ba hlokomela bakuli ba TB.,WHO,tb-ppe,,reviewed,
3356,Symptoms and Complaints,I have a rash that is accompanied by fever.,Ke na le ho ruruha ha letlalo ho tsamaeang le feberu.,WHO,symptoms-complaints-v1,,reviewed,
840,HIV,Disclosing your HIV status to a trusted person can reduce isolation and improve wellbeing.,Ho senola boemo ba hau ba HIV ho motho ea tšepahalang ho ka fokotsa ho ikhethela le ho ntlafatsa bophelo bo botle.,WHO,hiv-disclosure-benefits,,reviewed,
501,HIV,I feel very depressed since I found out I have HIV.,Ke ikutloa ke lebala kaha ke fumane hore ke na le HIV.,clinical_fieldwork,patient-hiv-mental-health,,raw,
142,HIV,Anxiety about HIV status and treatment can affect daily life and adherence.,Ho tšoenyeha kapa ho ba le matšoenyeho (anxiety) ka boemo ba hau ba HIV le kalafo ho ka ama bophelo ba hau ba letsatsi le letsatsi le mokhoa oo u neng u tla nka meriana ka oona ka nepo.,NIH_HIVinfo,hiv-mental-health,,reviewed,
1378,Tuberculosis,"When I started ARVs while on TB treatment, my symptoms got worse before they got better.","Ha ke qala ho noa li-ARV ke ntse ke le phekolong ea lefuba (TB), matšoao a ka a ile a mpefala pele a ka loka.",clinical_fieldwork,patient-tb-iris,,reviewed,
3698,Appointments and Follow-Up,The doctor asked about my mental health and stress levels.,Ngaka e botšitse ka bophelo ba kelello ea ka le maemo a khatello.,WHO,appointments-followup-v1,,reviewed,
2145,Medication Instructions,Contact your doctor immediately if you experience chest pain while taking this medicine.,Ikopanye le ngaka ea hau hang hang haeba u ikutloa u na le mahloko a sefuba ha u nka moriana ona.,WHO,medication-instructions-v1,,reviewed,
1139,Tuberculosis,TB bacteria can spread through the lymphatic system to distant organs.,Bakteria ea TB e ka phatlalala ka tsamaiso ea lymphatic ho ea litho tse hole.,NIH,tb-lymphatic-spread,,reviewed,
2928,Symptoms and Complaints,I have a dull ache in my right knee.,Ke na le mahloko a fokolang mangoleng a ka a le letona.,WHO,symptoms-complaints-v1,,reviewed,
1788,Tuberculosis,String test capsules are a non-invasive way to collect TB samples from children.,Li-capsule tsa tlhahlobo ea khoele ke tsela e sa keneng ka hare ea ho kgotha lisampole tsa TB ho bana.,WHO,tb-patch-final,,reviewed,
3485,Symptoms and Complaints,I have a feeling of urgency related to my renal sinus.,Ke na le maikutlo a ho hloka ka potlako a amanang le renal sinus ea ka.,WHO,symptoms-complaints-v1,,reviewed,
551,HIV,People living with HIV can travel internationally but should plan ahead for medicine supplies.,"Batho ba a tsamayang le HIV ba ka ya lefatshe ka ntle, empa ba swanetše go rupela hapelelekele ka medise.",CDC_HIVNexus,hiv-travel,,raw,
4907,General Patient Education,Integrate mental health care into your overall healthcare routine.,Kenyelletsa tlhokomelo ea bophelo ba kelello mekhoaneng ea hao yohle ea tlhokomelo ea bophelo bo botle.,WHO,general-patient-education-v1,,reviewed,
2020,Medication Instructions,Administer the intravenous antibiotic over thirty minutes to reduce vein irritation.,Fana ka antibiotic ea madi ka hare ho metsotso e mashome a mararo ho fokotsa ho khathatsa ha mosela.,WHO,medication-instructions-v1,,reviewed,
949,HIV,"HIV is not transmitted through sharing food, utensils, toilets, or swimming pools.","HIV ha e fetiseloe ka ho arolelana lijo, lisebelisoa tsa lijo, litoilete, kapa lipuleng tsa ho hlapa.",CDC_HIVNexus,hiv-transmission-myths,,reviewed,
2601,Medication Instructions,Do not take your medicine less frequently than prescribed.,U se ke ua nka moriana oa hau hangata e tlase ho e laetsoeng.,WHO,medication-instructions-v1,,reviewed,
533,HIV,Calcium and vitamin D supplements may be recommended for people with low bone density on ART.,Suplemenete ea kalsium le vitamin D e ka kena ho hloka batho ba nang le bone density e tlase ka ART.,WHO,hiv-bone-supplements,,raw,
1830,Medication Instructions,Take one capsule twice daily with plenty of water.,Nka capsule e le ngoe habeli ka letsatsi le metsi a mangata.,WHO,medication-instructions-v1,,reviewed,
2918,Symptoms and Complaints,I have a burning pain in my left hand.,Ke na le mahloko a ho chesa sepateng sa ka sa molema.,WHO,symptoms-complaints-v1,,reviewed,
4419,General Patient Education,Early detection of illness leads to better treatment outcomes.,Ho fumana bolwetse kapele ho lebisa liphetho tse ntle tsa phekolo.,WHO,general-patient-education-v1,,reviewed,
3872,Appointments and Follow-Up,I missed my appointment because I was too sick to travel.,Ke lahlehetsoe ke appointment ea ka hobane ke ne ke kula haholo ho tsamaea.,WHO,appointments-followup-v1,,reviewed,
1603,Tuberculosis,Mental health support should be integrated into TB care services.,Tshehetso ea bophelo ba kelello e lokela ho kopanyoa le litshebeletso tsa tlhokomelo ea TB.,WHO,tb-mental-health,,reviewed,
640,HIV,Health literacy is an important factor in ART adherence.,Ho tseba ho bala le ho ngola ha bophelo bo botle ke ntlha e bohlokoa ho latela ART.,CDC_HIVNexus,art-health-literacy,,reviewed,
4833,General Patient Education,Seek medical care immediately after sexual violence.,Batla tlhokomelo ea bongaka hang hang ka mor'a tlhekefetso ea thobalano.,WHO,general-patient-education-v1,,reviewed,
968,HIV,A negative HIV test result does not rule out recent infection if the test is taken during the window period.,Sephetho se senyenyane sa tlhahlobo ea HIV ha se felise tšoaetso ea morao tjena haeba tlhahlobo e nkoa nakong ea fensetere.,NIH_HIVinfo,hiv-window-period,,reviewed,
4238,Maternal and Child Health,My child has been struggling at school because of a learning disability.,Ngoana oa ka o ntse a na le bothata sekolong ka lebaka la ho hloka bokgoni ba ho ithuta.,WHO,maternal-child-health-v1,,reviewed,
2698,Medication Instructions,Keep a list of all your current medicines and show it to every healthcare provider.,Boloka lethathamo la meriana yohle ea hau ea joale mme u e bontše mofani ofe kafe oa tlhokomelo ea bophelo bo botle.,WHO,medication-instructions-v1,,reviewed,
1684,Tuberculosis,Singing and shouting can release more TB particles into the air than normal breathing.,Ho bina le ho howa ho ka lokolla likaroloana tse ngata tsa TB moeeng ho feta ho hema ha kamehla.,CDC,tb-aerosol-generation,,reviewed,
4471,General Patient Education,Keep your home clean and well ventilated.,Boloka ntlo ea hao e hloekileng le e nang le moea o lekaneng.,WHO,general-patient-education-v1,,reviewed,
2343,Medication Instructions,This medicine may increase the risk of hypotension with other antihypertensives.,Moriana ona o ka eketsa kotsi ea ho fokotseha ha khatello ea mali le li-antihypertensive tse ling.,WHO,medication-instructions-v1,,reviewed,
156,HIV,Nutrition support programmes can improve ART adherence and treatment outcomes.,Mananeo a tšehetso ea phepo e nepahetseng (nutrition support programmes) a ka ntlafatsa mokhoa oa ho khomarela meriana ea ART hammoho le liphetho tse betere tsa kalafo.,FAO,hiv-nutrition-programmes,,reviewed,
2488,Medication Instructions,Give the medicine at evenly spaced intervals throughout the day.,Fana ka moriana ka linako tse lekanang ho pholletsa le letsatsi.,WHO,medication-instructions-v1,,reviewed,
4642,General Patient Education,A chronic disease is a long-term condition that requires ongoing management.,Bolwetse ba tsoelang pele ke boemo ba nako e telele bo hlokang taolo e tsoelang pele.,WHO,general-patient-education-v1,,reviewed,
1090,Tuberculosis,Digital chest X-ray with AI-assisted reading is improving TB screening capacity in high-burden settings.,X-ray ea sefuba ea dijithale e nang le ho bala ho tshehetsoang ke AI e ntlafatsa bokgoni ba ho hlahlobeloa ha TB libakeng tse nang le morwalo o moholo.,WHO,tb-ai-xray,,reviewed,
2656,Medication Instructions,Inform your doctor if you are having difficulty with the size of the tablet.,Tsebisa ngaka ea hau haeba u na le bothata ba boholo ba pilisi.,WHO,medication-instructions-v1,,reviewed,
4241,Maternal and Child Health,My child has been diagnosed with hearing loss.,Ngoana oa ka o hlahlojoe ka ho lahleheloa ke kutlo.,WHO,maternal-child-health-v1,,reviewed,
289,HIV,Grief counselling is important for people who have lost loved ones to HIV.,Tokiso ya ho lla bo botsoa kelello la batho ba ileng ba shoa ka HIV.,SADAG,hiv-grief-counselling,,raw,
931,HIV,I am worried about what will happen to my children if I become very sick.,Ke na le khatello mabapi le seo se tla etsahalela bana ba ka haeba ke kula haholo.,clinical_fieldwork,patient-hiv-family-planning,,reviewed,
2536,Medication Instructions,Give the medicine to the child using a medicine dropper for precise dosing.,Fana ka moriana ho ngoana ka ho sebelisa medicine dropper bakeng sa ho nka dose ka nepo.,WHO,medication-instructions-v1,,reviewed,
4029,Maternal and Child Health,I tested positive for HIV during my antenatal visit.,Ke ile ka etswa skrini ya HIV mme ke ne ke le na HIV ka ha ke ntse ke ea kantong ya tšehetso ya batshelelo.,WHO,maternal-child-health-v1,,raw,
3372,Symptoms and Complaints,I have a rash that is accompanied by blistering.,Ke na le ho ruruha ha letlalo ho tsamaeang le li-blister.,WHO,symptoms-complaints-v1,,reviewed,
4622,General Patient Education,Physical activity does not have to be expensive or complicated.,Mesebetsi ea 'mele ha e hloke ho ba tšohle kapa ho raraana.,WHO,general-patient-education-v1,,reviewed,
3292,Symptoms and Complaints,I have a rash on my arms that is blistering.,Ke na le ho ruruha ha letlalo mapha a ka ho nang le li-blister.,WHO,symptoms-complaints-v1,,reviewed,
943,HIV,You have the right to ask questions about your treatment at any time.,U na le tokelo ea ho botsa lipotso mabapi le phekolo ea hau nako efe kapa efe.,clinical_fieldwork,clinician-patient-communication,,reviewed,
3860,Appointments and Follow-Up,I would like to know about the clinic's confidentiality policy.,Ke rata ho tseba ka leano la sephiri la kliniki.,WHO,appointments-followup-v1,,reviewed,
4663,General Patient Education,Uncontrolled hypertension increases the risk of heart attack and stroke.,Khatello e phahameng ea mali e sa laoloang e eketsa kotsi ea tlhaselo ea pelo le stroke.,WHO,general-patient-education-v1,,reviewed,
1699,Tuberculosis,Isoniazid has been used to treat tuberculosis since the 1950s.,Isoniazid e sebelisitsoe ho phekola tuberculosis ho tloha lilemong tsa bo-1950.,WHO,tb-isoniazid-history,,reviewed,
4709,General Patient Education,Maintain a healthy weight to reduce pressure on your joints.,Boloka boima bo botle ho fokotsa khatello maqhoeng a hao.,WHO,general-patient-education-v1,,reviewed,
3201,Symptoms and Complaints,I have been having episodes of sudden numbness on one side.,Ke ntse ke na le linako tsa ho fofa ka tšohanyetso lehlakoreng le le leng.,WHO,symptoms-complaints-v1,,reviewed,
4602,General Patient Education,"Drink water before, during, and after exercise.","Noa metsi pele, nakong, le ka mor'a ho itlama.",WHO,general-patient-education-v1,,reviewed,
4609,General Patient Education,Exercise helps people with TB regain their strength during recovery.,Ho itlama ho thusa batho ba nang le TB ho khutlisa matla a bona nakong ea ho fola.,WHO,general-patient-education-v1,,reviewed,
986,HIV,"Cognitive impairment associated with HIV can affect memory, concentration, and daily functioning.","Ho fokolehela ha mahutu ho amanang le HIV ho ka angoa ho hopola, ho tsepamisa kelello, le tšebetso ea letsatsi le leng le leng.",NIH_HIVinfo,hiv-neurocognitive,,reviewed,
3319,Symptoms and Complaints,I have redness and irritation in both eyes.,Ke na le bofubedu le ho khathatseha mahlong a ka a mabeli.,WHO,symptoms-complaints-v1,,reviewed,
2868,Symptoms and Complaints,I have a dull pain in my upper back.,Ke na le mahloko a fokolang mokokotlong oa ka o holimo.,WHO,symptoms-complaints-v1,,reviewed,
4057,Maternal and Child Health,I was told I have too much fluid around my baby.,Ke ile ka laledwa hore ke na le metsi a mangata kwa borarong.,WHO,maternal-child-health-v1,,raw,
4778,General Patient Education,Health insurance helps cover the cost of medical care.,Inshorense ea bophelo bo botle e thusa ho koahela theko ea tlhokomelo ea bongaka.,WHO,general-patient-education-v1,,reviewed,
982,HIV,Cytomegalovirus (CMV) retinitis can cause blindness in people with advanced HIV and requires urgent treatment.,Cytomegalovirus (CMV) retinitis e ka baka ho foufala ho batho ba nang le HIV e tsoelang pele mme e hloka phekolo ea potlako.,NIH_HIVinfo,hiv-cmv-retinitis,,reviewed,
2493,Medication Instructions,Do not mix the medicine with a full bottle of milk in case the child does not finish it.,U se ke ua kopanya moriana le botlolo e tletseng ea lebese haeba ngoana a ka se phete.,WHO,medication-instructions-v1,,reviewed,
3793,Appointments and Follow-Up,I should keep the clinic's contact number saved on my phone.,Ke lokela ho boloka nomoro ea ho ikopanya ea kliniki mohaling oa ka.,WHO,appointments-followup-v1,,reviewed,
3549,Appointments and Follow-Up,I would like to schedule an appointment for a TB treatment review.,Ke rata ho rerela appointment bakeng sa ho hlahloba phekolo ea TB.,WHO,appointments-followup-v1,,reviewed,
2943,Symptoms and Complaints,I have pain in my left ankle that radiates to my foot.,Ke na le mahloko ankele ea ka ea molema a isisoang leotong la ka.,WHO,symptoms-complaints-v1,,reviewed,
3528,Appointments and Follow-Up,I would like to book an appointment for a CD4 count test.,Ke rata ho buka appointment bakeng sa tlhahlobo ea palo ea CD4.,WHO,appointments-followup-v1,,reviewed,
3846,Appointments and Follow-Up,I would like to know if I will need surgery.,Ke rata ho tseba haeba ke tla hloka opereishene.,WHO,appointments-followup-v1,,reviewed,
1458,Tuberculosis,"The Global Fund to Fight AIDS, Tuberculosis and Malaria is a major funder of TB programmes worldwide.","Letlole la Lefatše la ho Loa AIDS, Tuberculosis le Malaria ke mofani o moholo oa mananeo a TB lefatšeng lohle.",WHO,tb-global-fund,,reviewed,
1396,Tuberculosis,BCG vaccination is given to newborns in most high TB burden countries at birth.,Ente ea BCG e fanoa ho maseea a sa tsoa tswaloa linaheng tse ngata tse nang le moroalo o moholo oa lefuba (TB) hang ha ba tswaloa,WHO,tb-bcg-schedule,,reviewed,
265,HIV,HIV research continues to advance towards a cure and an effective vaccine.,Tlhahlobo ya HIV e tsamaya pele ho ya ka lebelo la tsoho le vekswi e efetseng.,NIH_HIVinfo,hiv-research,,raw,
4096,Maternal and Child Health,I was shown how to breastfeed correctly by the nurse.,Ke ile ya bonyatsiwa ke nesi jaka ke bonyatsa ngwana wa ka sentle.,WHO,maternal-child-health-v1,,raw,
930,HIV,I have been on HIV treatment for five years and my health has improved greatly.,Ke holim'a phekolo ea HIV ka lilemo tse hlano mme bophelo ba ka bo ntlafetse haholo.,clinical_fieldwork,patient-art-long-term,,reviewed,
4872,General Patient Education,Mental health problems can affect anyone regardless of age or background.,Mathata a bophelo ba kelello a ka angoa motho e mong le e mong ntle le ho sheba lilomo kapa morao.,WHO,general-patient-education-v1,,reviewed,
2693,Medication Instructions,Do not take your medicine with iodine supplements unless instructed.,U se ke ua nka moriana oa hau le lisebelisoa tsa iodine ntle le haeba ho laetsoe.,WHO,medication-instructions-v1,,reviewed,
247,HIV,Young people need age-appropriate HIV education and prevention services.,Bacha ba hloka thuto ea HIV le litshebeletso tsa thibelo tse lokelang lilemo tsa bona.,UNICEF,hiv-adolescents,,reviewed,
3590,Appointments and Follow-Up,I would like to know if telehealth appointments are available.,Ke rata ho tseba haeba li-appointment tsa telehealth li fumaneha.,WHO,appointments-followup-v1,,reviewed,
1759,Tuberculosis,TB is curable — do not give up on your treatment.,TB e ka folisoa — u se ke ua tlohela phekolo ea hau.,DOH_SA,tb-motivational,,reviewed,
4866,General Patient Education,"Symptoms of anxiety include restlessness, racing heart, and difficulty sleeping.","Matšoao a ho tšoha a kenyelletsa ho se khutse, pelo e otlang ka potlako, le bothata ba ho robala.",WHO,general-patient-education-v1,,reviewed,
2811,Symptoms and Complaints,I have been having episodes of sudden swelling.,Ke ntse ke na le linako tsa ho ruruha ka tšohanyetso.,WHO,symptoms-complaints-v1,,reviewed,
924,HIV,My sister told me that HIV medicine will damage my kidneys and I am worried.,Khaitseli ea ka e mpoleletse hore meriana ea HIV e tla senya lipitso tsa ka mme ke na le khatello.,clinical_fieldwork,patient-art-misconceptions,,reviewed,
2881,Symptoms and Complaints,I have pain in my legs that keeps me awake at night.,Ke na le mahloko maotong a ka a ntšoang boroko bosiu.,WHO,symptoms-complaints-v1,,reviewed,
269,HIV,Community health workers can support people living with HIV to stay on treatment.,Baahi ba tshireletso ya setso ba ka thusa batho ba a na le HIV ho tsamaea le tshireletso.,WHO,hiv-community-support,,raw,
670,HIV,Ritonavir is used as a pharmacokinetic booster to increase levels of other protease inhibitors.,Ritonavir e sebelisoa e le moqhosi oa pharmacokinetic ho eketsa maemo a li-protease inhibitor tse ling.,NIH_HIVinfo,art-ritonavir-booster,,reviewed,
4476,General Patient Education,Brush your teeth at least twice a day.,Kolobetsa meno a hao bonyane habeli ka letsatsi.,WHO,general-patient-education-v1,,reviewed,
1911,Medication Instructions,Take two tablets twice daily for two weeks.,Nka lipilisi tse peli habeli ka letsatsi ka libeke tse peli.,WHO,medication-instructions-v1,,reviewed,
2986,Symptoms and Complaints,I have a sharp pain in my left knee.,Ke na le mahloko a bohale mangoleng a ka a molema.,WHO,symptoms-complaints-v1,,reviewed,
1153,Tuberculosis,TB treatment should be started as soon as the diagnosis is confirmed.,Phekolo ea TB e lokela ho qaloa hang hang ha tlhahlobo e netefatsoa.,WHO,tb-treatment-start,,reviewed,
4818,General Patient Education,Disclosure of your HIV status to your partner is important.,Ho tsebisa molekane oa hao boemo ba hao ba HIV ho bohlokoa.,WHO,general-patient-education-v1,,reviewed,
3456,Symptoms and Complaints,I have a feeling of incomplete emptying related to my kidneys.,Ke na le maikutlo a ho se phele ka botlalo a amanang le lipitso tsa ka.,WHO,symptoms-complaints-v1,,reviewed,
4242,Maternal and Child Health,My child has been referred to an audiologist.,Ngoana oa ka o romeloa ho audiologist.,WHO,maternal-child-health-v1,,reviewed,
4550,General Patient Education,Good nutrition speeds up recovery from illness.,Phepo e ntle e potlakisa ho fola ho tsoa bolwetseng.,WHO,general-patient-education-v1,,reviewed,
2173,Medication Instructions,Seek medical help if you develop confusion or memory problems.,Batla thuso ea ngaka haeba u ba le tsieleho kapa mathata a ho hopola.,WHO,medication-instructions-v1,,reviewed,
4516,General Patient Education,Attend community health education sessions at your local clinic.,Tla li-session tsa thuto ea bophelo bo botle ea sechaba klinikeng ea hao ea haufi.,WHO,general-patient-education-v1,,reviewed,
1916,Medication Instructions,Take two capsules three times daily for five days.,Nka li-capsule tse peli habeli ka letsatsi ka matsatsi a hlano.,WHO,medication-instructions-v1,,reviewed,
613,HIV,Side effects are one of the most common reasons people stop taking ART.,Litlamorao tsa moriana ke e 'ngoe ea mabaka a atileng ka ho fetisisa ao batho ba emang ho nka ART.,NIH_HIVinfo,hiv-adherence-side-effects,,reviewed,
2407,Medication Instructions,Do not stop taking your medicine because you missed a dose; continue the course.,U se ke ua emisa ho nka moriana oa hau hobane u lahlehetsoe ke dose; tsoela pele le khoroso.,WHO,medication-instructions-v1,,reviewed,
4206,Maternal and Child Health,My child was tested for malaria at the clinic.,Ngoana oa ka o hlahlojoe bakeng sa malaria klinikeng.,WHO,maternal-child-health-v1,,reviewed,
1899,Medication Instructions,Take two capsules once daily for seven days.,Nka li-capsule tse peli ka nako e le ngoe letsatsi le leng le le leng ka matsatsi a supileng.,WHO,medication-instructions-v1,,reviewed,
1650,Tuberculosis,Community-based TB care reduces the burden on health facilities and improves patient outcomes.,Tlhokomelo ea TB e thehiloeng sechabeng e fokotsa morwalo oa likamore tsa bophelo bo botle le ho ntlafatsa liphetho tsa bakuli.,WHO,tb-community-care,,reviewed,
2608,Medication Instructions,Inform your doctor if you are pregnant or planning to become pregnant.,Tsebisa ngaka ea hau haeba u mitsi kapa u rerela ho mitsa.,WHO,medication-instructions-v1,,reviewed,
259,HIV,The second 95 target aims for 95 percent of diagnosed people to be on ART.,Sepheo sa bobeli sa 95 se ikemiseditse hore batho ba 95 pesente ba fumaneng tlhahlobo ba be holim'a ART.,UNAIDS,hiv-95-95-95,,reviewed,
848,HIV,People should never be forced to disclose their HIV status against their will.,Batho ha ba lokela le ka mohla ho qobelloa ho senola boemo ba bona ba HIV khahlanong le thato ea bona.,UNAIDS,hiv-disclosure-rights,,reviewed,
4252,Maternal and Child Health,My child has been diagnosed with a urinary tract infection.,Ngoana oa ka o hlahlojoe ka ho hlohlona ha meeling ea moroto.,WHO,maternal-child-health-v1,,reviewed,
1234,Tuberculosis,Antacids containing aluminium or magnesium can reduce the absorption of some TB drugs.,Li-antacid tse nang le aluminium kapa magnesium li ka fokotsa ho monyela ha meriana e meng ea TB ’meleng.,NIH,tb-antacid-interaction,,reviewed,
1128,Tuberculosis,Overcrowded housing increases TB transmission risk within households and communities.,Malapa a tletse batho a eketsa kotsi ea phetisetso ea TB malapa le sechabeng.,WHO,tb-overcrowding-risk,,reviewed,
1968,Medication Instructions,Apply the transdermal patch and replace it every seventy-two hours.,Beha transdermal patch mme u e ntshe ka maho a mashome a supileng le metso e meli.,WHO,medication-instructions-v1,,reviewed,
559,HIV,Pets can be kept by people living with HIV but hygiene precautions should be followed.,"Batho ba phelang le HIV ba ka ba ba le diphoofolo, empa ba tšwelaletsweng ba etsele pele tša bohloeki.",CDC_HIVNexus,hiv-pets,,raw,
3906,Appointments and Follow-Up,I need help with transport to attend my appointments.,Ke hloka thuso ea lipalangoa ho tla li-appointment tsa ka.,WHO,appointments-followup-v1,,reviewed,
485,HIV,Multivitamin supplementation may benefit people living with HIV who have nutritional deficiencies.,Go sebedisa vitamine vitsi e ka ba thusa batho ba phelang le HIV ba na le maphelo a sa tsoa.,WHO,hiv-multivitamins,,raw,
1321,Tuberculosis,Dolutegravir 50mg twice daily can be used with rifampicin in TB/HIV co-infected patients.,Dolutegravir 50 mg habeli ka letsatsi e ka sebelisoa le rifampicin ho bakuli ba nang le tšoaetso e kopaneng ea TB/HIV.,WHO,tb-hiv-dolutegravir,,reviewed,
3405,Symptoms and Complaints,I have severe menstrual cramps.,Ke na le ho tšoaroa ha nako ea khoeli ho matla.,WHO,symptoms-complaints-v1,,reviewed,
8,HIV,Taking ART at the same time every day helps maintain the right level of medicine in your blood.,Ho nwa phekolo ea lithibela-mafofore (ART) ka nako e tšoanang letsatsi le leng le le leng ho thusa ho boloka boemo bo nepahetseng ba moriana maling a hau.,CDC_HIVNexus,art-adherence,,reviewed,
3280,Symptoms and Complaints,I have weakness in my right foot and cannot point my toes.,Ke na le ho fokotsehela leotong la ka la le letona mme ha ke khone ho supa menwane ea maoto.,WHO,symptoms-complaints-v1,,reviewed,
3190,Symptoms and Complaints,I have numbness and tingling in my hands and feet.,Ke na le ho fofa le ho hlohlona matsoho le maoto a ka.,WHO,symptoms-complaints-v1,,reviewed,
1451,Tuberculosis,Universal health coverage is a prerequisite for achieving the End TB targets.,Koahelo ea bophelo bo botle ea bohle ke tlhoko ea pele ho fihlela lipheo tsa ho Felisa TB.,WHO,tb-uhc-end-tb,,reviewed,
3981,Appointments and Follow-Up,I left my appointment feeling informed and supported.,Ke tlohetse appointment ea ka ke ikutloa ke tsebisitsoe le ho tsheheltsoa.,WHO,appointments-followup-v1,,reviewed,
1815,Medication Instructions,Take one tablet with breakfast every morning.,Nka pilisi e le ngoe le dijo tsa hoseng hoseng hoa hoseng.,WHO,medication-instructions-v1,,reviewed,
774,HIV,Broadly neutralising antibodies can suppress HIV in people who stop ART.,Li-antibody tse phanyolang ka bophara li ka laola HIV ho batho ba emang ART.,NIH_HIVinfo,hiv-bnab-trials,,reviewed,
1012,Tuberculosis,Pulmonary TB is the most common and most infectious form of the disease.,TB ea matšoafo ke mofuta o atileng ka ho fetisisa le o fetisoang ka ho fetisisa oa bolwetse.,CDC,tb-pulmonary,,reviewed,
2819,Symptoms and Complaints,I have been having episodes of sudden joint pain.,Ke ntse ke na le linako tsa mahloko a maqhoa ka tšohanyetso.,WHO,symptoms-complaints-v1,,reviewed,
3276,Symptoms and Complaints,I have weakness in my left hand and cannot write.,Ke na le ho fokotsehela sepateng sa ka sa molema mme ha ke khone ho ngola.,WHO,symptoms-complaints-v1,,reviewed,
1992,Medication Instructions,Instil the ear drops by tilting the head to one side and pulling the ear upward.,Kenya litšoelelo tsa tsebe ka ho kekela hlooho lehlakoreng le le leng mme u hohele tsebe holimo.,WHO,medication-instructions-v1,,reviewed,
1278,Tuberculosis,Linezolid is an oxazolidinone antibiotic used in MDR-TB regimens but carries significant toxicity risks.,"Linezolid ke sebolaya-mafu sa oxazolidinone se sebelisoang meralong ea kalafo ea MDR-TB, empa se na le likotsi tse kholo tsa chefo.",WHO,tb-linezolid,,reviewed,
1784,Tuberculosis,TB bacteria can develop resistance when patients take irregular or incomplete doses.,Bakteria ea TB e ka hlaha khakanyo ha bakuli ba nka li-dose tse sa tloaelehang kapa tse sa phethehang.,WHO,tb-patch-final,,reviewed,
3106,Symptoms and Complaints,I have a pain in my lower right abdomen that is constant.,Ke na le mahloko mpeng ea ka e tlase ea le letona a tsoelang pele.,WHO,symptoms-complaints-v1,,reviewed,
447,HIV,Gender inequality and power imbalances increase women's vulnerability to HIV.,Ho se lekane ha bong le ho se lekane ha matla ho eketsa bokoa ba basali ho HIV.,WHO,hiv-gender,,reviewed,
881,HIV,Contraceptive counselling should be offered to all HIV-positive women of reproductive age.,Keletso ea thibelo ea ho ima e lokela ho fanoa ho basali bohle ba nang le HIV ba lilemo tsa ho tsoa le bana.,WHO,hiv-contraception-counselling,,reviewed,
4460,General Patient Education,Understanding your treatment empowers you to take control of your health.,Ho utloisisa phekolo ea hao ho o mpha matla a ho laola bophelo ba hao.,WHO,general-patient-education-v1,,reviewed,
782,HIV,Telemedicine consultations for stable HIV patients reduce the need for clinic visits.,Lipuisano tsa telemedicine bakeng sa bakuli ba HIV ba tsitsitseng li fokotsa tlhoko ea ho etela kliniki.,WHO,hiv-telemedicine,,reviewed,
1750,Tuberculosis,Supervision and mentoring of healthcare workers improves TB programme quality.,Ho hlahloja le ho ruta basebetsi ba bophelo bo botle ho ntlafatsa boleng ba lenaneo la TB.,WHO,tb-supervision,,reviewed,
3389,Symptoms and Complaints,I have a change in the temperature of my eyelid.,Ke na le phetoho mochesong oa sefahleho sa leihlo la ka.,WHO,symptoms-complaints-v1,,reviewed,
4882,General Patient Education,Medication can help correct chemical imbalances in the brain.,Moriana o ka thusa ho balelisa ho se lekalekane ha likhemikale bokong.,WHO,general-patient-education-v1,,reviewed,
884,HIV,Intrauterine devices are safe and effective for HIV-positive women.,Lisebelisoa tsa ka hare ho sebaka sa ngoana li bolokehile mme li sebetsa bakeng sa basali ba nang le HIV.,WHO,hiv-iud,,reviewed,
2945,Symptoms and Complaints,I have pain in my right hip that radiates to my knee.,Ke na le mahloko lethekeng la ka la le letona a isisoang mangoleng a ka.,WHO,symptoms-complaints-v1,,reviewed,
1092,Tuberculosis,The nurse took my sputum sample and told me I would have results in two hours.,Mooki o nkile sampole ea mathe a ka mme a mpolela hore ke tla ba le liphetho ka hare ho maho a mabeli.,clinical_fieldwork,patient-tb-genexpert,,reviewed,
4784,General Patient Education,Faith-based organisations also provide health and social services.,Mekhatlo e thehiloeng ho tumelo le yona e fana ka litšebeletso tsa bophelo le tsa sechaba.,WHO,general-patient-education-v1,,reviewed,
532,HIV,Osteoporosis is more common in people living with HIV and should be monitored.,Osteoporosis ke e 'ngoe ea tsebo ea batho ba phelang le HIV mme e tlameha ho tsebjwa.,NIH_HIVinfo,hiv-bone-health,,raw,
4023,Maternal and Child Health,I have been told I have anaemia during my pregnancy.,Ke ile ka ba le anaemia ha ke ne ke le monna-wame.,WHO,maternal-child-health-v1,,raw,
4422,General Patient Education,Regular physical activity improves your overall health.,Mesebetsi ea 'mele ea kamehla e ntlafatsa bophelo ba hao ka bophara.,WHO,general-patient-education-v1,,reviewed,
4099,Maternal and Child Health,I was given a vitamin K injection for my baby after birth.,Ke ile ya fihla injection ya vitamin K ngwaneng wa ka ka morao ga tswalo.,WHO,maternal-child-health-v1,,raw,
1728,Tuberculosis,"Every person with TB has the right to dignified, respectful, and confidential care.","Motho e mong le e mong ea nang le TB o na le tokelo ea tlhokomelo e nang le seriti, hlompho, le sephiri.",WHO,tb-patient-rights,,reviewed,
611,HIV,"Poverty, transport costs, and work commitments are common barriers to ART adherence.","Bofuma, litšenyehelo tsa lipalangoa, le boikarabello ba mosebetsi ke meqoqo e tloaelehileng ea ho latela ART.",UNAIDS,hiv-adherence-barriers,,reviewed,
571,HIV,Tell your doctor about all the medicines you are taking including vitamins and herbal remedies.,"U ngenele morui wa hao ka ditho tsotelle tsohle tseo u di jaang, tse kang bitamin le meriana ya setso.",NIH_HIVinfo,hiv-clinic-communication,,raw,
2672,Medication Instructions,Inform your doctor if you are having difficulty with the cost of your medicine.,Tsebisa ngaka ea hau haeba u na le bothata ba theko ea moriana oa hau.,WHO,medication-instructions-v1,,reviewed,
3719,Appointments and Follow-Up,The nurse gave me a pill organiser to help me remember.,Mooki o mphe pill organiser ho nthusa ho hopola.,WHO,appointments-followup-v1,,reviewed,
344,HIV,Progressive multifocal leukoencephalopathy is a brain infection caused by the JC virus.,Progressive multifocal leukoencephalopathy ke bohwibidu ba mokokotlo oo bokelloang ke virusi ya JC.,NIH_HIVinfo,oi-pml,,raw,
3001,Symptoms and Complaints,I have difficulty breathing during physical activity.,Ke na le bothata ba ho hema nakong ea mesebetsi ea 'mele.,WHO,symptoms-complaints-v1,,reviewed,
3140,Symptoms and Complaints,I feel very sick and my stomach is making loud noises.,Ke ikutloa ke kula haholo mme mpa ea ka e etsa medumo e meholo.,WHO,symptoms-complaints-v1,,reviewed,
435,HIV,PrEP is highly recommended for men who have sex with men at high risk of HIV.,PrEP e khothalletsoa haholo bakeng sa banna ba robetsanang le banna ba leng kotsing e kholo ea HIV.,WHO,hiv-msm-prep,,reviewed,
1904,Medication Instructions,"Take one tablet every eight hours, ensuring equal spacing between doses.","Nka pilisi e le ngoe ka maho a robeli, u netefatse hore linako tse lekanang li le lipakeng tsa li-dose.",WHO,medication-instructions-v1,,reviewed,
3805,Appointments and Follow-Up,I want to ask about the side effects of my new medication.,Ke rata ho botsa ka litlamorao tsa moriana oa ka o mocha.,WHO,appointments-followup-v1,,reviewed,
4777,General Patient Education,The national health insurance aims to provide universal health coverage.,Inshorense ea bophelo bo botle ea naha e ikemiseditse ho fana ka koahelo ea bophelo bo botle ho bohle.,WHO,general-patient-education-v1,,reviewed,
2070,Medication Instructions,Do not refrigerate the tablet formulation.,U se ke ua boloka pilisi friji.,WHO,medication-instructions-v1,,reviewed,
1538,Tuberculosis,Pyrazinamide can cause joint pain and elevated uric acid levels.,Pyrazinamide e ka baka mahloko a maqhoa le ho phahama ha maemo a uric acid.,NHS,tb-pyrazinamide-side-effects,,reviewed,
2253,Medication Instructions,Seek medical help if you develop signs of a serious lung reaction.,Batla thuso ea ngaka haeba u ba le lišoaetso tsa karabelo e matla ea matšoafo.,WHO,medication-instructions-v1,,reviewed,
2347,Medication Instructions,This medicine may increase the risk of hyperkalemia with potassium-sparing diuretics.,Moriana ona o ka eketsa kotsi ea hyperkalemia le li-diuretic tse bolokang potassium.,WHO,medication-instructions-v1,,reviewed,
1518,Tuberculosis,Swollen lymph nodes in the neck can indicate extrapulmonary tuberculosis.,Li-lymph node tse ruruhetse molaleng li ka bontša tuberculosis ea kantle ho matšoafo.,WHO,tb-extrapulmonary,,reviewed,
966,HIV,HIV testing during antenatal care is a critical entry point for PMTCT programmes.,Ho hlahlobeloa ha HIV nakong ea tlhokomelo pele ho tsoalo ke monyako oa bohlokoa oa mananeo a PMTCT.,WHO,hiv-anc-testing,,reviewed,
4407,General Patient Education,You have the right to confidentiality about your health information.,O na le tokelo ea sephiri ka tlhahisoleseling ea bophelo ba hao.,WHO,general-patient-education-v1,,reviewed,
529,HIV,Blood pressure should be checked at every HIV clinic visit.,Mofuta wa madi a swanetse ho tshehwa ka nako le nako ka nako ya kena sekolo sa HIV.,WHO,hiv-cardiovascular-monitoring,,raw,
177,HIV,I am pregnant and I just found out I have HIV.,Ke mmele o rona mme ke sa tsoa fumana hore ke na le HIV.,clinical_fieldwork,patient-pmtct,,reviewed,
3483,Symptoms and Complaints,I have a feeling of burning in my renal sinus.,Ke na le maikutlo a ho chesa renal sinuseng ea ka.,WHO,symptoms-complaints-v1,,reviewed,
2544,Medication Instructions,Give the medicine to the child using a medicine spoon for older children.,Fana ka moriana ho ngoana ka ho sebelisa sekhoro sa moriana bakeng sa bana ba baholo.,WHO,medication-instructions-v1,,reviewed,
4936,General Patient Education,Avoid burning waste near homes and communities.,Hana ho chesa molapo haufi le matlo le sechaba.,WHO,general-patient-education-v1,,reviewed,
573,HIV,Ask your healthcare provider to explain your test results in simple language.,Botsa mmusi wa bophelo hao hore a tsebise diphetogo tsa tshehetso ya hao ka puo e bonolo.,WHO,hiv-clinic-communication,,raw,
2300,Medication Instructions,Avoid taking magnesium supplements within two hours of this medicine.,Hana ho nka lisebelisoa tsa magnesium ka hare ho maho a mabeli oa moriana ona.,WHO,medication-instructions-v1,,reviewed,
3509,Appointments and Follow-Up,Can I schedule an appointment for an HIV test?,Na nka rerela appointment bakeng sa tlhahlobo ea HIV?,WHO,appointments-followup-v1,,reviewed,
2460,Medication Instructions,"If you miss a dose of a skin cream, apply it as soon as you remember.","Haeba u lahlehetsoe ke dose ea cream ea letlalo, e sebelise hang hang ha u hopola.",WHO,medication-instructions-v1,,reviewed,
3610,Appointments and Follow-Up,I am here for my ART clinic appointment.,Ke teng bakeng sa appointment ea kliniki ea ART.,WHO,appointments-followup-v1,,reviewed,
4555,General Patient Education,Chew your food slowly and thoroughly for better digestion.,Hlafuna lijo tsa hao butle le ka botlalo bakeng sa ho phehla hantle.,WHO,general-patient-education-v1,,reviewed,
2209,Medication Instructions,Seek medical attention if you develop signs of pancreatitis such as severe abdominal pain.,Batla tlhokomelo ea ngaka haeba u ba le lišoaetso tsa pancreatitis joalo ka mahloko a matla a mpa.,WHO,medication-instructions-v1,,reviewed,
4721,General Patient Education,Wear sunglasses to protect your eyes from UV radiation.,Apara ligilase tsa letsatsi ho sireletsa mahlo a hao ho radiation ea UV.,WHO,general-patient-education-v1,,reviewed,
2756,Symptoms and Complaints,I feel very ill and need immediate medical attention.,Ke ikutloa ke kula haholo mme ke hloka tlhokomelo ea ngaka hang hang.,WHO,symptoms-complaints-v1,,reviewed,
384,HIV,Palliative care should be integrated into HIV care for people with advanced disease.,Tshebetso ya palliative e tsoa lokela ho tshehetswa ho tseba HIV bakeng sa batho ba nang le tshwaetso e pharalletseng.,WHO,hiv-palliative-care,,raw,
853,HIV,Youth-friendly HIV services are designed to meet the specific needs of adolescents.,Litshebeletso tsa HIV tse amohelang bacha li bopiloe ho fihlela litlhoko tsa khethehileng tsa bacha.,WHO,hiv-youth-friendly-services,,reviewed,
1881,Medication Instructions,"Take one tablet daily, increasing to two tablets after one week if tolerated.","Nka pilisi e le ngoe letsatsi le leng le le leng, o eketse ho lipilisi tse peli ka mor'a beke e le ngoe haeba ho mamelloa.",WHO,medication-instructions-v1,,reviewed,
371,HIV,Malaria is more severe and more frequent in people living with HIV.,Malaria e le thata le e le e ngata ho batho ba phelang le HIV.,WHO,hiv-malaria,,raw,
2379,Medication Instructions,This medicine may increase the risk of pulmonary toxicity with other lung-toxic drugs.,Moriana ona o ka eketsa kotsi ea pulmonary toxicity le meriana e meng e kotsi ea matšoafo.,WHO,medication-instructions-v1,,reviewed,
4324,Maternal and Child Health,I would like to discuss family planning with the nurse.,Ke rata ho buisana le mooki ka ho rererela lelapa.,WHO,maternal-child-health-v1,,reviewed,
1106,Tuberculosis,Workplace TB screening programmes are important in high-risk industries such as mining.,Mananeo a ho hlahlobeloa ha TB mafapheng a mosebetsi a bohlokoa meahong e leng kotsing e phahameng joalo ka merafo.,ILO,tb-workplace-screening,,reviewed,
3414,Symptoms and Complaints,I have been leaking urine when I cough.,Ke ntse ke tsoa moroto ha ke kohoa.,WHO,symptoms-complaints-v1,,reviewed,
3947,Appointments and Follow-Up,The nurse told me my wound has healed completely.,Mooki o mpoleletse hore ntoa ea ka e folile ka botlalo.,WHO,appointments-followup-v1,,reviewed,
1337,Tuberculosis,Standard first-line TB treatment is safe and recommended for pregnant women.,Kalafo e tloaelehileng ea pele ea TB e bolokehile ebile e khothaletsoa bakeng sa basali ba bakhachane.,WHO,tb-pregnancy-first-line,,reviewed,
2190,Medication Instructions,This medicine may cause increased sensitivity to cold temperatures.,Moriana ona o ka baka ho amehela haholo mochesong o bata.,WHO,medication-instructions-v1,,reviewed,
4595,General Patient Education,Physical activity helps manage chronic pain.,Mesebetsi ea 'mele e thusa ho laola mahloko a tsoelang pele.,WHO,general-patient-education-v1,,reviewed,
2320,Medication Instructions,Avoid taking sodium bicarbonate at the same time as this medicine.,Hana ho nka sodium bicarbonate ka nako e tšoanang le moriana ona.,WHO,medication-instructions-v1,,reviewed,
4706,General Patient Education,Weight-bearing exercise helps maintain bone density.,Ho itlama ka ho ikhela boima bo thusa ho boloka botenya ba marapo.,WHO,general-patient-education-v1,,reviewed,
3711,Appointments and Follow-Up,The nurse reminded me to attend all my scheduled appointments.,Mooki o nkhumamisitse ho tla li-appointment tsohle tse reretseng.,WHO,appointments-followup-v1,,reviewed,
4849,General Patient Education,All STIs are treatable and most are curable with the right medication.,Li-STI tsohle li ka alafioa mme tse ngata li ka folisoa ka moriana o nepahetseng.,WHO,general-patient-education-v1,,reviewed,
1172,Tuberculosis,"If signs of liver toxicity appear, TB treatment should be stopped and the patient reviewed urgently.","Haeba lišoaetso tsa kotsi ea sebete li hlaha, phekolo ea TB e lokela ho emisoa mme mokuloi a hlahlojoe ka potlako.",WHO,tb-hepatotoxicity-management,,reviewed,
4326,Maternal and Child Health,I would like to change my contraceptive method.,Ke rata ho fetola mokhoa oa ka oa thibelo ea ho mitsa.,WHO,maternal-child-health-v1,,reviewed,
2695,Medication Instructions,Do not take your medicine with copper supplements unless instructed.,U se ke ua nka moriana oa hau le lisebelisoa tsa copper ntle le haeba ho laetsoe.,WHO,medication-instructions-v1,,reviewed,
1423,Tuberculosis,Universal health coverage ensures that all people can access TB prevention and treatment services.,Koahelo ea bophelo bo botle ea bohle e netefatsa hore batho bohle ba ka fihlella litshebeletso tsa thibelo le phekolo ea TB.,WHO,tb-prevention-uhc,,reviewed,
2342,Medication Instructions,Do not take this medicine with anticonvulsant drugs without medical advice.,U se ke ua nka moriana ona le meriana ea anticonvulsant ntle le keletso ea ngaka.,WHO,medication-instructions-v1,,reviewed,
2652,Medication Instructions,Inform your doctor if you are having difficulty with the taste of your medicine.,Tsebisa ngaka ea hau haeba u na le bothata ba tatso ea moriana oa hau.,WHO,medication-instructions-v1,,reviewed,
4156,Maternal and Child Health,I was told to go to the clinic if my baby is not feeding well.,Nkeile ka hloho ho ea kae klinikhe ha ngoanana a sa jele hantle.,WHO,maternal-child-health-v1,,raw,
1465,Tuberculosis,TB treatment literacy empowers patients to understand their treatment and advocate for their own care.,Ho tseba phekolo ea TB ho matlafatsa bakuli ho utloisisa phekolo ea bona le ho ipiletsa bakeng sa tlhokomelo ea bona.,WHO,tb-treatment-literacy,,reviewed,
875,HIV,Community-level stigma reduction programmes create supportive environments for people living with HIV.,Mananeo a ho fokotsa kekello maemong a sechaba a theha tikoloho e tshehelang bakeng sa batho ba phelang le HIV.,UNAIDS,hiv-community-stigma-reduction,,reviewed,
3340,Symptoms and Complaints,I have a rash on my tongue that is very painful.,Ke na le ho ruruha ha letlalo leleme la ka ho bohlokang haholo.,WHO,symptoms-complaints-v1,,reviewed,
4341,Maternal and Child Health,I have been experiencing pain since my IUD was inserted.,Ke ntse ke ikutloa mahloko ho tloha ha IUD ea ka e kentsoa.,WHO,maternal-child-health-v1,,reviewed,
1252,Tuberculosis,I completed all six months of treatment and the doctor told me I was cured.,"Ke qetile likhoeli tsohle tse tšeletseng tsa kalafo, ’me ngaka ea mpolella hore ke folile.",clinical_fieldwork,patient-tb-treatment-completion,,reviewed,
2349,Medication Instructions,This medicine may interact with alpha-blocker drugs; inform your doctor.,Moriana ona o ka kopana le meriana ea alpha-blocker; tsebisa ngaka ea hau.,WHO,medication-instructions-v1,,reviewed,
841,HIV,HIV disclosure to a sexual partner is important to prevent transmission.,Ho senola boemo ba HIV ho molekane oa thobalano ho bohlokoa ho thibela phetisetso.,CDC_HIVNexus,hiv-partner-disclosure,,reviewed,
4569,General Patient Education,Nutrition and medication work together to improve your health.,Phepo le moriana li sebetsa hammoho ho ntlafatsa bophelo ba hao.,WHO,general-patient-education-v1,,reviewed,
582,HIV,Some communities believe HIV is caused by witchcraft which can delay treatment seeking.,"Matswele a mang a dumela hore HIV o tsoaletsoe ke boloi, seo se ka mpolella ho theoha tshebetso.",WHO,hiv-cultural-beliefs,,raw,
205,HIV,PrEP is recommended for people who are at high risk of HIV including partners of HIV-positive people.,PrEP e khothalletsoa batho ba leng kotsing e kholo ea ho tsoaroa ke HIV ho kopanyelletsa le balekane ba batho ba phelang le HIV.,WHO,hiv-prep,,reviewed,
1642,Tuberculosis,End-of-treatment sputum culture confirms successful cure for drug-resistant TB.,Culture ea mathe ea qetelo ea phekolo e netefatsa pholo e atlehileng bakeng sa TB e khakanyeng meriana.,WHO,tb-end-treatment-culture,,reviewed,
2015,Medication Instructions,Inhale the salbutamol inhaler and wait fifteen minutes before using the steroid inhaler.,Hema inhaler ea salbutamol mme u eme metsotso e leshome le metso e mehlano pele ho sebelisa inhaler ea steroid.,WHO,medication-instructions-v1,,reviewed,
906,HIV,The second 95 means 95 percent of people who know their status are on ART.,95 ea bobeli e bolela hore batho ba 95 pesente ba tsebang boemo ba bona ba holim'a ART.,UNAIDS,hiv-95-95-95,,reviewed,
632,HIV,I am a nurse and I have HIV and I still care for patients every day.,Ke mooki mme ke na le HIV empa ke ntse ke hlokomela bakuli letsatsi le leng le le leng.,clinical_fieldwork,patient-hcw-hiv,,reviewed,
3365,Symptoms and Complaints,I have a change in the colour of my pupil.,Ke na le phetoho mmelaeng oa pupil ea ka.,WHO,symptoms-complaints-v1,,reviewed,
1975,Medication Instructions,Apply the cream to the skin and avoid contact with eyes and mucous membranes.,Sebelisa cream letlalong mme u hane ho kopana le mahlo le li-mucous membrane.,WHO,medication-instructions-v1,,reviewed,
163,HIV,People living with HIV have a higher risk of certain cancers.,Batho ba phelang le HIV ba kotsing e phahameng haholo ea ho tšoaroa ke mefuta e itseng ea kankere (certain cancers).,CDC_HIVNexus,hiv-cancer-risk,,reviewed,
3173,Symptoms and Complaints,I feel very bloated and my abdomen is very tender.,Ke ikutloa ke tletse moea haholo mme mpa ea ka e bohloko haholo.,WHO,symptoms-complaints-v1,,reviewed,
3613,Appointments and Follow-Up,I have an appointment with the nurse today.,Ke na le appointment le mooki kajeno.,WHO,appointments-followup-v1,,reviewed,
4676,General Patient Education,"Chest pain, shortness of breath, and dizziness may indicate heart disease.","Mahloko a sefuba, ho hloka moya, le ho potoloha li ka bontša bolwetse ba pelo.",WHO,general-patient-education-v1,,reviewed,
618,HIV,Decentralisation of HIV services brings care closer to communities.,Ho abeloa ha litshebeletso tsa HIV ho tlisa tlhokomelo haufi le sechaba.,WHO,hiv-decentralisation,,reviewed,
4069,Maternal and Child Health,I was told my due date is in three weeks.,Ke ile ya tsibiswe hore letsatsi la ho tswa ntlele ke masome a mararo a beke.,WHO,maternal-child-health-v1,,raw,
1432,Tuberculosis,TB services should be accessible to all people regardless of nationality or immigration status.,Litshebeletso tsa TB li lokela ho fumaneha ho batho bohle ntle le ho sheba bochaba kapa boemo ba ho fallela naheng.,WHO,tb-migrants-access,,reviewed,
548,HIV,Physical activity improves cardiovascular health and mental wellbeing in people living with HIV.,Tšhabele ya naga e hlokomela bophelo bja madi le bophelo bja moya kwa batho ba a tsamayang le HIV.,NIH_HIVinfo,hiv-exercise,,raw,
3335,Symptoms and Complaints,I have redness in the whites of my eyes.,Ke na le bofubedu litšoeu tsa mahlo a ka.,WHO,symptoms-complaints-v1,,reviewed,
4547,General Patient Education,Omega-3 fatty acids from fish support heart and brain health.,Li-omega-3 fatty acid ho tsoa tlhaping li tshehetsa bophelo ba pelo le boko.,WHO,general-patient-education-v1,,reviewed,
4224,Maternal and Child Health,My child has been diagnosed with chickenpox.,Ngoana oa ka o hlahlojoe ka chickenpox.,WHO,maternal-child-health-v1,,reviewed,
2388,Medication Instructions,"Take the missed dose as soon as you remember, unless it is within four hours of the next dose.","Nka dose e lahlehileng hang hang ha u hopola, ntle le haeba e le ka hare ho maho a mane oa dose e latelang.",WHO,medication-instructions-v1,,reviewed,
4244,Maternal and Child Health,My child has been having frequent painful crises.,Ngoana oa ka o ntse a na le linako tsa mahloko a matla hangata.,WHO,maternal-child-health-v1,,reviewed,
3996,Appointments and Follow-Up,I need to ask the doctor about changing my appointment to a different day.,Ke hloka ho botsa ngaka ka ho fetola appointment ea ka ho letsatsi le leng.,WHO,appointments-followup-v1,,reviewed,
4066,Maternal and Child Health,I attended an antenatal education class at the clinic.,Ke ile ya ea lekgetleng la thuto tlasa ho tswa ntlele kweneng.,WHO,maternal-child-health-v1,,raw,
1862,Medication Instructions,Take two tablets at the same time once a day.,Nka lipilisi tse peli ka nako e tšoanang ka nako e le ngoe ka letsatsi.,WHO,medication-instructions-v1,,reviewed,
641,HIV,Simplified ART regimens with fewer pills improve adherence.,Mananeo a ART a bonolo a nang le lipilisi tse fokolang a ntlafatsa ho latela.,WHO,art-simplification,,reviewed,
3903,Appointments and Follow-Up,I want to apologise for missing my scheduled follow-up.,Ke rata ho kopa tšoarelo bakeng sa ho lahlehela ho latela ha ka ho reretseng.,WHO,appointments-followup-v1,,reviewed,
638,HIV,Readiness assessment before ART initiation helps identify potential adherence barriers.,Ho lekola boitokisetso pele ho qala ART ho thusa ho tseba meqoqo e ka khonehang ea ho latela.,NIH_HIVinfo,art-readiness,,reviewed,
4263,Maternal and Child Health,I was told to avoid adding salt or sugar to my baby's food.,Ke boletsoe ho hana ho eketsa letsoai kapa tsoekere lijong tsa ngoana oa ka.,WHO,maternal-child-health-v1,,reviewed,
3911,Appointments and Follow-Up,I would like to request a home visit from the clinic nurse.,Ke rata ho kopa ketelo ea lapeng ho tsoa mooki oa kliniki.,WHO,appointments-followup-v1,,reviewed,
2987,Symptoms and Complaints,I have pain in my left knee that is worse when walking downstairs.,Ke na le mahloko mangoleng a ka a molema a mpe ha ke theohela marapo a mabatla.,WHO,symptoms-complaints-v1,,reviewed,
2097,Medication Instructions,Do not store the medication in a pillbox exposed to sunlight.,U se ke ua boloka moriana pillbox e hlahisoang leseding la letsatsi.,WHO,medication-instructions-v1,,reviewed,
4612,General Patient Education,Take short breaks to stand and move during long periods of sitting.,Nka maphomelo a makhutšoanyane ho ema le ho tsamaea nakong e telele ea ho lula.,WHO,general-patient-education-v1,,reviewed,
3076,Symptoms and Complaints,I am coughing up mucus with a sweet and sour taste.,Ke kohoa mucus e nang le tatso e monate le e bohloela.,WHO,symptoms-complaints-v1,,reviewed,
3675,Appointments and Follow-Up,The nurse checked my oxygen levels at the appointment.,Mooki o hlahlobile maemo a oxygen ea ka appointment.,WHO,appointments-followup-v1,,reviewed,
2842,Symptoms and Complaints,I feel my condition is complex and needs expert care.,Ke ikutloa boemo ba ka bo raraane mme bo hloka tlhokomelo ea setsebi.,WHO,symptoms-complaints-v1,,reviewed,
922,HIV,I have been feeling dizzy and having nightmares since I started my new HIV medicine.,Ke bile ke ikutloa ke potoloha le ho ba le liphupho tse mpe ho tloha ha ke qala meriana ea HIV e mocha.,clinical_fieldwork,patient-art-side-effects,,reviewed,
547,HIV,"Many people living with HIV lead active, fulfilling, and productive lives.","Batho bangata ba a tsamayang le HIV ba tsamaya, ba phela bophelo bjo bokgethwa le bo botswa.",UNAIDS,hiv-positive-living,,raw,
3667,Appointments and Follow-Up,The nurse weighed my baby at the appointment.,Mooki o lekotse boima ba ngoana oa ka appointment.,WHO,appointments-followup-v1,,reviewed,
1901,Medication Instructions,"Take one tablet every morning, increasing the dose as directed by your doctor.","Nka pilisi e le ngoe hoseng hoa hoseng, o eketse dose joalo ka ha ngaka ea hau e laetsa.",WHO,medication-instructions-v1,,reviewed,
2029,Medication Instructions,Administer the subcutaneous injection using a short needle at a ninety-degree angle.,Fana ka ente ea ka tlase ho letlalo ka ho sebelisa inaliti e khutšoanyane ka konokono ea masome a robong.,WHO,medication-instructions-v1,,reviewed,
2302,Medication Instructions,Do not take this medicine with antifungal drugs without medical advice.,U se ke ua nka moriana ona le meriana ea antifungal ntle le keletso ea ngaka.,WHO,medication-instructions-v1,,reviewed,
1886,Medication Instructions,Take two tablets once daily for five days.,Nka lipilisi tse peli ka nako e le ngoe letsatsi le leng le le leng ka matsatsi a hlano.,WHO,medication-instructions-v1,,reviewed,
1643,Tuberculosis,Post-treatment follow-up helps detect TB relapse early.,Ho latela ka mor'a phekolo ho thusa ho fumana ho khutlela morao ha TB kapele.,WHO,tb-relapse-monitoring,,reviewed,
3510,Appointments and Follow-Up,I would like to book an appointment for a chest X-ray.,Ke rata ho buka appointment bakeng sa X-ray ea sefuba.,WHO,appointments-followup-v1,,reviewed,
4810,General Patient Education,Ask your clinic about PrEP if you are at high risk of HIV.,Botsa kliniki ea hao ka PrEP haeba o le kotsing e phahameng ea HIV.,WHO,general-patient-education-v1,,reviewed,
2098,Medication Instructions,Keep the eye drops at room temperature and discard one month after opening.,Boloka litšoelelo tsa mahlo ka mocheso oa kamora mme u lahlehise khoeli e le ngoe ka mor'a ho bula.,WHO,medication-instructions-v1,,reviewed,
4358,Maternal and Child Health,I was told that some medications can reduce the effectiveness of the pill.,Ke boletsoe hore meriana e meng e ka fokotsa bokgoni ba pilisi.,WHO,maternal-child-health-v1,,reviewed,
3789,Appointments and Follow-Up,I have to follow the treatment plan given by my doctor.,Ke tlameha ho latela leano la phekolo le fanoeng ke ngaka ea ka.,WHO,appointments-followup-v1,,reviewed,
4495,General Patient Education,Wear shoes to protect your feet from soil-transmitted infections.,Apara lieta ho sireletsa maoto a hao ho tšoaetso tse fetisanang ka mobu.,WHO,general-patient-education-v1,,reviewed,
4968,General Patient Education,Hospice care provides comfort and dignity at the end of life.,Tlhokomelo ea hospice e fana ka khutso le tlotlo qetellong ea bophelo.,WHO,general-patient-education-v1,,reviewed,
837,HIV,HIV testing campaigns during public events increase testing uptake.,Mananeo a ho hlahlobeloa HIV nakong ea liketsahalo tsa sechaba a eketsa ho amoheloa ha liteko.,UNAIDS,hiv-testing-campaigns,,reviewed,
602,HIV,I have HIV and I have also been diagnosed with diabetes.,Ke na le HIV mme ke boetse ke fuoe bolwetse ba tsoekere.,clinical_fieldwork,patient-hiv-comorbidity,,reviewed,
2185,Medication Instructions,Seek medical attention if you develop difficulty swallowing while taking this medicine.,Batla tlhokomelo ea ngaka haeba u ba le bothata ba ho metsa ha u nka moriana ona.,WHO,medication-instructions-v1,,reviewed,
3866,Appointments and Follow-Up,I would like to know about the fast-track medication collection service.,Ke rata ho tseba ka tšebeletso ea ho kga moriana ka potlako.,WHO,appointments-followup-v1,,reviewed,
2482,Medication Instructions,Give 5ml of syrup per 10kg of body weight.,Fana ka 5ml ea syrup ka 10kg ea boima ba 'mele.,WHO,medication-instructions-v1,,reviewed,
4308,Maternal and Child Health,I was advised to childproof my home to prevent accidents.,Ke keletsoeng ho boloka ntlo ea ka e bolokehileng bakeng sa bana ho thibela likotsi.,WHO,maternal-child-health-v1,,reviewed,
1583,Tuberculosis,Drug interactions between TB medicines and antiretrovirals require careful management.,Likopano tsa meriana lipakeng tsa meriana ea TB le li-antiretroviral li hloka taolo e nang le hloko.,WHO,tb-hiv-drug-interactions,,reviewed,
4267,Maternal and Child Health,I was told to give my baby foods rich in iron.,Ke boletsoe ho fa ngoana oa ka lijo tse nang le tšepe e ngata.,WHO,maternal-child-health-v1,,reviewed,
2534,Medication Instructions,Give the medicine to the child with a small amount of honey for children over one year.,Fana ka moriana ho ngoana le joets'e e nyenyane bakeng sa bana ba fetang selemo se le seng.,WHO,medication-instructions-v1,,reviewed,
2726,Symptoms and Complaints,I feel my body temperature is very high.,Ke ikutloa mocheso oa 'mele oa ka o phahame haholo.,WHO,symptoms-complaints-v1,,reviewed,
1071,Tuberculosis,Interferon-gamma release assays (IGRAs) are blood tests used to diagnose latent TB infection.,Li-assay tsa ho lokolla interferon-gamma (IGRAs) ke liteko tsa mali tse sebelisoa ho fumana tšoaetso ea TB e patileng.,CDC,tb-igra,,reviewed,
1776,Tuberculosis,TB can cause scarring of the lungs that leads to chronic respiratory problems.,TB e ka baka ho phatloha ha matšoafo ho lebisang ho mathata a ho hema a nako e telele.,NHS,tb-lung-scarring,,reviewed,
4809,General Patient Education,PrEP is a medication that prevents HIV in HIV-negative people.,PrEP ke moriana o thibelang HIV ho batho ba sa nang HIV.,WHO,general-patient-education-v1,,reviewed,
1284,Tuberculosis,Drug susceptibility testing is essential before starting MDR-TB treatment to guide drug selection.,Teko ea kutloisiso ea meriana e bohlokoa pele ho qala kalafo ea MDR-TB ho tataisa khetho ea meriana.,WHO,tb-mdr-dst,,reviewed,
3051,Symptoms and Complaints,I have a cough that is triggered by stress.,Ke na le ho kohoa ho qalisitsoeng ke khatello ea maikutlo.,WHO,symptoms-complaints-v1,,reviewed,
4754,General Patient Education,Adolescents have the right to access sexual and reproductive health services.,Bacha ba na le tokelo ea ho fihlela litšebeletso tsa bophelo ba thobalano le ba ho ba le bana.,WHO,general-patient-education-v1,,reviewed,
1837,Medication Instructions,Take one tablet daily for thirty days.,Nka pilisi e le ngoe letsatsi le leng le le leng ka matsatsi a mashome a mararo.,WHO,medication-instructions-v1,,reviewed,
4243,Maternal and Child Health,My child has been diagnosed with sickle cell disease.,Ngoana oa ka o hlahlojoe ka bolwetse ba lisele tse nang le sebopeho sa sekhele.,WHO,maternal-child-health-v1,,reviewed,
1020,Tuberculosis,TB of the urinary tract can cause blood in the urine and kidney damage.,TB ea tsela ea moroto e ka baka mali morotong le kotsi ea lipitso.,NIH,tb-urinary,,reviewed,
4134,Maternal and Child Health,I was told to exclusively breastfeed for six months.,Ke ile ka laelwa ke hloka ngoanana wa ka ka mmele ho fihlela dilemo tse tsheletseng.,WHO,maternal-child-health-v1,,raw,
1327,Tuberculosis,The 6-month isoniazid preventive therapy (6H) regimen is the most widely used TPT option.,Moralo oa kalafo ea thibelo ka isoniazid oa likhoeli tse 6 (6H) ke khetho ea TPT e sebelisoang haholo ka ho fetisisa.,WHO,tb-6h-tpt,,reviewed,
476,HIV,Food insecurity is associated with poor ART adherence and worse HIV outcomes.,Ho hloka tšepo ea lijo ho amahanngoa le ho latela ART ho fokolang le liphetho tse mpe tsa HIV.,WHO,hiv-food-security,,reviewed,
4272,Maternal and Child Health,I was told to wash my hands before preparing my baby's food.,Ke boletsoe ho hlatsoa matsoho pele ho lokisa lijo tsa ngoana oa ka.,WHO,maternal-child-health-v1,,reviewed,
1652,Tuberculosis,Electronic TB registers improve data quality and programme monitoring.,Lirejista tsa TB tsa elektroniki li ntlafatsa boleng ba data le ho hlahloja lenaneo.,WHO,tb-electronic-register,,reviewed,
3999,Appointments and Follow-Up,I would like to know the name of the doctor I will see at my appointment.,Ke rata ho tseba lebitso la ngaka eo ke tla e bona appointment ea ka.,WHO,appointments-followup-v1,,reviewed,
4468,General Patient Education,Use a tissue when you cough or sneeze and dispose of it immediately.,Sebelisa tissue ha o kohoa kapa o thiimela mme o e lahle hang hang.,WHO,general-patient-education-v1,,reviewed,
2611,Medication Instructions,Do not take your medicine with hot drinks as it may affect absorption.,U se ke ua nka moriana oa hau le lino tse chesang hobane e ka angoa ho metsoa.,WHO,medication-instructions-v1,,reviewed,
2477,Medication Instructions,"Take the missed dose as soon as possible, then resume your normal dosing.","Nka dose e lahlehileng kamoo ho khonehang ka potlako, ebe u khutlele ho nka moriana ha hau ha kamehla.",WHO,medication-instructions-v1,,reviewed,
2584,Medication Instructions,Stopping treatment early may cause the infection to return.,Ho emisa phekolo kapele ho ka baka hore tšoaetso e khutlele.,WHO,medication-instructions-v1,,reviewed,
1374,Tuberculosis,"Addressing TB stigma requires engagement with communities, faith leaders, and media.","Ho loantša khesollo ea lefuba (TB) ho hlokahala hore ho sebetsoe le lichaba, baetapele ba bolumeli, le mecha ea phatlalatso.",WHO,tb-stigma-community-engagement,,reviewed,
740,HIV,Keeping girls in school reduces their vulnerability to HIV.,Ho boloka banana sekolong ho fokotsa bokoa ba bona ho HIV.,UNICEF,hiv-girls-education,,reviewed,
3619,Appointments and Follow-Up,I have an appointment for my CD4 count test.,Ke na le appointment bakeng sa tlhahlobo ea palo ea CD4 ea ka.,WHO,appointments-followup-v1,,reviewed,
2441,Medication Instructions,"Take the missed dose as soon as you remember, and continue the course.","Nka dose e lahlehileng hang hang ha u hopola, mme u tsoele pele le khoroso.",WHO,medication-instructions-v1,,reviewed,
868,HIV,Sexual health remains important for older adults living with HIV.,Bophelo bo botle ba thobalano bo ntse bo bohlokoa bakeng sa batho ba baholo ba phelang le HIV.,WHO,hiv-older-adults-sexual-health,,reviewed,
1141,Tuberculosis,TB is treated with a combination of antibiotics taken over several months.,TB e phekoluoa ka kopano ea li-antibiotic tse nkuoang ka likhoeli tse ngata.,WHO,tb-treatment,,reviewed,
998,HIV,Alcohol use can reduce ART adherence and accelerate liver disease in people living with HIV.,Tšebediso ea joala e ka fokotsa ho latela ART le ho potlakisa bolwetse ba sebete ho batho ba phelang le HIV.,WHO,hiv-alcohol,,reviewed,
1338,Tuberculosis,Pregnant women with TB should be monitored closely for drug toxicity and foetal wellbeing.,Basali ba bakhachane ba nang le TB ba lokela ho beoa leihlo haufi-ufi bakeng sa chefo ea meriana le bophelo bo botle ba lesea le ka popelong.,WHO,tb-pregnancy-monitoring,,reviewed,
542,HIV,Non-alcoholic fatty liver disease is increasingly common in people living with HIV.,Tlhabiso ya mala e ebotswa ke mafura e oketsega ka bontate kwa batho ba a tsamayang le HIV.,NIH_HIVinfo,hiv-liver,,raw,
1100,Tuberculosis,"Nobody in my family had ever had TB before, so we did not recognise the symptoms.","Ha ho motho lelapa la ka a neng a na le TB pele, kahoo ha re a tseba matšoao.",clinical_fieldwork,patient-tb-family-awareness,,reviewed,
1133,Tuberculosis,"In latent TB infection, bacteria remain alive but dormant inside granulomas.","Ho tšoaetsoa ha TB e patileng, bakteria e ntse e phela empa e robetse ka hare ho li-granuloma.",CDC,tb-latent-pathophysiology,,reviewed,
4065,Maternal and Child Health,I was told about the benefits of exclusive breastfeeding.,Ke ile ya tsibiswe ka maphelo a ho nwa ka diena feela.,WHO,maternal-child-health-v1,,raw,
2716,Symptoms and Complaints,I feel very thirsty and keep drinking water.,Ke ikutloa ke nyoroa haholo mme ke ntse ke noa metsi.,WHO,symptoms-complaints-v1,,reviewed,
2259,Medication Instructions,Contact your doctor if you develop a persistent weakness in the body.,Ikopanye le ngaka ea hau haeba u ba le ho fokotsehela ho tsoelang pele 'meleng.,WHO,medication-instructions-v1,,reviewed,
4751,General Patient Education,You must be given enough information to make an informed decision.,O tlameha ho fumanoa tlhahisoleseling e lekaneng ho etsa qeto e tsebisitsoeng.,WHO,general-patient-education-v1,,reviewed,
60,HIV,Mental health problems can make it difficult to adhere to ART.,Mathata a bophelo ba kelello (mental health problems) a ka etsa hore ho be thata ho khomarela le ho nka phekolo ea hau ea lithibela-mafofore ka nepo (adhere to ART).,WHO,art-adherence-barriers,,reviewed,
2884,Symptoms and Complaints,I have a severe pain in my right ear.,Ke na le mahloko a matla tsebeng ea ka ea le letona.,WHO,symptoms-complaints-v1,,reviewed,
1939,Medication Instructions,Take one capsule every twelve hours for seven days.,Nka capsule e le ngoe ka maho a leshome le metso e meli le metso e meli ka matsatsi a supileng.,WHO,medication-instructions-v1,,reviewed,
2577,Medication Instructions,Do not give the medicine to a child who is on a caffeine-free diet without checking.,U se ke ua fana ka moriana ho ngoana ea lijo tse se nang caffeine ntle le ho hlahloba.,WHO,medication-instructions-v1,,reviewed,
4937,General Patient Education,Safe roads and public spaces reduce the risk of injuries.,Litsela tse bolokehileng le libaka tsa sechaba li fokotsa kotsi ea likotsi.,WHO,general-patient-education-v1,,reviewed,
1079,Tuberculosis,Urine lipoarabinomannan (LAM) testing is a rapid bedside test for TB in HIV-positive patients with low CD4 counts.,Ho lekoa ha lipoarabinomannan (LAM) ea moroto ke tlhahlobo ea potlako ea bokamoso bakeng sa TB ho bakuli ba nang le HIV ba nang le palo e tlase ea CD4.,WHO,tb-lam-test,,reviewed,
3250,Symptoms and Complaints,I have difficulty with my writing and my handwriting has changed.,Ke na le bothata ba ho ngola mme mongolo oa matsoho a ka o fetohile.,WHO,symptoms-complaints-v1,,reviewed,
3128,Symptoms and Complaints,I feel very sick and cannot drink any fluids.,Ke ikutloa ke kula haholo mme ha ke khone ho noa metsi afe kafe.,WHO,symptoms-complaints-v1,,reviewed,
2489,Medication Instructions,Do not crush enteric-coated tablets for children; use the liquid form.,U se ke ua hlohlela lipilisi tse koahetsoeng ka hare ho bana; sebelisa sebopeho sa metsi.,WHO,medication-instructions-v1,,reviewed,
941,HIV,We need to discuss your viral load result because it is higher than we would like.,Re hloka ho buisana ka sephetho sa viral load ea hau hobane se phahame ho feta se ratang.,clinical_fieldwork,clinician-patient-communication,,reviewed,
1081,Tuberculosis,Gastric aspirate specimens can be used to diagnose TB in young children who cannot expectorate sputum.,Lisampole tsa ho hula mpa li ka sebelisoa ho fumana TB ho bana ba banyenyane ba ke ke ba hlahisa mathe.,WHO,tb-gastric-aspirate,,reviewed,
188,HIV,You cannot get HIV from mosquito bites.,U ke ke ua tšoaroa ke HIV ka lebaka la ho llongwa ke menoang.,CDC_HIVNexus,hiv-transmission-myths,,reviewed,
2635,Medication Instructions,Do not take your medicine with sports drinks unless instructed.,U se ke ua nka moriana oa hau le lino tsa lipapali ntle le haeba ho laetsoe.,WHO,medication-instructions-v1,,reviewed,
2086,Medication Instructions,Store the ointment at room temperature and do not refrigerate.,Boloka ointment ka mocheso oa kamora mme u se ke ua boloka friji.,WHO,medication-instructions-v1,,reviewed,
2250,Medication Instructions,This medicine may cause increased sensitivity to medications.,Moriana ona o ka baka ho amehela haholo ho meriana.,WHO,medication-instructions-v1,,reviewed,
4891,General Patient Education,Practice relaxation techniques such as deep breathing and meditation.,Itlwaetse mekhoa ea ho khutsa joalo ka ho hema ka botebo le ho nahanisisa.,WHO,general-patient-education-v1,,reviewed,
2024,Medication Instructions,Place the chewable tablet in the mouth and chew thoroughly before swallowing.,Beha pilisi ea ho hlafuna molomong mme u e hlafune hantle pele ho metsa.,WHO,medication-instructions-v1,,reviewed,
3540,Appointments and Follow-Up,I would like to book an appointment for a second opinion.,Ke rata ho buka appointment bakeng sa maikutlo a bobeli.,WHO,appointments-followup-v1,,reviewed,
4049,Maternal and Child Health,I was told to go to the hospital if my baby stops moving.,Ke ile ya tsibiswa ke tsamaye kongpong e kgabong ha ngwana a ka a sa tswe.,WHO,maternal-child-health-v1,,raw,
3607,Appointments and Follow-Up,I missed my appointment and would like to rebook.,Ke lahlehetsoe ke appointment ea ka mme ke rata ho e buka hape.,WHO,appointments-followup-v1,,reviewed,
227,HIV,Stigma and discrimination cause people to avoid HIV testing and treatment.,Kekello le khethollo li etsa hore batho ba hane ho hlahlobeloa HIV le phekolo.,WHO,hiv-stigma,,reviewed,
4848,General Patient Education,Trichomoniasis is a common STI that is easily treated.,Trichomoniasis ke STI e tloaelehileng e alafoang habonolo.,WHO,general-patient-education-v1,,reviewed,
1930,Medication Instructions,Take one tablet daily for the entire duration of your prescription.,Nka pilisi e le ngoe letsatsi le leng le le leng nako yohle ea prescription ea hau.,WHO,medication-instructions-v1,,reviewed,
3056,Symptoms and Complaints,I am coughing up mucus with a sweet smell.,Ke kohoa mucus e nang le monko o monate.,WHO,symptoms-complaints-v1,,reviewed,
4490,General Patient Education,Keep your toilet or latrine clean and covered.,Boloka ntlo ea hao ea thokomelo kapa latrine e hloekileng le e koahetseng.,WHO,general-patient-education-v1,,reviewed,
1405,Tuberculosis,Latent TB infection (LTBI) means TB bacteria are present in the body but are not causing active disease.,Tšoaetso ea TB e patileng (LTBI) e bolela hore bakteria ea TB e le 'meleng empa ha e bake bolwetse bo sebetsang.,CDC,tb-ltbi,,reviewed,
2180,Medication Instructions,This medicine may cause fatigue; rest as needed and avoid strenuous activity.,Moriana ona o ka baka ho lapala; khutsa ha ho hlokeha mme u hane mesebetsi e matla.,WHO,medication-instructions-v1,,reviewed,
698,HIV,Peer mother support programmes improve PMTCT outcomes.,Mananeo a tshehetso ea bomme ba bahlankana a ntlafatsa liphetho tsa PMTCT.,UNICEF,pmtct-peer-mothers,,reviewed,
1125,Tuberculosis,Chronic kidney disease patients have a significantly elevated risk of developing active TB.,Bakuli ba nang le bolwetse ba lipitso ba nako e telele ba na le kotsi e phahameng haholo ea ho ba le TB e sebetsang.,NIH,tb-ckd-risk,,reviewed,
3362,Symptoms and Complaints,I have a rash that is accompanied by mouth sores.,Ke na le ho ruruha ha letlalo ho tsamaeang le maqeba a molomo.,WHO,symptoms-complaints-v1,,reviewed,
4136,Maternal and Child Health,I was advised to introduce solid foods at six months.,Ke ile ka laelwa ke kenyele ngoanana wa ka dithoto tsa mmala ka metsotso e metso e tsheletseng.,WHO,maternal-child-health-v1,,raw,
1779,Tuberculosis,The slow growth rate of TB bacteria is one reason why treatment takes several months.,Lebelo le lleha la ho hola ha bakteria ea TB ke lebaka le le leng la hore phekolo e nka likhoeli tse ngata.,CDC,tb-slow-growth,,reviewed,
2859,Symptoms and Complaints,I have pain in my shoulders that wakes me up at night.,Ke na le mahloko mahetleng a ka a ntsosang bosiu.,WHO,symptoms-complaints-v1,,reviewed,
1038,Tuberculosis,Air travel can facilitate TB transmission in confined aircraft cabins during long flights.,Ho tsamaea ka sefofane ho ka khothaletsa phetisetso ea TB ka hare ho likamore tse koalehileng tsa sefofane nakong ea lieto tse telele.,WHO,tb-air-travel,,reviewed,
4457,General Patient Education,Report any side effects of your medication to the clinic.,Bua ka litlamorao tse ling tsohle tsa moriana oa hao klinikeng.,WHO,general-patient-education-v1,,reviewed,
2257,Medication Instructions,Seek medical attention if you develop signs of a serious blood reaction.,Batla tlhokomelo ea ngaka haeba u ba le lišoaetso tsa karabelo e matla ea mali.,WHO,medication-instructions-v1,,reviewed,
314,HIV,HIV-exposed infants who test negative should be retested at nine months and again after breastfeeding stops.,Ngwana ba bang ba HIV ba fumane tsebo ya bohlokoa ya PCR ba tla tsebjwa gape ka metshelele e tlang.,WHO,pmtct-eid,,raw,
2282,Medication Instructions,This medicine may cause increased sensitivity to physical activity.,Moriana ona o ka baka ho amehela haholo mesebetsing ea 'mele.,WHO,medication-instructions-v1,,reviewed,
1417,Tuberculosis,Adequate nutrition reduces TB risk by supporting immune function.,Phepo e lekaneng e fokotsa kotsi ea TB ka ho tshehetsa tšebetso ea tšireletso ea 'mele.,WHO,tb-prevention-nutrition,,reviewed,
1037,Tuberculosis,TB transmission in schools can occur when a teacher or student has undiagnosed active TB.,Phetisetso ea TB likolong e ka etsahala ha mosuoe kapa moithuti a na le TB e sebetsang e sa fumanoe.,WHO,tb-schools,,reviewed,
2160,Medication Instructions,This medicine may cause increased urination; this is expected and not harmful.,Moriana ona o ka baka ho morota hangata; sena se nahanoa mme ha se kotsi.,WHO,medication-instructions-v1,,reviewed,
4164,Maternal and Child Health,I have brought my child for the twelve-month immunisation.,Ke ile ka tlaletsa mwana wa ka ka immunisation ya dikgwedi tse pedi.,WHO,maternal-child-health-v1,,raw,
1755,Tuberculosis,TB programme reviews help identify best practices that can be scaled up nationally.,Litlhahlobo tsa lenaneo la TB li thusa ho tseba mekhoa e metle e ka atolosoang naheng yohle.,WHO,tb-programme-review,,reviewed,
3113,Symptoms and Complaints,I feel very bloated and have a lot of gas.,Ke ikutloa ke tletse moea haholo mme ke na le moea o mongata.,WHO,symptoms-complaints-v1,,reviewed,
2814,Symptoms and Complaints,I feel my whole body is inflamed.,Ke ikutloa 'mele oa ka ka bophara o ruruhetse.,WHO,symptoms-complaints-v1,,reviewed,
2699,Medication Instructions,Never lend your prescription medicine to another person.,U se ke oa adima moriana oa hau oa prescription ho motho e mong.,WHO,medication-instructions-v1,,reviewed,
3208,Symptoms and Complaints,I have weakness in both my arms.,Ke na le ho fokotsehela mapha a ka a mabeli.,WHO,symptoms-complaints-v1,,reviewed,
4351,Maternal and Child Health,I would like to be referred for a tubal ligation.,Ke rata ho romeloa bakeng sa ho tlama li-tube.,WHO,maternal-child-health-v1,,reviewed,
3432,Symptoms and Complaints,I have a feeling of something falling out of my vagina.,Ke na le maikutlo a ntho e theohang vagineng ea ka.,WHO,symptoms-complaints-v1,,reviewed,
1507,Tuberculosis,"I still get tired easily since finishing TB treatment, but the clinic says this will improve over time.","Ke ntse ke lapala bonolo ho tloha ha ke phetela phekolo ea TB, empa kliniki e re sena se tla ntlafala nako e ntse e tsoela pele.",clinical_fieldwork,patient-tb-post-treatment-fatigue,,reviewed,
1924,Medication Instructions,"Take two tablets on the first day, then one tablet daily for nine days.","Nka lipilisi tse peli letsatsing la pele, ebe o nka pilisi e le ngoe letsatsi le leng le le leng ka matsatsi a robong.",WHO,medication-instructions-v1,,reviewed,
449,HIV,Intimate partner violence is associated with increased HIV risk in women.,Tlhoriso ea molekane ea haufi e amahanngoa le kotsi e eketsehileng ea HIV ho basali.,WHO,hiv-gender-violence,,reviewed,
4129,Maternal and Child Health,I was given iron supplements at my postnatal visit.,Nkae ilo nne nka fumane ditshepe tsa irone ka nako ya ho tla morao-matlafatsi.,WHO,maternal-child-health-v1,,raw,
2529,Medication Instructions,Do not give the medicine to a child who is taking herbal remedies without advice.,U se ke ua fana ka moriana ho ngoana ea nkang meriana ea semela ntle le keletso.,WHO,medication-instructions-v1,,reviewed,
4970,General Patient Education,Grief and bereavement support is available after the loss of a loved one.,Tshehetso ea masoabi le ho lahleheloa e fumaneha ka mor'a ho lahleheloa ke motho ea ratoang.,WHO,general-patient-education-v1,,reviewed,
2790,Symptoms and Complaints,I feel my whole body is affected.,Ke ikutloa 'mele oa ka ka bophara o angoa.,WHO,symptoms-complaints-v1,,reviewed,
362,HIV,Tenofovir-based ART treats both HIV and hepatitis B at the same time.,Tenofovir-based ART e tšireletsa HIV le Hepatitis B ka nako e le yona.,WHO,hiv-hbv-treatment,,raw,
2184,Medication Instructions,This medicine may cause skin discolouration; this is usually harmless.,Moriana ona o ka baka ho fetola mebala ea letlalo; sena hangata ha se kotsi.,WHO,medication-instructions-v1,,reviewed,
1135,Tuberculosis,"Cavitation in the lungs occurs when TB destroys lung tissue, creating air-filled spaces visible on X-ray.","Ho etsahala ha likhoba matšoafong ho etsahala ha TB e senya lisele tsa matšoafo, e theha libaka tse tletse moea tse bonahalang ho X-ray.",NIH,tb-cavitation,,reviewed,
3881,Appointments and Follow-Up,I missed my appointment because I felt well and thought it was unnecessary.,Ke lahlehetsoe ke appointment ea ka hobane ke ne ke ikutloa ke phela hantle mme ke nahana hore ha ho hlokahale.,WHO,appointments-followup-v1,,reviewed,
2156,Medication Instructions,This medicine may cause insomnia; take it in the morning to reduce sleep disturbance.,Moriana ona o ka baka ho hloka boroko; o nke hoseng ho fokotsa ho khathatsa ha boroko.,WHO,medication-instructions-v1,,reviewed,
1831,Medication Instructions,Take one tablet with a meal to reduce stomach upset.,Nka pilisi e le ngoe le lijo ho fokotsa ho nyakeloa ha mala.,WHO,medication-instructions-v1,,reviewed,
1054,Tuberculosis,"Joint pain and swelling may indicate TB arthritis, especially in the hip or knee.","Mahloko a maqhoa le ho ruruha li ka bontša TB arthritis, haholo-holo serope kapa leqhoa.",NIH,tb-joint-symptoms,,reviewed,
23,HIV,A CD4 count below 200 means your immune system is severely weakened.,Palo ea CD4 e ka tlase ho lisele tse 200 e bolela hore sesole sa mmele sa hau se fokola haholo.,WHO,hiv-monitoring,,reviewed,
2067,Medication Instructions,Store the cream at room temperature and avoid freezing.,Boloka cream ka mocheso oa kamora mme u hane ho khatisa.,WHO,medication-instructions-v1,,reviewed,
1654,Tuberculosis,Loss to follow-up remains a major challenge in achieving high TB treatment success rates.,Ho lahlehela ho latela ho ntse ho le mathata a maholo ho fihlela likhato tse phahameng tsa katleho ea phekolo ea TB.,WHO,tb-ltfu,,reviewed,
2588,Medication Instructions,Ask a family member to remind you to take your medicine each day.,Kopa leloko la lelapa ho u khumamisa ho nka moriana oa hau letsatsi le leng le le leng.,WHO,medication-instructions-v1,,reviewed,
3211,Symptoms and Complaints,I have been having episodes of sudden severe headache with vomiting.,Ke ntse ke na le linako tsa mahloko a matla a hlooho le ho hlatsa ka tšohanyetso.,WHO,symptoms-complaints-v1,,reviewed,
4303,Maternal and Child Health,I was told that early detection of problems leads to better outcomes.,Ke boletsoe hore ho fumana mathata kapele ho lebisa liphetho tse ntle.,WHO,maternal-child-health-v1,,reviewed,
4037,Maternal and Child Health,I heard my baby's heartbeat for the first time at the clinic.,Ke ile ka utwa ha selemo sa kwana hao ka boritho ka ntata.,WHO,maternal-child-health-v1,,raw,
2326,Medication Instructions,Do not take this medicine with antituberculosis drugs without medical advice.,U se ke ua nka moriana ona le meriana ea ho loa TB ntle le keletso ea ngaka.,WHO,medication-instructions-v1,,reviewed,
461,HIV,Travel restrictions based on HIV status are discriminatory and should be abolished.,Melaolelo ea ho tsamaea e thehiloeng holim'a boemo ba HIV ke khethollo mme e lokela ho fenyoa.,UNAIDS,hiv-travel-restrictions,,reviewed,
1068,Tuberculosis,"Chest X-ray findings in TB include upper lobe infiltrates, cavities, and hilar lymphadenopathy.","Liphetho tsa X-ray ea sefuba ho TB li kenyelletsa ho kenella ha karolo e holimo ea matšoafo, likhoba, le ho ruruha ha li-lymph node tsa hilar.",NIH,tb-xray-findings,,reviewed,
88,HIV,Regular exercise can improve energy levels and mental health in people living with HIV.,Ho ikoetlisa kamehla (regular exercise) ho ka ntlafatsa maemo a matla (energy levels) le bophelo bo botle ba kelello (mental health) ho batho ba phelang le HIV.,NIH_HIVinfo,hiv-lifestyle,,reviewed,
1431,Tuberculosis,"Migrants face barriers to TB care including language differences, legal status, and lack of documentation.","Baahi ba fetang ba tobana le meqoqo ea tlhokomelo ea TB ho kenyelletsa liphaello tsa puo, boemo ba molao, le ho hloka litokomane.",WHO,tb-migrants-barriers,,reviewed,
2648,Medication Instructions,Inform your doctor if you are having difficulty with the side effects of your medicine.,Tsebisa ngaka ea hau haeba u na le bothata ba litlamorao tsa moriana oa hau.,WHO,medication-instructions-v1,,reviewed,
283,HIV,I have been living with HIV for ten years and I am still healthy.,Ke a phela le HIV ka lilemo tse 10 'me ke le sebete.,clinical_fieldwork,patient-hiv-long-term,,raw,
463,HIV,The greater involvement of people living with HIV is a core principle of the HIV response.,Ho kenyelletsooa ho hoholo ha batho ba phelang le HIV ke molaotheo oa motheo oa karabelo ea HIV.,UNAIDS,hiv-gipa,,reviewed,
213,HIV,You have the right to pre-test and post-test counselling.,U na le tokelo ea ho fumana keletso pele le ka mora ho hlahlobeloa.,WHO,hiv-testing-rights,,reviewed,
2500,Medication Instructions,"Give the medicine for the full prescribed course, even if the child feels better.","Fana ka moriana khoroso yohle e laetsoeng, le ha ngoana a ikutloa a ntlafetse.",WHO,medication-instructions-v1,,reviewed,
1369,Tuberculosis,Healthcare workers should use non-stigmatising language when communicating with TB patients.,Basebeletsi ba bophelo bo botle ba lokela ho sebelisa puo e sa bakeng sekhobo ha ba buisana le bakuli ba TB.,WHO,tb-non-stigmatising-language,,reviewed,
235,HIV,Reducing HIV stigma requires involvement from community leaders and religious institutions.,Ho fokotsa kekello ea HIV ho hloka ho kenyelletsa baetapele ba sechaba le mekhatlo ea bolumeli.,UNAIDS,hiv-stigma-reduction,,reviewed,
2771,Symptoms and Complaints,I have been having episodes of sudden weakness and dizziness.,Ke ntse ke na le linako tsa ho fokotsehela le ho potoloha ka tšohanyetso.,WHO,symptoms-complaints-v1,,reviewed,
598,HIV,I travel for work and I need to know how to manage my HIV medicine while away.,Ke ya lebala ka ntlo 'me ke hloka ho tseba hore ke tle ke etseng ke be le tšhebetšo ya HIV ha ke le teng.,clinical_fieldwork,patient-hiv-travel,,raw,
4421,General Patient Education,A healthy lifestyle reduces the risk of many diseases.,Mokhoa oa bophelo o motle o fokotsa kotsi ea mahlwetse a mangata.,WHO,general-patient-education-v1,,reviewed,
2251,Medication Instructions,Contact your doctor if you develop a persistent swelling in the body.,Ikopanye le ngaka ea hau haeba u ba le ho ruruha ho tsoelang pele 'meleng.,WHO,medication-instructions-v1,,reviewed,
4032,Maternal and Child Health,I was screened for syphilis at my antenatal visit.,Ke ne ke ile ke tshehetsoe ka syphilis ha selemo sa ka ntle ho antenatal.,WHO,maternal-child-health-v1,,raw,
2284,Medication Instructions,Do not take this medicine with alcohol as it may cause serious side effects.,U se ke ua nka moriana ona le joala hobane o ka baka litlamorao tse matla.,WHO,medication-instructions-v1,,reviewed,
663,HIV,Dolutegravir can cause weight gain in some patients.,Dolutegravir e ka baka ho eketseha ha boima ho bakuli ba bang.,WHO,art-dolutegravir-weight,,reviewed,
4964,General Patient Education,Dementia is a condition that affects memory and daily functioning.,Dementia ke boemo bo angoa kelello ea ho hopola le tšebetso ea letsatsi le leng le le leng.,WHO,general-patient-education-v1,,reviewed,
2286,Medication Instructions,This medicine may interact with blood thinners; inform your doctor.,Moriana ona o ka kopana le meriana e fokohisang mali; tsebisa ngaka ea hau.,WHO,medication-instructions-v1,,reviewed,
4717,General Patient Education,Protect your skin from the sun to prevent skin cancer.,Sireletsa letlalo la hao ho letsatsi ho thibela kankere ea letlalo.,WHO,general-patient-education-v1,,reviewed,
3194,Symptoms and Complaints,I have weakness in my right arm and leg.,Ke na le ho fokotsehela lephakeng la ka la le letona le leotong.,WHO,symptoms-complaints-v1,,reviewed,
2504,Medication Instructions,Give the medicine to the child at the prescribed intervals without skipping doses.,Fana ka moriana ho ngoana ka linako tse laetsoeng ntle le ho tlohela li-dose.,WHO,medication-instructions-v1,,reviewed,
4044,Maternal and Child Health,I was told the danger signs to watch for during pregnancy.,Ke ile ya tsibiswa mabaka a khopo ao ke nneng ka a bona nakong ya tswalo.,WHO,maternal-child-health-v1,,raw,
780,HIV,Community ART groups allow stable patients to collect medicines for each other.,Lihlopha tsa ART tsa sechaba li lumella bakuli ba tsitsitseng ho kgotha meriana bakeng sa ba bang.,MSF,hiv-cag,,reviewed,
4020,Maternal and Child Health,I feel short of breath when I walk during my pregnancy.,Ke hloka moya ha ke tsamaya during bohlokehi ba ka.,WHO,maternal-child-health-v1,,raw,
3427,Symptoms and Complaints,I have pain in my lower back that radiates to my groin.,Ke na le mahloko mokokotlong oa ka o tlase a isisoang groineng ea ka.,WHO,symptoms-complaints-v1,,reviewed,
4307,Maternal and Child Health,I was told to keep all medications out of reach of children.,Ke boletsoe ho boloka meriana yohle hole le bana.,WHO,maternal-child-health-v1,,reviewed,
3197,Symptoms and Complaints,I have been having episodes of double vision.,Ke ntse ke na le linako tsa ho bona ka habeli.,WHO,symptoms-complaints-v1,,reviewed,
4836,General Patient Education,Support is available for survivors of sexual violence.,Tshehetso e fumaneha bakeng sa ba pholositsoeng ho tlhekefetso ea thobalano.,WHO,general-patient-education-v1,,reviewed,
686,HIV,All HIV-exposed infants should receive daily nevirapine for six weeks after birth.,Bana bohle ba hlahisitsoeng HIV ba lokela ho fumana nevirapine letsatsi le leng le le leng ka libeke tse tšeletseng ka mor'a ho tsoaloa.,WHO,pmtct-nvp-prophylaxis,,reviewed,
3170,Symptoms and Complaints,I feel very sick and my abdomen is very inflamed.,Ke ikutloa ke kula haholo mme mpa ea ka e ruruhetse haholo.,WHO,symptoms-complaints-v1,,reviewed,
3927,Appointments and Follow-Up,I would like to continue my treatment without any gaps.,Ke rata ho tsoela pele phekolo ea ka ntle le liphokolong.,WHO,appointments-followup-v1,,reviewed,
3435,Symptoms and Complaints,I have pain during ejaculation.,Ke na le mahloko nakong ea ejaculation.,WHO,symptoms-complaints-v1,,reviewed,
2172,Medication Instructions,This medicine may cause stomach upset; take it with food to reduce discomfort.,Moriana ona o ka baka ho nyakeloa ha mala; o nke le lijo ho fokotsa ho se ikutloa hantle.,WHO,medication-instructions-v1,,reviewed,
3690,Appointments and Follow-Up,The doctor advised me to rest and avoid heavy work.,Ngaka e nkeletse ho khutsa le ho hana mesebetsi e boima.,WHO,appointments-followup-v1,,reviewed,
1851,Medication Instructions,Take one tablet twice daily for three months.,Nka pilisi e le ngoe habeli ka letsatsi ka likhoeli tse tharo.,WHO,medication-instructions-v1,,reviewed,
488,HIV,"Gloves, masks, and protective eyewear reduce the risk of occupational HIV exposure.","Letšo, maphoto, le di-eyewear tse tsosang tša fepa tša phahamisa tšwanelo ya ho kena HIV ya tšehetso.",CDC_HIVNexus,hiv-ppe,,raw,
1689,Tuberculosis,Mass TB screening in high-burden communities helps find undiagnosed cases.,Ho hlahlobeloa ha TB ka bongata sechabeng se nang le morwalo o moholo ho thusa ho fumana liketsahalo tse sa fumanoe.,WHO,tb-mass-screening,,reviewed,
2231,Medication Instructions,Contact your doctor if you develop a persistent skin rash.,Ikopanye le ngaka ea hau haeba u ba le ho ruruha ha letlalo ho tsoelang pele.,WHO,medication-instructions-v1,,reviewed,
3265,Symptoms and Complaints,I have been having episodes of sudden severe shin pain.,Ke ntse ke na le linako tsa mahloko a matla a leoto la pele ka tšohanyetso.,WHO,symptoms-complaints-v1,,reviewed,
2321,Medication Instructions,This medicine may interact with diuretic drugs; monitor electrolyte levels.,Moriana ona o ka kopana le meriana ea diuretic; hlahloja maemo a electrolyte.,WHO,medication-instructions-v1,,reviewed,
783,HIV,"HIV programme reviews should assess coverage, quality, and equity of services.","Litlhahlobo tsa lenaneo la HIV li lokela ho lekola koahelo, boleng, le tekano ea litshebeletso.",UNAIDS,hiv-programme-review,,reviewed,
522,HIV,Generic antiretroviral medicines have dramatically reduced the cost of HIV treatment.,Ditherefu tsa antiretroviral tse sa tswalanang di fokotswe thata maemo a tshohle ho tshwaetso ya HIV.,MSF,hiv-generic-art,,raw,
523,HIV,Patent barriers can prevent access to affordable HIV medicines in low-income countries.,Mehato ya patent e fela ka ho fihlella ditherefu tsa HIV tse ntle tse kenyeletsang mafolofolo a chale.,MSF,hiv-medicine-access,,raw,
2838,Symptoms and Complaints,I feel my whole body is suffering.,Ke ikutloa 'mele oa ka ka bophara o utloa bohloko.,WHO,symptoms-complaints-v1,,reviewed,
4540,General Patient Education,Fibre helps prevent constipation and reduces the risk of bowel cancer.,Fibre e thusa ho thibela ho tšoaroa le ho fokotsa kotsi ea kankere ea mala.,WHO,general-patient-education-v1,,reviewed,
2399,Medication Instructions,"If you miss a dose of a once-daily medicine, take it on the same day if you remember.","Haeba u lahlehetsoe ke dose ea moriana oa ka nako e le ngoe ka letsatsi, o nke letsatsing le leng leo haeba u hopola.",WHO,medication-instructions-v1,,reviewed,
2208,Medication Instructions,This medicine may cause a decrease in red blood cells; report fatigue or pallor.,Moriana ona o ka baka ho fokotseha ha lisele tsa mali tse khubelu; bua ho lapala kapa ho pheela.,WHO,medication-instructions-v1,,reviewed,
3478,Symptoms and Complaints,I have a feeling of pain in my renal hilum.,Ke na le maikutlo a mahloko renal hilumeng ea ka.,WHO,symptoms-complaints-v1,,reviewed,
3553,Appointments and Follow-Up,Can I change my appointment to the afternoon?,Na nka fetola appointment ea ka ho motsheare?,WHO,appointments-followup-v1,,reviewed,
4088,Maternal and Child Health,I experienced heavy bleeding after delivery.,Ke ile ka hloka madi a mmala ka mora tswalo.,WHO,maternal-child-health-v1,,raw,
2823,Symptoms and Complaints,I have been having episodes of sudden muscle weakness.,Ke ntse ke na le linako tsa ho fokotsehela ha mochine ka tšohanyetso.,WHO,symptoms-complaints-v1,,reviewed,
1512,Tuberculosis,Unexplained weight loss is one of the classic warning signs of tuberculosis.,Ho lahleheloa ke boima ho sa hlalositsoeng ke e 'ngoe ea lišoaetso tsa tlhokahalo tsa kamehla tsa tuberculosis.,CDC,tb-warning-signs,,reviewed,
1883,Medication Instructions,Take two tablets as a single dose with food.,Nka lipilisi tse peli e le dose e le ngoe le lijo.,WHO,medication-instructions-v1,,reviewed,
652,HIV,A viral load above 1000 copies per millilitre after six months on ART indicates treatment failure.,Viral load e fetang likopi tse sekete ka millilitre ka mor'a likhoeli tse tšeletseng holim'a ART e bontša ho hloleha ha phekolo.,WHO,hiv-treatment-failure,,reviewed,
4931,General Patient Education,Advocate for clean water and proper sanitation in your community.,Lwela metsi a hloekileng le bohloekileng bo nepahetseng sechababeng sa hao.,WHO,general-patient-education-v1,,reviewed,
3090,Symptoms and Complaints,I have been vomiting everything I eat.,Ke ntse ke hlatsa ntho tsohle eo ke e jang.,WHO,symptoms-complaints-v1,,reviewed,
370,HIV,All people living with HIV should be tested for hepatitis B and C.,Batho bohle ba phelang le HIV ba tla tsejoa ka hepatitis B le C.,WHO,hiv-hepatitis-screening,,raw,
4998,General Patient Education,Reducing sugar and processed food intake lowers inflammation in the body.,Ho fokotsa ho nka tsoekere le lijo tse entsoeng ka mokhoa oa indasteri ho fokotsa ho ruruha 'meleng.,WHO,general-patient-education-v1,,reviewed,
119,HIV,Formula feeding is an alternative for HIV-positive mothers who cannot safely breastfeed.,Ho fepa masea ka lebese la moroetsana (formula) ke khetho e 'ngoe bakeng sa bo-'m'e ba phelang le HIV ba sa khoneng ho anyesa ka mokhoa o bolokehileng.,WHO,pmtct-infant-feeding,,reviewed,
3321,Symptoms and Complaints,I have a gritty feeling in my eyes.,Ke na le maikutlo a lerole mahlong a ka.,WHO,symptoms-complaints-v1,,reviewed,
3035,Symptoms and Complaints,I have a cough that is triggered by eating.,Ke na le ho kohoa ho qalisitsoeng ke ho ja.,WHO,symptoms-complaints-v1,,reviewed,
2217,Medication Instructions,Seek medical attention if you develop signs of an electrolyte imbalance.,Batla tlhokomelo ea ngaka haeba u ba le lišoaetso tsa ho se lekane ha electrolyte.,WHO,medication-instructions-v1,,reviewed,
3543,Appointments and Follow-Up,I would like to make an appointment for an occupational therapy session.,Ke rata ho etsa appointment bakeng sa session ea occupational therapy.,WHO,appointments-followup-v1,,reviewed,
1614,Tuberculosis,Investing in TB research and new diagnostics is critical to ending the epidemic.,Ho hlahisa lichelete lipatlisisong tsa TB le litlhahlobo tse ncha ho bohlokoa ho felisa leruo la lefu.,WHO,tb-research,,reviewed,
3152,Symptoms and Complaints,I feel very sick and my abdomen is very tight.,Ke ikutloa ke kula haholo mme mpa ea ka e tšoaroe haholo.,WHO,symptoms-complaints-v1,,reviewed,
963,HIV,The U=U message — Undetectable equals Untransmittable — is a powerful tool against HIV stigma.,Molaetsa oa U=U — Ha e Fumanehe e lekana le Ho sa Fetiseloe — ke sesebelisoa se matla khahlanong le kekello ea HIV.,UNAIDS,u=u-campaign,,reviewed,
2511,Medication Instructions,Do not give the medicine to a child who is overweight without dose adjustment.,U se ke ua fana ka moriana ho ngoana ea boima bo phahameng ntle le ho fetola dose.,WHO,medication-instructions-v1,,reviewed,
3832,Appointments and Follow-Up,I would like to know about the health of my baby.,Ke rata ho tseba ka bophelo ba ngoana oa ka.,WHO,appointments-followup-v1,,reviewed,
2824,Symptoms and Complaints,I feel very sick and need to be monitored closely.,Ke ikutloa ke kula haholo mme ke hloka ho hlahlojoa ka hloko.,WHO,symptoms-complaints-v1,,reviewed,
4344,Maternal and Child Health,I would like information about emergency contraception.,Ke rata tlhahisoleseling ka thibelo ea ho mitsa ea tšohanyetso.,WHO,maternal-child-health-v1,,reviewed,
3033,Symptoms and Complaints,I have difficulty breathing and feel very dizzy.,Ke na le bothata ba ho hema mme ke ikutloa ke potoloha haholo.,WHO,symptoms-complaints-v1,,reviewed,
2416,Medication Instructions,"If you miss a dose of a contraceptive pill, follow the instructions in the package leaflet.","Haeba u lahlehetsoe ke dose ea pilisi ea contraceptive, latela litaelo tse phupung ea moriana.",WHO,medication-instructions-v1,,reviewed,
4655,General Patient Education,"Check your feet every day for cuts, sores, or changes in colour.","Hlahloba maoto a hao letsatsi le leng le le leng bakeng sa likhato, maqeba, kapa liphetoho tsa mmala.",WHO,general-patient-education-v1,,reviewed,
4237,Maternal and Child Health,My child has been diagnosed with autism spectrum disorder.,Ngoana oa ka o hlahlojoe ka autism spectrum disorder.,WHO,maternal-child-health-v1,,reviewed,
2186,Medication Instructions,This medicine may cause back pain; inform your doctor if it is severe.,Moriana ona o ka baka mahloko a mokokotlo; tsebisa ngaka ea hau haeba a matla.,WHO,medication-instructions-v1,,reviewed,
3670,Appointments and Follow-Up,The doctor examined my wound at the follow-up.,Ngaka e hlahlobile ntoa ea ka ho latela.,WHO,appointments-followup-v1,,reviewed,
2038,Medication Instructions,Administer the nebuliser treatment for ten to fifteen minutes per session.,Fana ka phekolo ea nebuliser ka metsotso e leshome ho isa ho e leshome le metso e mehlano ka session le leng le le leng.,WHO,medication-instructions-v1,,reviewed,
4363,Maternal and Child Health,I was told that the pill does not protect against sexually transmitted infections.,Ke boletsoe hore pilisi ha e sireletse ho tšoaetso tse fetisanang ka thobalano.,WHO,maternal-child-health-v1,,reviewed,
773,HIV,mRNA vaccine technology used in COVID-19 vaccines is now being applied to HIV vaccine research.,Theknoloji ea ente ea mRNA e sebelisitsoeng ho liente tsa COVID-19 joale e sebelisoa ho lipatlisiso tsa ente ea HIV.,NIH_HIVinfo,hiv-mrna-vaccine,,reviewed,
1285,Tuberculosis,MDR-TB patients should be managed by or in consultation with a specialist TB team.,Bakuli ba MDR-TB ba lokela ho hlokomeloa ke kapa ka boeletsi ba sehlopha se khethehileng sa litsebi tsa TB.,WHO,tb-mdr-specialist,,reviewed,
4604,General Patient Education,Avoid exercising in extreme heat to prevent heat exhaustion.,Hana ho itlama mochesong o feteletseng ho thibela ho lapala ha mocheso.,WHO,general-patient-education-v1,,reviewed,
4795,General Patient Education,Never leave a consultation without understanding your next steps.,O se ke oa tloha keletso ntle le ho utloisisa mehato ea hao e latelang.,WHO,general-patient-education-v1,,reviewed,
1415,Tuberculosis,"TB prevention requires a combination of vaccination, infection control, treatment of latent infection, and addressing social determinants.","Thibelo ea TB e hloka kopano ea ente, taolo ea tšoaetso, phekolo ea tšoaetso e patileng, le ho sebetsana le lintlha tsa sechaba.",WHO,tb-prevention-comprehensive,,reviewed,
1235,Tuberculosis,TB drugs should be taken at the same time each day to maintain consistent blood levels.,Meriana ea TB e lokela ho nooa ka nako e tšoanang letsatsi le leng le le leng ho boloka maemo a meriana maling a tsitsitse.,CDC,tb-dosing-timing,,reviewed,
2700,Medication Instructions,Return unused or expired medicines to the pharmacy for safe disposal.,Khutlisa meriana e sa sebelisitsoeng kapa e fetileng letsatsi la ho fela pharmacy bakeng sa ho lahlehisa ka polokeho.,WHO,medication-instructions-v1,,reviewed,
436,HIV,Transgender women have one of the highest HIV prevalence rates of any population group.,Basali ba fetohileng bong ba na le e 'ngoe ea likhato tse phahameng ka ho fetisisa tsa HIV ho lihlopha tsohle tsa sechaba.,UNAIDS,hiv-transgender,,reviewed,
1675,Tuberculosis,TB of the lymph nodes is the most common form of extrapulmonary tuberculosis.,TB ea li-lymph node ke mofuta o atileng ka ho fetisisa oa tuberculosis ea kantle ho matšoafo.,WHO,tb-lymph-nodes,,reviewed,
366,HIV,Direct-acting antivirals can cure hepatitis C in people living with HIV.,Antivirals e thekoang ke tsela e tsosang e ka foka hepatitis C ho batho ba phelang le HIV.,NIH_HIVinfo,hiv-hcv-treatment,,raw,
2650,Medication Instructions,Take your medicine with a clear understanding of why it is important.,Nka moriana oa hau le kutloisiso e hlakile ea hore na o bohlokoa bakeng sa eng.,WHO,medication-instructions-v1,,reviewed,
232,HIV,People living with HIV have the same rights to employment as everyone else.,Batho ba phelang le HIV ba na le litokelo tse tšoanang tsa mosebetsi le batho bohle ba bang.,DOH_SA,hiv-employment-rights,,reviewed,
4268,Maternal and Child Health,"I was advised to give my baby eggs, meat, and legumes.","Ke keletsoeng ho fa ngoana oa ka mae, nama, le linaoa.",WHO,maternal-child-health-v1,,reviewed,
4042,Maternal and Child Health,I was told I can deliver normally at the clinic.,Nna ke ile ya tsibisa hore ke ka tswala ka tsela e ntle kwenngoeng.,WHO,maternal-child-health-v1,,raw,
4400,Maternal and Child Health,I was told that family planning empowers me to decide the size of my family.,Ke boletsoe hore ho rererela lelapa ho mpha matla a ho etsa qeto ka boholo ba lelapa la ka.,WHO,maternal-child-health-v1,,reviewed,
408,HIV,Community ART distribution points bring medicines closer to people who need them.,Libaka tsa phatlalatso ea ART sechabeng li tlisa meriana haufi le batho ba e hlokang.,WHO,hiv-community-art,,reviewed,
2091,Medication Instructions,Do not store the medication in a humid environment such as a bathroom cabinet.,U se ke ua boloka moriana tikolohong e nang le metsi moeeng joalo ka kabinete ea bathurumu.,WHO,medication-instructions-v1,,reviewed,
87,HIV,Smoking increases the risk of lung infections and cancers in people living with HIV.,Ho tsuba ho eketsa kotsi ea lits'oetso tsa matšoafo (lung infections) le likankere (cancers) ho batho ba phelang le HIV.,CDC_HIVNexus,hiv-lifestyle,,reviewed,
845,HIV,Fear of rejection and violence can make HIV disclosure very difficult.,Tšabo ea ho hanyetsoa le tlhoriso e ka etsa hore ho senola HIV ho be thata haholo.,WHO,hiv-disclosure-barriers,,reviewed,
1032,Tuberculosis,People with latent TB infection are not infectious and cannot spread TB to others.,Batho ba nang le tšoaetso ea TB e patileng ha ba fetiseloe mme ha ba khone ho phatlalatsela TB ho ba bang.,CDC,tb-latent-not-infectious,,reviewed,
2856,Symptoms and Complaints,I have a burning sensation when I urinate.,Ke na le maikutlo a ho chesa ha ke morota.,WHO,symptoms-complaints-v1,,reviewed,
4110,Maternal and Child Health,I am here for my six-week postnatal check-up.,Ke kena kajeno ka tsaya kholo ya ka mora ho tswa ha tsalo ya dikgwedi tse seswai.,WHO,maternal-child-health-v1,,raw,
4397,Maternal and Child Health,I was told that emergency contraception prevents fertilisation.,Ke boletsoe hore thibelo ea ho mitsa ea tšohanyetso e thibela ho hlopha ha peo.,WHO,maternal-child-health-v1,,reviewed,
3894,Appointments and Follow-Up,I could not come because I had no one to accompany me.,Ha ke a khona ho tla hobane ho ne ho se na motho ea ka nkang.,WHO,appointments-followup-v1,,reviewed,
2659,Medication Instructions,Do not take your medicine with omega-3 supplements unless instructed.,U se ke ua nka moriana oa hau le lisebelisoa tsa omega-3 ntle le haeba ho laetsoe.,WHO,medication-instructions-v1,,reviewed,
856,HIV,Comprehensive sexuality education includes HIV prevention as a core component.,Thuto e pharalletseng ea thobalano e kenyelletsa thibelo ea HIV e le karolo ea motheo.,UNFPA,hiv-cse,,reviewed,
79,HIV,ART prevents opportunistic infections by restoring the immune system.,Phekolo ea lithibela-mafofore (ART) e thibela mafu a tlatsetso (opportunistic infections) ka ho tsosolosa le ho matlafatsa masole a mmele (restoring the immune system).,WHO,oi-prevention,,reviewed,
2248,Medication Instructions,This medicine may cause a decrease in vitamin B12 levels with long-term use.,Moriana ona o ka baka ho fokotseha ha maemo a vitamin B12 ka tšebediso ea nako e telele.,WHO,medication-instructions-v1,,reviewed,
4571,General Patient Education,Some medications must be taken with food to reduce side effects.,Meriana e meng e tlameha ho nkoa le lijo ho fokotsa litlamorao.,WHO,general-patient-education-v1,,reviewed,
3657,Appointments and Follow-Up,The nurse explained my test results at the appointment.,Mooki o hlalositše liphetho tsa tlhahlobo ea ka appointment.,WHO,appointments-followup-v1,,reviewed,
4152,Maternal and Child Health,I was given information about the road-to-health programme.,Nkeile ka tsebo ka programme ya ts'ebetso ya pheko.,WHO,maternal-child-health-v1,,raw,
3379,Symptoms and Complaints,I have a change in the colour of my eyelid.,Ke na le phetoho mmelaeng oa sefahleho sa leihlo la ka.,WHO,symptoms-complaints-v1,,reviewed,
2280,Medication Instructions,This medicine may cause a decrease in iodine levels with long-term use.,Moriana ona o ka baka ho fokotseha ha maemo a iodine ka tšebediso ea nako e telele.,WHO,medication-instructions-v1,,reviewed,
2599,Medication Instructions,Do not stop taking your medicine because of cost; ask your doctor about alternatives.,U se ke ua emisa ho nka moriana oa hau ka lebaka la theko; botsa ngaka ea hau ka likhetho tse ling.,WHO,medication-instructions-v1,,reviewed,
4160,Maternal and Child Health,I have brought my baby for the six-week immunisation.,Ke ile ka tsoela ngoanana kae klinikhe ho mo ts'ebetsa makhoabo a matsatsi a 6.,WHO,maternal-child-health-v1,,raw,
3871,Appointments and Follow-Up,I want to ask for written information about my condition.,Ke rata ho kopa tlhahisoleseling e ngotsoeng ka boemo ba ka.,WHO,appointments-followup-v1,,reviewed,
3429,Symptoms and Complaints,I have pain in my ovaries.,Ke na le mahloko li-ovary tsa ka.,WHO,symptoms-complaints-v1,,reviewed,
2177,Medication Instructions,Seek medical attention if you develop signs of liver problems such as dark urine.,Batla tlhokomelo ea ngaka haeba u ba le lišoaetso tsa mathata a sebete joalo ka moroto o mootho.,WHO,medication-instructions-v1,,reviewed,
425,HIV,Islatravir is a novel antiretroviral being studied as part of long-acting treatment regimens.,Islatravir ke antiretroviral e ncha e ithutoa e le karolo ea mananeo a phekolo a sebetsang nako e telele.,NIH_HIVinfo,hiv-research-islatravir,,reviewed,
393,HIV,Abacavir should not be given to people who test positive for the HLA-B*5701 gene variant.,Abacavir ha akgone ho fihlelwa ho batho ba nang le mofuta wa jini HLA-B*5701.,NIH_HIVinfo,art-abacavir,,raw,
4727,General Patient Education,Gum disease has been linked to heart disease and diabetes.,Bolwetse ba meno bo amantsoe le bolwetse ba pelo le tsoekere.,WHO,general-patient-education-v1,,reviewed,
3694,Appointments and Follow-Up,The doctor told me my condition is improving.,Ngaka e mpoleletse hore boemo ba ka bo ntlafala.,WHO,appointments-followup-v1,,reviewed,
105,HIV,"HIV is transmitted through blood, breast milk, semen, and vaginal fluids.","HIV e fetisoa ka mali, lebese la letsoele, marere a banna, le lino-mapholi tsa botšehali.",CDC_HIVNexus,hiv-transmission,,reviewed,
3995,Appointments and Follow-Up,I would like to know if I need to bring a urine sample to my appointment.,Ke rata ho tseba haeba ke hloka ho tlisa sampole ea moroto appointment ea ka.,WHO,appointments-followup-v1,,reviewed,
4413,General Patient Education,Tell your doctor about any traditional or herbal medicines you use.,Bolella ngaka ea hao ka meriana efe kafe ea setso kapa ea limela eo o e sebelisang.,WHO,general-patient-education-v1,,reviewed,
1949,Medication Instructions,Insert the suppository gently into the rectum.,Kenya suppository butle ka hare ho rectum.,WHO,medication-instructions-v1,,reviewed,
1460,Tuberculosis,"Nurses are the backbone of TB care, providing diagnosis support, treatment initiation, and patient education.","Baoki ke motheo oa tlhokomelo ea TB, ba fana ka tshehetso ea tlhahlobo, ho qala phekolo, le thuto ea bakuli.",WHO,tb-nursing-role,,reviewed,
3258,Symptoms and Complaints,I have difficulty with my thinking and cannot make decisions.,Ke na le bothata ba ho nahana mme ha ke khone ho etsa liqeto.,WHO,symptoms-complaints-v1,,reviewed,
2804,Symptoms and Complaints,I feel very ill and need to go to the emergency room.,Ke ikutloa ke kula haholo mme ke hloka ho ea kamoreng ea tšohanyetso.,WHO,symptoms-complaints-v1,,reviewed,
2707,Symptoms and Complaints,I have been losing weight without trying.,Ke ntse ke lahleheloa ke boima ntle le ho leka.,WHO,symptoms-complaints-v1,,reviewed,
4790,General Patient Education,A healthy community starts with informed and empowered individuals.,Sechaba se phela hantle se qala ka batho ba tsebisitsoeng le ba nang le matla.,WHO,general-patient-education-v1,,reviewed,
1588,Tuberculosis,Cotrimoxazole prophylaxis reduces the risk of opportunistic infections in TB-HIV patients.,Prophylaxis ea cotrimoxazole e fokotsa kotsi ea litšoaetso tsa monyetla ho bakuli ba TB-HIV.,WHO,tb-hiv-cotrimoxazole,,reviewed,
3660,Appointments and Follow-Up,The doctor referred me to a specialist at my follow-up.,Ngaka e nkisitse ngakeng e khethehileng ho latela ha ka.,WHO,appointments-followup-v1,,reviewed,
1732,Tuberculosis,Confidentiality of TB diagnosis must be maintained by all healthcare providers.,Sephiri sa tlhahlobo ea TB se lokela ho bolokoa ke bafani bohle ba tlhokomelo ea bophelo bo botle.,WHO,tb-confidentiality,,reviewed,
4765,General Patient Education,Mobile clinics bring healthcare services to remote communities.,Likliniki tsa ho tsamaea li tlisa litšebeletso tsa tlhokomelo ea bophelo bo botle sechababeng tse hole.,WHO,general-patient-education-v1,,reviewed,
4225,Maternal and Child Health,My child has a rash and fever and was diagnosed with measles.,Ngoana oa ka o na le ho ruruha ha letlalo le feberu mme o hlahlojoe ka measles.,WHO,maternal-child-health-v1,,reviewed,
3682,Appointments and Follow-Up,The doctor gave me a sick note at the appointment.,Ngaka e mphe lengolo la bolwetse appointment.,WHO,appointments-followup-v1,,reviewed,
1792,Tuberculosis,TB of the adrenal glands can cause Addison's disease and adrenal insufficiency.,TB ea li-adrenal gland e ka baka bolwetse ba Addison le ho hloka tšebetso ea li-adrenal.,WHO,tb-patch-final,,reviewed,
2356,Medication Instructions,Avoid taking high-dose echinacea supplements at the same time as this medicine.,Hana ho nka lisebelisoa tsa echinacea tsa dose e phahameng ka nako e tšoanang le moriana ona.,WHO,medication-instructions-v1,,reviewed,
1941,Medication Instructions,Take one tablet daily for the prescribed number of weeks.,Nka pilisi e le ngoe letsatsi le leng le le leng bakeng sa palo ea libeke tse laetsoeng.,WHO,medication-instructions-v1,,reviewed,
703,HIV,Isoniazid preventive therapy and cotrimoxazole should be given together in people with advanced HIV.,Phekolo ea thibelo ea isoniazid le cotrimoxazole li lokela ho fanoa hammoho ho batho ba nang le HIV e tsoelang pele.,WHO,oi-ipt-ctx,,reviewed,
2443,Medication Instructions,Do not take a double dose of an antipsychotic if you miss one.,U se ke ua nka dose e habeli ea antipsychotic haeba u lahlehetsoe ke e le ngoe.,WHO,medication-instructions-v1,,reviewed,
4376,Maternal and Child Health,I was told that family planning supports women's empowerment.,Ke boletsoe hore ho rererela lelapa ho tshehetsa matla a basali.,WHO,maternal-child-health-v1,,reviewed,
497,HIV,I use drugs and I share needles and I want to be tested for HIV.,Ke sebelisa mantsiboea le ke sebelisa mantsiboea a rona le ke batla ho tsejwa HIV.,clinical_fieldwork,patient-hiv-testing-request,,raw,
465,HIV,Stigma reduction laws and policies create an enabling environment for the HIV response.,Melao le maano a ho fokotsa kekello a theha tikoloho e khothaletsang karabelo ea HIV.,UNAIDS,hiv-enabling-environment,,reviewed,
4072,Maternal and Child Health,My waters have broken and I need help immediately.,Metsi ea ka e kenyellethse 'me ke hloka thuso ka potlako.,WHO,maternal-child-health-v1,,raw,
4334,Maternal and Child Health,I would like to know when my next injection is due.,Ke rata ho tseba nako eo ente ea ka e latelang e lokelang ho fihloa.,WHO,maternal-child-health-v1,,reviewed,
173,HIV,I have been taking my HIV medicines for one month and I feel much better.,Ke qetile khoeli ke nka meriana ea ka ea HIV 'me ke ikutloa ke le betere haholo.,clinical_fieldwork,patient-hiv-treatment-response,,reviewed,
4944,General Patient Education,Drowning prevention requires supervision near water at all times.,Ho thibela ho fifela ho hloka ho lebelloa haufi le metsi nako tsohle.,WHO,general-patient-education-v1,,reviewed,
4797,General Patient Education,Small daily health habits lead to long-term wellbeing.,Mekhoa e menyenyane ea bophelo bo botle ea letsatsi le leng le le leng e lebisa boiketlo ba nako e telele.,WHO,general-patient-education-v1,,reviewed,
2541,Medication Instructions,Do not give the medicine to a child who is on a low-potassium diet without advice.,U se ke ua fana ka moriana ho ngoana ea lijo tse tlase tsa potassium ntle le keletso.,WHO,medication-instructions-v1,,reviewed,
3263,Symptoms and Complaints,I have been having episodes of sudden severe calf pain.,Ke ntse ke na le linako tsa mahloko a matla a letsoalikane ka tšohanyetso.,WHO,symptoms-complaints-v1,,reviewed,
4681,General Patient Education,Epilepsy is a condition that causes recurrent seizures.,Epilepsy ke boemo bo bakang ho thothomela ho phindang.,WHO,general-patient-education-v1,,reviewed,
2261,Medication Instructions,Seek medical help if you develop signs of a serious skin infection.,Batla thuso ea ngaka haeba u ba le lišoaetso tsa tšoaetso e matla ea letlalo.,WHO,medication-instructions-v1,,reviewed,
2113,Medication Instructions,Keep the medication at the recommended storage temperature at all times.,Boloka moriana ka mocheso o khothallitsoeng oa ho boloka nako tsohle.,WHO,medication-instructions-v1,,reviewed,
901,HIV,South Africa has the largest HIV epidemic in the world with over seven million people living with HIV.,Afrika Boroa e na le leruo le leholo ka ho fetisisa la HIV lefatšeng ka batho ba fetang limilione tse supileng ba phelang le HIV.,UNAIDS,hiv-south-africa,,reviewed,
1447,Tuberculosis,TB in adolescents often resembles adult pulmonary TB with cavitary disease.,TB ho bacha hangata e tšoana le TB ea matšoafo ea batho ba baholo e nang le bolwetse ba likhoba.,WHO,tb-adolescent-disease,,reviewed,
3574,Appointments and Follow-Up,Can I get a reminder for my appointment?,Na nka fumana temoso bakeng sa appointment ea ka?,WHO,appointments-followup-v1,,reviewed,
742,HIV,Women in polygamous relationships face increased HIV risk.,Basali ba likamano tsa linyaloaneng ba tobana le kotsi e eketsehileng ea HIV.,WHO,hiv-polygamy,,reviewed,
2294,Medication Instructions,Do not take this medicine with St John's Wort herbal supplement.,U se ke ua nka moriana ona le sesebelisoa sa semela sa St John's Wort.,WHO,medication-instructions-v1,,reviewed,
2453,Medication Instructions,"Take the missed dose as soon as possible, and do not double up.","Nka dose e lahlehileng kamoo ho khonehang ka potlako, mme u se ke ua phindolla.",WHO,medication-instructions-v1,,reviewed,
2623,Medication Instructions,Do not take your medicine in a hurry; take your time to ensure the correct dose.,U se ke ua nka moriana oa hau ka potlako; nka nako ea hau ho netefatsa dose e nepahetseng.,WHO,medication-instructions-v1,,reviewed,
4079,Maternal and Child Health,I had a caesarean section at the hospital.,Ke tsalele ngwana ka tšea-madi.,WHO,maternal-child-health-v1,,raw,
1207,Tuberculosis,Child-friendly TB drug formulations such as dispersible tablets improve dosing accuracy in young children.,"Matlapa a lefuba a etselitsoeng bana, a qhibilihang metsing habonolo, a thusa hore bana ba fumane palo e nepahetseng ea meriana.",WHO,tb-paediatric-formulations,,reviewed,
510,HIV,Religious leaders can help reduce HIV stigma and promote testing in their communities.,Baetapele ba bafetisi ba ka thusa ho tšewa HIV le ho tšweletša ho hwa ka sechabeng.,UNAIDS,hiv-religious-leaders,,raw,
2621,Medication Instructions,Do not take your medicine if you have diarrhoea; contact your doctor for advice.,U se ke ua nka moriana oa hau haeba u na le sehudo; ikopanye le ngaka ea hau bakeng sa keletso.,WHO,medication-instructions-v1,,reviewed,
2803,Symptoms and Complaints,I have been having episodes of sudden chest tightness.,Ke ntse ke na le linako tsa ho tšoaroa ha sefuba ka tšohanyetso.,WHO,symptoms-complaints-v1,,reviewed,
3314,Symptoms and Complaints,I have a rash on my abdomen that is very itchy.,Ke na le ho ruruha ha letlalo mpeng ea ka ho hlohlonang haholo.,WHO,symptoms-complaints-v1,,reviewed,
1550,Tuberculosis,Multidrug-resistant TB is resistant to at least isoniazid and rifampicin.,TB e khakanyeng meriana e mengata e khahlanong le isoniazid le rifampicin bonyane.,WHO,tb-mdr,,reviewed,
4564,General Patient Education,Follow the nutrition plan given to you by your healthcare provider.,Latela leano la phepo le fanoeng ho uena ke mofani oa hao oa tlhokomelo ea bophelo bo botle.,WHO,general-patient-education-v1,,reviewed,
2203,Medication Instructions,Contact your doctor if you develop eye pain or redness while taking this medicine.,Ikopanye le ngaka ea hau haeba u ba le mahloko a mahlo kapa ho bofubedu ha u nka moriana ona.,WHO,medication-instructions-v1,,reviewed,
2567,Medication Instructions,Do not give the medicine to a child who is on a yeast-free diet without checking ingredients.,U se ke ua fana ka moriana ho ngoana ea lijo tse se nang yeast ntle le ho hlahloba lihlahisoa.,WHO,medication-instructions-v1,,reviewed,
3893,Appointments and Follow-Up,I missed my follow-up because I was not feeling well enough.,Ke lahlehetsoe ke ho latela hobane ke ne ke sa ikutloe ke phela hantle ho lekanetse.,WHO,appointments-followup-v1,,reviewed,
2045,Medication Instructions,Store in the refrigerator between 2°C and 8°C.,Boloka friji lipakeng tsa 2°C le 8°C.,WHO,medication-instructions-v1,,reviewed,
768,HIV,Analytical treatment interruption studies help researchers understand HIV remission.,Lipatlisiso tsa ho emisa phekolo ka tlhahlobo li thusa baithuti ho utloisisa ho khutlela morao ha HIV.,NIH_HIVinfo,hiv-ati-studies,,reviewed,
4873,General Patient Education,Children and adolescents can also experience mental health problems.,Bana le bacha le bona ba ka ikutloa mathata a bophelo ba kelello.,WHO,general-patient-education-v1,,reviewed,
3739,Appointments and Follow-Up,I was told to drink plenty of water before my urine test.,Ke boletsoe ho noa metsi a mangata pele ho tlhahlobo ea moroto.,WHO,appointments-followup-v1,,reviewed,
422,HIV,Several HIV vaccine candidates are currently in clinical trials.,Liente tse ling tse ling tsa HIV li se li le ho lekoa lihlahlobong tsa kliniki hona joale.,NIH_HIVinfo,hiv-vaccine-research,,reviewed,
124,HIV,TB preventive therapy should be given to all people living with HIV who do not have active TB.,Kalafo e thibelang lefuba (TB preventive therapy) e lokela ho fuoa batho bohle ba phelang le HIV ba se nang lefu la lefuba le tšoaetsanang (active TB).,WHO,hiv-tb-tpt,,reviewed,
4163,Maternal and Child Health,My child is due for the nine-month vaccines.,Mwana wa ka o tlile go eta veksi ine ya dikgwedi tse senyane.,WHO,maternal-child-health-v1,,raw,
2629,Medication Instructions,Do not take your medicine with tea or coffee unless instructed.,U se ke ua nka moriana oa hau le tee kapa kofi ntle le haeba ho laetsoe.,WHO,medication-instructions-v1,,reviewed,
820,HIV,We need to change your HIV medicine because your viral load is still high.,Re hloka ho fetola meriana ea HIV ea hau hobane viral load ea hau e ntse e phahame.,clinical_fieldwork,clinician-patient-communication,,reviewed,
1404,Tuberculosis,New TB vaccines with better efficacy than BCG are urgently needed to control the global TB epidemic.,Liente tse ncha tsa TB tse sebetsang hantle ho feta BCG li hlokeha ka potlako ho laola leruo la lefu la TB lefatšeng lohle.,WHO,tb-new-vaccines-need,,reviewed,
1383,Tuberculosis,I did not tell my employer I had TB because I was afraid of losing my job.,Ha kea ka ka bolella mohapi oa ka hore ke na le lefuba (TB) hobane ke ne ke tšaba ho lahleheloa ke mosebetsi.,clinical_fieldwork,patient-tb-employment-stigma,,reviewed,
2149,Medication Instructions,This medicine may cause increased sensitivity to sunlight; use sunscreen outdoors.,Moriana ona o ka baka ho amehela haholo leseding la letsatsi; sebelisa sunscreen kantle.,WHO,medication-instructions-v1,,reviewed,
1576,Tuberculosis,Diabetes mellitus triples the risk of developing active tuberculosis.,Tsoekere e katisa kotsi ea ho ba le tuberculosis e sebetsang ka makhetlo a mararo.,WHO,tb-diabetes-risk,,reviewed,
1639,Tuberculosis,A positive sputum culture at three months may indicate treatment failure.,Culture ea mathe e molemo ka likhoeli tse tharo e ka bontša ho hloleha ha phekolo.,WHO,tb-treatment-failure-monitoring,,reviewed,
1796,Tuberculosis,Paradoxical reactions during TB treatment occur when symptoms temporarily worsen after starting therapy.,Likarabelo tsa paradoxical nakong ea phekolo ea TB li etsahala ha matšoao a mpe ka nakoana ka mor'a ho qala phekolo.,WHO,tb-patch-final,,reviewed,
4816,General Patient Education,Knowing your HIV status protects you and your partner.,Ho tseba boemo ba hao ba HIV bo sireletsa uena le molekane oa hao.,WHO,general-patient-education-v1,,reviewed,
400,HIV,I have HIV and I am also coughing with blood.,"Ke na HIV, 'me ke lema ka mahlakoreng.",clinical_fieldwork,patient-hiv-tb-symptoms,,raw,
2311,Medication Instructions,This medicine may increase the risk of kidney damage when taken with NSAIDs.,Moriana ona o ka eketsa kotsi ea kotsi ea lipitso ha o nkoa le li-NSAID.,WHO,medication-instructions-v1,,reviewed,
883,HIV,Hormonal contraception does not increase the risk of HIV acquisition.,Thibelo ea ho ima ea li-hormone ha e eketse kotsi ea ho fumana HIV.,WHO,hiv-hormonal-contraception,,reviewed,
4974,General Patient Education,Use reliable sources of health information such as the clinic and health department.,Sebelisa mehloli e tšepahalang ea tlhahisoleseling ea bophelo joalo ka kliniki le lefapha la bophelo bo botle.,WHO,general-patient-education-v1,,reviewed,
2898,Symptoms and Complaints,I have a dull pain in my right side.,Ke na le mahloko a fokolang lehlakoreng la ka la le letona.,WHO,symptoms-complaints-v1,,reviewed,
1353,Tuberculosis,Cough etiquette — covering the mouth when coughing — reduces TB transmission in public spaces.,Mekhoa e metle ea ho khohlela — ho koahela molomo ha motho a khohlela — e fokotsa phetiso ea TB libakeng tsa sechaba,CDC,tb-cough-etiquette,,reviewed,
2743,Symptoms and Complaints,I have been having episodes of sudden sweating.,Ke ntse ke na le linako tsa ho tsoa molapo ka tšohanyetso.,WHO,symptoms-complaints-v1,,reviewed,
4551,General Patient Education,Malnutrition weakens the immune system and increases the risk of infection.,Ho hloka phepo ho fokotsa tšireletso ea 'mele le ho eketsa kotsi ea tšoaetso.,WHO,general-patient-education-v1,,reviewed,
2131,Medication Instructions,Keep the medication in a place that is easy to access for the patient.,Boloka moriana sebakeng se bonolo ho fihlella bakeng sa mokuloi.,WHO,medication-instructions-v1,,reviewed,
983,HIV,Kaposi sarcoma is an AIDS-defining cancer caused by human herpesvirus 8 (HHV-8).,Kaposi sarcoma ke kankere e hlalositsoeng ke AIDS e bakoang ke human herpesvirus 8 (HHV-8).,NIH_HIVinfo,hiv-kaposi-sarcoma,,reviewed,
457,HIV,HIV-related discrimination in healthcare settings is a violation of human rights.,Khethollo e amanang le HIV libakeng tsa tlhokomelo ea bophelo ke tlolo ea litokelo tsa botho.,WHO,hiv-human-rights,,reviewed,
4120,Maternal and Child Health,I have not been sleeping since my baby was born.,Ke sa kgone go nka ka mor'a ngwana.,WHO,maternal-child-health-v1,,raw,
1080,Tuberculosis,TB diagnosis in children is challenging because children often cannot produce sputum for testing.,Ho fumana TB ho bana ho thata hobane bana hangata ha ba khone ho hlahisa mathe bakeng sa liteko.,WHO,tb-paediatric-diagnosis,,reviewed,
1951,Medication Instructions,Inject the solution subcutaneously into the abdomen or thigh.,Kenya setšoelo ka tlase ho letlalo mpeng kapa serope.,WHO,medication-instructions-v1,,reviewed,
4315,Maternal and Child Health,I was told about the child protection services available.,Ke boletsoe ka litšebeletso tsa tšireletso ea bana tse fumanehang.,WHO,maternal-child-health-v1,,reviewed,
690,HIV,HIV-exposed infants who are breastfeeding should be tested for HIV at every immunisation visit.,Bana ba hlahisitsoeng HIV ba anyesioang ba lokela ho hlahlobeloa HIV letsetsong le leng le le leng la ente.,WHO,pmtct-breastfeeding-testing,,reviewed,
2430,Medication Instructions,"If you miss a dose of an antiviral, take it as soon as you remember.","Haeba u lahlehetsoe ke dose ea antiviral, e nke hang hang ha u hopola.",WHO,medication-instructions-v1,,reviewed,
642,HIV,Once-daily ART regimens are preferred because they are easier to remember.,Mananeo a ART a nkuoang habeli ka letsatsi a khahloa hobane a bonolo ho hopola.,NIH_HIVinfo,art-once-daily,,reviewed,
2393,Medication Instructions,"If you miss a dose by more than twelve hours, skip it and take the next dose on time.","Haeba u lahlehetsoe ke dose ka ho feta maho a leshome le metso e meli, e tlohele mme u nke dose e latelang ka nako.",WHO,medication-instructions-v1,,reviewed,
1954,Medication Instructions,Place the drops directly into the affected ear.,Beha litšoelelo ka kotloloho tsebeng e angoa.,WHO,medication-instructions-v1,,reviewed,
2749,Symptoms and Complaints,I have been feeling very unwell and have lost a lot of weight.,Ke ntse ke ikutloa ke sa phela hantle haholo mme ke lahleheloe ke boima bo bongata.,WHO,symptoms-complaints-v1,,reviewed,
4314,Maternal and Child Health,I was advised to report any suspected child abuse to the authorities.,Ke keletsoeng ho bua ka tlhekefetso efe kafe ea ngoana e nahanehang ho ba ba nang le matla.,WHO,maternal-child-health-v1,,reviewed,
3436,Symptoms and Complaints,I have blood in my semen.,Ke na le mali semeneng ea ka.,WHO,symptoms-complaints-v1,,reviewed,
3337,Symptoms and Complaints,I have a cloudy appearance in my vision.,Ke na le pono e fifetseng joalo ka leru ponong ea ka.,WHO,symptoms-complaints-v1,,reviewed,
4767,General Patient Education,Telemedicine allows you to consult a doctor remotely.,Telemedicine e lumela ho buisana le ngaka hole.,WHO,general-patient-education-v1,,reviewed,
3371,Symptoms and Complaints,I have a change in the alignment of my eyes.,Ke na le phetoho ho tekanyo ea mahlo a ka.,WHO,symptoms-complaints-v1,,reviewed,
1885,Medication Instructions,Take one tablet at the same time every day to maintain drug levels.,Nka pilisi e le ngoe ka nako e tšoanang letsatsi le leng le le leng ho boloka maemo a moriana.,WHO,medication-instructions-v1,,reviewed,
390,HIV,Nevirapine should not be started in women with CD4 counts above 250.,Nevirapine ha e tsoe lokela ho qala ho batswadi ba basadi ba nang le CD4 counts ho fihla 250.,WHO,art-nevirapine,,raw,
2495,Medication Instructions,Do not give the medicine to a child who is vomiting; contact your doctor.,U se ke ua fana ka moriana ho ngoana ea hlatsoang; ikopanye le ngaka ea hau.,WHO,medication-instructions-v1,,reviewed,
3879,Appointments and Follow-Up,I missed my follow-up because I was caring for a sick child.,Ke lahlehetsoe ke ho latela hobane ke ne ke hlokomela ngoana ea kulang.,WHO,appointments-followup-v1,,reviewed,
3857,Appointments and Follow-Up,I want to ask about the complaints procedure at this clinic.,Ke rata ho botsa ka ts'ebetso ea ho ngongorehela klinikeng ena.,WHO,appointments-followup-v1,,reviewed,
846,HIV,Healthcare providers should support patients through the disclosure process.,Bafani ba tlhokomelo ea bophelo bo botle ba lokela ho tshehetsa bakuli ka tseleng ea ho senola.,WHO,hiv-disclosure-support,,reviewed,
543,HIV,Liver function tests should be done regularly in people on ART.,Go nweng ka mafura ke go swabisiwa hapelekele ka batho ba a tsamayang le ART.,WHO,hiv-liver-monitoring,,raw,
92,HIV,People living with HIV deserve to be treated with dignity and respect.,Batho ba phelang le HIV ba lokela ho tšoaroa ka seriti le tlhompho (dignity and respect).,UNAIDS,hiv-stigma,,reviewed,
3890,Appointments and Follow-Up,I could not attend because I did not receive a reminder.,Ha ke a khona ho tla hobane ha ke a amohela temoso.,WHO,appointments-followup-v1,,reviewed,
1980,Medication Instructions,Apply the spray to the affected area from a distance of fifteen centimetres.,Sebelisa spray sebakeng se angoa ho tsoa sebakeng sa lisenitimetara tse leshome le metso e mehlano.,WHO,medication-instructions-v1,,reviewed,
2813,Symptoms and Complaints,I have been feeling very unwell and am losing hope.,Ke ntse ke ikutloa ke sa phela hantle haholo mme ke ntse ke lahleheloa ke ts'epo.,WHO,symptoms-complaints-v1,,reviewed,
4083,Maternal and Child Health,I was told my baby has a low birth weight.,Ke ile ka ba lemotheletswe hore ngoanana wa ka o na le tswalo e tlase.,WHO,maternal-child-health-v1,,raw,
2903,Symptoms and Complaints,I have pain in my right wrist that is swollen.,Ke na le mahloko liqhekelleng la ka la le letona le ruruhetse.,WHO,symptoms-complaints-v1,,reviewed,
2530,Medication Instructions,Give the medicine to the child with a small amount of applesauce if needed.,Fana ka moriana ho ngoana le applesauce e nyenyane haeba ho hlokeha.,WHO,medication-instructions-v1,,reviewed,
1677,Tuberculosis,"With proper treatment, the vast majority of people with TB can be completely cured.","Ka phekolo e nepahetseng, boholo ba batho ba nang le TB ba ka folisoa ka botlalo.",WHO,tb-cure,,reviewed,
1049,Tuberculosis,Swollen lymph nodes in the neck or armpits may indicate extrapulmonary TB.,Li-lymph node tse ruruhetse molaleng kapa likhokoaneng li ka bontša TB ea kantle ho matšoafo.,CDC,tb-lymph-symptoms,,reviewed,
1961,Medication Instructions,Apply the ointment to the affected skin area and cover with a dressing.,Sebelisa ointment sebakeng sa letlalo se angoa mme u koahele ka dressing.,WHO,medication-instructions-v1,,reviewed,
2531,Medication Instructions,Do not give the medicine to a child who is immunocompromised without advice.,U se ke ua fana ka moriana ho ngoana ea nang le tšireletso ea 'mele e fokolang ntle le keletso.,WHO,medication-instructions-v1,,reviewed,
3993,Appointments and Follow-Up,I would like to schedule an appointment for a post-natal check-up.,Ke rata ho rerela appointment bakeng sa tlhahlobo ea ka mor'a ho belega.,WHO,appointments-followup-v1,,reviewed,
238,HIV,Treating STIs reduces the risk of HIV transmission.,Ho phekola mafu a fetisoang ka thobalano ho fokotsa kotsi ea phetisetso ea HIV.,CDC_HIVNexus,hiv-sti-treatment,,reviewed,
3098,Symptoms and Complaints,I feel very nauseous and cannot eat anything.,Ke ikutloa ke nyakeloa haholo mme ha ke khone ho ja letho.,WHO,symptoms-complaints-v1,,reviewed,
3489,Symptoms and Complaints,I have a feeling of urgency related to my renal calyx.,Ke na le maikutlo a ho hloka ka potlako a amanang le renal calyx ea ka.,WHO,symptoms-complaints-v1,,reviewed,
1134,Tuberculosis,Reactivation of latent TB occurs when the immune system weakens and can no longer contain the bacteria.,Ho vuseletsa ha TB e patileng ho etsahala ha tšireletso ea 'mele e fokotsehela mme e ke ke ea ntse e laola bakteria.,CDC,tb-reactivation,,reviewed,
1806,Medication Instructions,Take two tablets once daily in the morning.,Nka lipilisi tse peli ka nako e le ngoe letsatsi le leng le le leng hoseng.,WHO,medication-instructions-v1,,reviewed,
4318,Maternal and Child Health,I was advised to ensure my child is ready for school by age five.,Ke keletsoeng ho netefatsa hore ngoana oa ka o lokela sekolo ha a fihla lilomong tse hlano.,WHO,maternal-child-health-v1,,reviewed,
164,HIV,Cervical cancer screening is especially important for women living with HIV.,Ho hlahlobela kankere ea molomo oa popelo (cervical cancer screening) ho bohlokoa haholo ho basali ba phelang le HIV.,WHO,hiv-cervical-cancer,,reviewed,
3493,Symptoms and Complaints,I have swollen lymph nodes in my groin that are tender.,Ke na le li-lymph node tse ruruhetse groineng ea ka tse bohlokang ha li amioa.,WHO,symptoms-complaints-v1,,reviewed,
4710,General Patient Education,Anaemia is a condition where you do not have enough red blood cells.,Anaemia ke boemo moo o se nang lisele tse khubelu tsa mali tse lekaneng.,WHO,general-patient-education-v1,,reviewed,
4631,General Patient Education,Avoid screens and caffeine before bedtime.,Hana li-screen le caffeine pele ho nako ea ho robala.,WHO,general-patient-education-v1,,reviewed,
3454,Symptoms and Complaints,I have a feeling of pressure in my kidneys.,Ke na le maikutlo a khatello lipitsong tsa ka.,WHO,symptoms-complaints-v1,,reviewed,
3200,Symptoms and Complaints,I have difficulty walking and keeping my balance.,Ke na le bothata ba ho tsamaea le ho boloka tekanyo ea ka.,WHO,symptoms-complaints-v1,,reviewed,
3635,Appointments and Follow-Up,I have an appointment to collect my medication.,Ke na le appointment ho kga moriana oa ka.,WHO,appointments-followup-v1,,reviewed,
3940,Appointments and Follow-Up,The doctor said my blood sugar is within the normal range.,Ngaka e itse tsoekere ea mali ea ka e le maemong a tloaelehileng.,WHO,appointments-followup-v1,,reviewed,
1812,Medication Instructions,Take one tablet at bedtime to help you sleep.,Nka pilisi e le ngoe nako ea ho robala ho u thusa ho robala.,WHO,medication-instructions-v1,,reviewed,
3650,Appointments and Follow-Up,I am here for my health education group session.,Ke teng bakeng sa session ea sehlopha sa thuto ea bophelo bo botle.,WHO,appointments-followup-v1,,reviewed,
4050,Maternal and Child Health,I have not felt my baby move for several hours.,Ha kea tswa tseba ngwana a ka a tswe ka masaa a mangata.,WHO,maternal-child-health-v1,,raw,
1429,Tuberculosis,Occupational health programmes for miners should include regular TB screening and treatment.,Mananeo a bophelo bo botle ba mosebetsi bakeng sa basebetsi ba merafo a lokela ho kenyelletsa ho hlahlobeloa ha TB ka mehla le phekolo.,ILO,tb-miners-occupational-health,,reviewed,
3614,Appointments and Follow-Up,I am here to see the doctor for my follow-up.,Ke teng ho bona ngaka bakeng sa ho latela ha ka.,WHO,appointments-followup-v1,,reviewed,
3132,Symptoms and Complaints,I have been passing stools with a lot of mucus.,Ke ntse ke fetisa manyelo a nang le mucus e ngata.,WHO,symptoms-complaints-v1,,reviewed,
3397,Symptoms and Complaints,I have a discharge from my penis.,Ke na le seretse se tsoang peniseng ea ka.,WHO,symptoms-complaints-v1,,reviewed,
4461,General Patient Education,Wash your hands with soap and water for at least twenty seconds.,Hlatsoa matsoho a hao ka sesepa le metsi bonyane metsotso e mashome a mabeli.,WHO,general-patient-education-v1,,reviewed,
4650,General Patient Education,Type 2 diabetes can often be prevented with a healthy lifestyle.,Tsoekere ea mofuta oa bobeli e ka thibeloa hangata ka mokhoa oa bophelo o motle.,WHO,general-patient-education-v1,,reviewed,
2821,Symptoms and Complaints,I have been feeling very ill and need a diagnosis.,Ke ntse ke ikutloa ke kula haholo mme ke hloka tlhahlobo.,WHO,symptoms-complaints-v1,,reviewed,
1453,Tuberculosis,The political commitment of governments is essential for funding and implementing effective TB programmes.,Boikarabello ba lipolotiki ba mebuso bo bohlokoa bakeng sa ho ts'ehetsa le ho kenya tšebetsong mananeo a TB a sebetsang.,WHO,tb-political-commitment,,reviewed,
594,HIV,My partner does not have HIV and we want to know how to stay safe.,Motho wa ka ha a na HIV 'me re batla ho tseba hore re tle re etseng re se be le boloi.,clinical_fieldwork,patient-serodiscordant,,raw,
42,HIV,Some ART medicines can cause vivid dreams or difficulty sleeping.,Meriana e meng ea ART e ka baka litoro tse hlakileng haholo kapa bothata ba ho robala (vivid dreams or difficulty sleeping).,NIH_HIVinfo,art-side-effects,,reviewed,
561,HIV,A serodiscordant couple is one where one partner has HIV and the other does not.,"Kopano e nang le HIV e le yane, ke yona e leng kopano le motho a nang le HIV, mme e mong a sa na HIV.",WHO,hiv-serodiscordant,,raw,
3274,Symptoms and Complaints,I have difficulty with my language and cannot understand what people say.,Ke na le bothata ba puo mme ha ke khone ho utloisisa se batho ba se buang.,WHO,symptoms-complaints-v1,,reviewed,
3245,Symptoms and Complaints,I have been having episodes of sudden severe elbow pain.,Ke ntse ke na le linako tsa mahloko a matla a tsualikane ka tšohanyetso.,WHO,symptoms-complaints-v1,,reviewed,
244,HIV,Hepatitis C co-infection is common in people who inject drugs and have HIV.,Tšoaetso ea hepatitis C hammoho le HIV e atile ho batho ba kenyang meriana ka mesipi mme ba na le HIV.,WHO,hiv-hepatitis-c,,reviewed,
1340,Tuberculosis,Newborns of mothers with active TB at delivery should be evaluated for congenital TB.,Masea a sa tsoa tsoaloa ke bo-’mè ba nang le TB e sebetsang nakong ea pelehi a lokela ho hlahlojoa bakeng sa TB ea tsoalo.,WHO,tb-newborn-evaluation,,reviewed,
2781,Symptoms and Complaints,I have been feeling very poorly and need a doctor.,Ke ntse ke ikutloa ke sa phela hantle haholo mme ke hloka ngaka.,WHO,symptoms-complaints-v1,,reviewed,
3188,Symptoms and Complaints,I feel very sick and my abdomen is very painful to touch.,Ke ikutloa ke kula haholo mme mpa ea ka e bohloko haholo ha e amioa.,WHO,symptoms-complaints-v1,,reviewed,
3800,Appointments and Follow-Up,I must avoid certain foods that interact with my medication.,Ke tlameha ho hana lijo tse ling tse kopanang le moriana oa ka.,WHO,appointments-followup-v1,,reviewed,
1443,Tuberculosis,Children with TB are usually infected by an adult with active TB in their household.,Bana ba nang le TB hangata ba tšoaetsoa ke motho e moholo ea nang le TB e sebetsang lapeng la bona.,WHO,tb-children-source,,reviewed,
262,HIV,HIV disproportionately affects key populations including sex workers and people who inject drugs.,HIV e angoa ka mokgwa o sa lekanang batho ba bohlokoa ho kenyelletsa basebetsi ba thobalano le batho ba kenyang meriana ka mesipi.,UNAIDS,hiv-key-populations,,reviewed,
2765,Symptoms and Complaints,I have been feeling very ill and have no appetite.,Ke ntse ke ikutloa ke kula haholo mme ha ke na takatso ea lijo.,WHO,symptoms-complaints-v1,,reviewed,
1690,Tuberculosis,Active case finding brings TB testing directly to communities rather than waiting for patients to present.,Ho batla liketsahalo tse sebetsang ho tlisa liteko tsa TB ka kotloloho sechabeng ho feta ho ema bakuli ba tle.,WHO,tb-active-case-finding,,reviewed,
1726,Tuberculosis,"TB can cause pleural effusion, a build-up of fluid around the lungs.","TB e ka baka pleural effusion, ho bokana ha metsi haufi le matšoafo.",NHS,tb-pleural-effusion,,reviewed,
4793,General Patient Education,Trust your healthcare team and communicate openly with them.,Tšepa sehlopha sa hao sa tlhokomelo ea bophelo bo botle mme u buisane le sona ka bolokolohi.,WHO,general-patient-education-v1,,reviewed,
835,HIV,Social network testing reaches people who would not otherwise test for HIV.,Tlhahlobo ea marang-rang a sechaba e fihlela batho ba ke ke ba hlahlobeloa HIV ka tsela e 'ngoe.,CDC_HIVNexus,hiv-social-network-testing,,reviewed,
1867,Medication Instructions,"Take one tablet every day, even when you feel well.","Nka pilisi e le ngoe letsatsi le leng le le leng, le ha u ikutloa u phela hantle.",WHO,medication-instructions-v1,,reviewed,
2497,Medication Instructions,Do not give the medicine to a child who is allergic to any of its ingredients.,U se ke ua fana ka moriana ho ngoana ea amehang ke sesebelisoa sefe kafe sa ona.,WHO,medication-instructions-v1,,reviewed,
2011,Medication Instructions,Administer the injection at room temperature; do not inject cold solution.,Fana ka ente ka mocheso oa kamora; u se ke ua kenya setšoelo se bata.,WHO,medication-instructions-v1,,reviewed,
341,HIV,Kaposi sarcoma presents as purple or brown skin lesions.,Kaposi sarcoma e bontsha e le masolle a moromu au a brown.,NIH_HIVinfo,oi-kaposi,,raw,
2989,Symptoms and Complaints,I have had a cough for more than three weeks.,Ke na le ho kohoa ho fetang libeke tse tharo.,WHO,symptoms-complaints-v1,,reviewed,
1602,Tuberculosis,TB survivors can play a powerful role in reducing stigma in their communities.,Baphonyohi ba TB ba ka bua karolo e matla ho fokotsa kekello sechabeng sa bona.,UNAIDS,tb-survivor-advocacy,,reviewed,
3876,Appointments and Follow-Up,I did not come because I ran out of money for transport.,Ha ke a tla hobane ke ne ke hloka chelete ea lipalangoa.,WHO,appointments-followup-v1,,reviewed,
4695,General Patient Education,Avoid taking too many painkillers as they can damage your kidneys.,Hana ho nka lithethefatsi tse ngata haholo hobane li ka senya lipitso tsa hao.,WHO,general-patient-education-v1,,reviewed,
481,HIV,Cook meat and fish thoroughly to reduce the risk of foodborne infections.,"Papa nama le tshukudu sentle, ho fokotsa khatla ea ho tsebana ka maphelo.",CDC_HIVNexus,hiv-food-safety,,raw,
2826,Symptoms and Complaints,I feel my whole body is under stress.,Ke ikutloa 'mele oa ka ka bophara o tlaase ho khatello.,WHO,symptoms-complaints-v1,,reviewed,
4330,Maternal and Child Health,I was told I may have fertility problems.,Ke boletsoe hore mohlomong ke na le mathata a ho ba le bana.,WHO,maternal-child-health-v1,,reviewed,
3541,Appointments and Follow-Up,I need to schedule an appointment for a nutrition assessment.,Ke hloka ho rerela appointment bakeng sa tlhahlobo ea phepo.,WHO,appointments-followup-v1,,reviewed,
4639,General Patient Education,Social connections and relationships are important for your wellbeing.,Likopano le likamano tsa sechaba li bohlokoa bakeng sa boiketlo ba hao.,WHO,general-patient-education-v1,,reviewed,
3047,Symptoms and Complaints,I have a cough that is triggered by crying.,Ke na le ho kohoa ho qalisitsoeng ke ho lla.,WHO,symptoms-complaints-v1,,reviewed,
3991,Appointments and Follow-Up,I am thankful for the healthcare workers who support my treatment journey.,Ke leboha basebetsi ba bophelo bo botle ba tshehetsoang leeto la phekolo ea ka.,WHO,appointments-followup-v1,,reviewed,
1767,Tuberculosis,Completing your TB treatment protects not only you but also your family and community.,Ho phetela phekolo ea TB ea hau ho sireletsa eseng wena feela empa le lelapa la hau le sechaba.,WHO,tb-community-protection,,reviewed,
4474,General Patient Education,Wash your clothes and bedding regularly.,Hlatsoa liaparo tsa hao le liaparo tsa bolao ka mehla.,WHO,general-patient-education-v1,,reviewed,
2454,Medication Instructions,"If you miss a dose of a mineral supplement, take it as soon as you remember.","Haeba u lahlehetsoe ke dose ea sesebelisoa sa mineral, e nke hang hang ha u hopola.",WHO,medication-instructions-v1,,reviewed,
2878,Symptoms and Complaints,I have a burning sensation in my throat.,Ke na le maikutlo a ho chesa molaleng oa ka.,WHO,symptoms-complaints-v1,,reviewed,
3816,Appointments and Follow-Up,I would like to know if I can take my medication with food.,Ke rata ho tseba haeba nka nka moriana oa ka le lijo.,WHO,appointments-followup-v1,,reviewed,
4017,Maternal and Child Health,I have been experiencing heartburn during my pregnancy.,Ke na le ho thola mala during bohlokehi ba ka.,WHO,maternal-child-health-v1,,raw,
4678,General Patient Education,Stroke occurs when blood flow to the brain is interrupted.,Stroke e etsahala ha phallo ea mali ho boko e khaotsa.,WHO,general-patient-education-v1,,reviewed,
3680,Appointments and Follow-Up,The doctor told me to come back in three months.,Ngaka e mpoleletse ho khutla ka mor'a likhoeli tse tharo.,WHO,appointments-followup-v1,,reviewed,
1272,Tuberculosis,"Drug-resistant TB is harder to treat, more expensive, and has worse outcomes than drug-sensitive TB.","TB e hananang le meriana e thata haholo ho e phekola, e bitsa chelete e ngata, ’me e na le liphetho tse mpe ho feta TB e utloang meriana.",WHO,tb-dr-outcomes,,reviewed,
3078,Symptoms and Complaints,I feel a tightness in my diaphragm when I breathe.,Ke ikutloa ho tšoaroa ha diaphragm ha ke hema.,WHO,symptoms-complaints-v1,,reviewed,
4502,General Patient Education,Dispose of sharp objects safely to prevent needle-stick injuries.,Lahla lintho tse bohale ka polokeho ho thibela likotsi tsa ho hlabua ke linalete.,WHO,general-patient-education-v1,,reviewed,
3095,Symptoms and Complaints,I feel very bloated and my stomach is distended.,Ke ikutloa ke tletse moea haholo mme mpa ea ka e phahame.,WHO,symptoms-complaints-v1,,reviewed,
4654,General Patient Education,Foot care is very important for people with diabetes.,Tlhokomelo ea maoto e bohlokoa haholo bakeng sa batho ba nang le tsoekere.,WHO,general-patient-education-v1,,reviewed,
348,HIV,Isoniazid preventive therapy reduces the risk of TB in people living with HIV.,Isoniazid preventive therapy e nyaneha tšoaetso ea TB ho batho ba phelang le HIV.,WHO,hiv-tb-ipt,,raw,
3882,Appointments and Follow-Up,I could not come because there was no one to watch my children.,Ha ke a khona ho tla hobane ho ne ho se na motho ea ka lebellang bana ba ka.,WHO,appointments-followup-v1,,reviewed,
4624,General Patient Education,Make physical activity a part of your daily routine.,Etsa mesebetsi ea 'mele karolo ea mekhoa ea hao ea letsatsi le leng le le leng.,WHO,general-patient-education-v1,,reviewed,
2563,Medication Instructions,Do not give the medicine to a child who is on a wheat-free diet without checking ingredients.,U se ke ua fana ka moriana ho ngoana ea lijo tse se nang korong ntle le ho hlahloba lihlahisoa.,WHO,medication-instructions-v1,,reviewed,
4591,General Patient Education,Physical activity boosts your immune system.,Mesebetsi ea 'mele e matlafatsa tšireletso ea 'mele oa hao.,WHO,general-patient-education-v1,,reviewed,
1424,Tuberculosis,"TB prevention is everyone's responsibility — communities, governments, and health workers all have a role.","Thibelo ea TB ke boikarabello ba bohle — sechaba, mebuso, le basebetsi ba bophelo bo botle bohle ba na le karolo.",WHO,tb-prevention-shared-responsibility,,reviewed,
657,HIV,CD4 count testing remains important for patients presenting with advanced HIV disease.,Ho lekoa ha palo ea CD4 ho ntse ho bohlokoa bakeng sa bakuli ba bontšang bolwetse ba HIV bo tsoelang pele.,WHO,hiv-cd4-advanced,,reviewed,
2103,Medication Instructions,"Do not store the medication near food, drinks, or animal feed.","U se ke ua boloka moriana haufi le lijo, lino, kapa lijo tsa liphoofolo.",WHO,medication-instructions-v1,,reviewed,
633,HIV,I was diagnosed with HIV at birth and I am now 18 years old and doing well.,Ke fuoe HIV ha ke tsoa tsoaloa mme joale ke na le lilemo tse 18 mme ke phela hantle.,clinical_fieldwork,patient-hiv-perinatally-infected,,reviewed,
2893,Symptoms and Complaints,I have pain in my upper back between my shoulder blades.,Ke na le mahloko mokokotlong oa ka o holimo lipakeng tsa marapo a mahetla.,WHO,symptoms-complaints-v1,,reviewed,
2494,Medication Instructions,"Give the medicine using a calibrated measuring device, not a household spoon.","Fana ka moriana ka ho sebelisa sesebelisoa sa ho lekola se lekotsoeng, eseng sekhoro sa lapeng.",WHO,medication-instructions-v1,,reviewed,
2666,Medication Instructions,Take your medicine with a focus on achieving the best possible health outcome.,Nka moriana oa hau o tsepame ho fihlela sephetho se seholo sa bophelo bo botle.,WHO,medication-instructions-v1,,reviewed,
4016,Maternal and Child Health,I have been feeling very tired during my pregnancy.,Ke na le ho lora thata during bohlokehi ba ka.,WHO,maternal-child-health-v1,,raw,
3663,Appointments and Follow-Up,The nurse checked my CD4 count results at the appointment.,Mooki o hlahlobile liphetho tsa palo ea CD4 ea ka appointment.,WHO,appointments-followup-v1,,reviewed,
3308,Symptoms and Complaints,I have a rash on my groin that is very red and moist.,Ke na le ho ruruha ha letlalo groineng ea ka ho bofubedu haholo le ho metsi.,WHO,symptoms-complaints-v1,,reviewed,
3097,Symptoms and Complaints,I have a sharp pain in my right side that is getting worse.,Ke na le mahloko a bohale lehlakoreng la ka la le letona a mpe.,WHO,symptoms-complaints-v1,,reviewed,
3920,Appointments and Follow-Up,I need to find a clinic closer to my workplace.,Ke hloka ho fumana kliniki e haufi le sebaka sa ka sa mosebetsi.,WHO,appointments-followup-v1,,reviewed,
2501,Medication Instructions,Do not give the medicine to a child who is unconscious.,U se ke ua fana ka moriana ho ngoana ea sa tsoebing.,WHO,medication-instructions-v1,,reviewed,
1466,Tuberculosis,TB support groups provide emotional support and practical advice for patients on treatment.,Lihlopha tsa tshehetso ea TB li fana ka tshehetso ea maikutlo le keletso ea pratiki bakeng sa bakuli ba holim'a phekolo.,WHO,tb-support-groups,,reviewed,
2834,Symptoms and Complaints,I feel my body is giving up and I need help urgently.,Ke ikutloa 'mele oa ka o lahlehela mme ke hloka thuso ka potlako.,WHO,symptoms-complaints-v1,,reviewed,
116,HIV,Babies born to HIV-positive mothers should receive nevirapine syrup after birth.,Masea a hlahileng ho bo-'m'e ba phelang le HIV ba lokela ho fuoa sirapo ea nevirapine ka mor'a ho tsoaloa.,WHO,pmtct-infant-prophylaxis,,reviewed,
1822,Medication Instructions,Take three tablets once daily with food.,Nka lipilisi tse tharo ka nako e le ngoe letsatsi le leng le le leng le lijo.,WHO,medication-instructions-v1,,reviewed,
1495,Tuberculosis,Living with TB taught me to take care of my health and not ignore symptoms.,Ho phela le TB ho nthutile ho hlokomela bophelo ba ka le ho se hane matšoao.,clinical_fieldwork,patient-tb-health-awareness,,reviewed,
2402,Medication Instructions,"If you miss a dose, set a reminder to help you remember future doses.","Haeba u lahlehetsoe ke dose, beha temoso ho u thusa ho hopola li-dose tsa kamoso.",WHO,medication-instructions-v1,,reviewed,
1233,Tuberculosis,A pharmacist review of all medications is recommended when starting TB treatment in patients on multiple drugs.,Ho khothaletsoa hore rakhemisi a hlahlobe meriana eohle ha ho qalisoa kalafo ea TB ho bakuli ba sebelisang meriana e mengata.,WHO,tb-pharmacist-review,,reviewed,
2662,Medication Instructions,Take your medicine with a strategy to remember each dose.,Nka moriana oa hau le leano la ho hopola dose le 'ngoe le e 'ngoe.,WHO,medication-instructions-v1,,reviewed,
4101,Maternal and Child Health,My baby was given the BCG vaccine at birth.,Ngwana wa ka ile ya fihla vekisi ya BCG ka tswalo.,WHO,maternal-child-health-v1,,raw,
4574,General Patient Education,Certain foods can interact with your medication and reduce its effectiveness.,Lijo tse ling li ka kopana le moriana oa hao mme li fokotse bokgoni ba ona.,WHO,general-patient-education-v1,,reviewed,
1154,Tuberculosis,A shorter four-month TB treatment regimen has been approved for non-severe TB in children.,Leano la phekolo ea TB la likhoeli tse nne le khutšoanyane le amohetsoe bakeng sa TB e sa matla ho bana.,WHO,tb-paediatric-treatment,,reviewed,
3849,Appointments and Follow-Up,I want to ask about the restrictions on my activities.,Ke rata ho botsa ka melaoli ho mesebetsi ea ka.,WHO,appointments-followup-v1,,reviewed,
58,HIV,Sharing HIV medicines with others can lead to drug resistance.,Ho abelana meriana ea HIV le batho ba bang ho ka baka hore sefanjana se be le manganga khahlanong le meriana (drug resistance).,CDC_HIVNexus,hiv-drug-resistance,,reviewed,
4105,Maternal and Child Health,I was told to bring the road-to-health booklet to every visit.,Ke ile ka laledwa ke hore ke tle ke tsamaye le pukuntšo ya tsela ya bophelo ya ngoanana ka ho ya tsaya dikolo.,WHO,maternal-child-health-v1,,raw,
4289,Maternal and Child Health,I was told to ensure my child gets enough sleep every night.,Ke boletsoe ho netefatsa hore ngoana oa ka o robala ka lekaneng bosiu bo bong le bo bong.,WHO,maternal-child-health-v1,,reviewed,
4946,General Patient Education,Fire safety education prevents burns and fire-related deaths.,Thuto ea polokeho ea mollo e thibela ho chesa le lifu tse amanang le mollo.,WHO,general-patient-education-v1,,reviewed,
1736,Tuberculosis,Involving patients in decisions about their care improves treatment adherence.,Ho kenyelletsa bakuli liqetong mabapi le tlhokomelo ea bona ho ntlafatsa ho latela phekolo.,WHO,tb-patient-centred-care,,reviewed,
2197,Medication Instructions,Seek medical help if you develop severe muscle cramps while taking this medicine.,Batla thuso ea ngaka haeba u ba le ho tšoaroa ha mochine ho matla ha u nka moriana ona.,WHO,medication-instructions-v1,,reviewed,
3554,Appointments and Follow-Up,I would like to move my appointment to next Monday.,Ke rata ho fetisa appointment ea ka ho Mantaha e tlang.,WHO,appointments-followup-v1,,reviewed,
2476,Medication Instructions,"If you miss a dose of a fever reducer, take it as soon as you remember.","Haeba u lahlehetsoe ke dose ea moriana oa ho theohisa feberu, e nke hang hang ha u hopola.",WHO,medication-instructions-v1,,reviewed,
2565,Medication Instructions,Do not give the medicine to a child who is on a corn-free diet without checking ingredients.,U se ke ua fana ka moriana ho ngoana ea lijo tse se nang poone ntle le ho hlahloba lihlahisoa.,WHO,medication-instructions-v1,,reviewed,
3159,Symptoms and Complaints,I have been having episodes of diarrhoea and vomiting together.,Ke ntse ke na le linako tsa sehudo le ho hlatsa hammoho.,WHO,symptoms-complaints-v1,,reviewed,
4035,Maternal and Child Health,I was told my baby is growing well at my antenatal check.,Ke ile ke tsebisoa kwana hao a tshelele hantle ha selemo sa ka ntle ho antenatal.,WHO,maternal-child-health-v1,,raw,
3656,Appointments and Follow-Up,The doctor ordered a chest X-ray at my follow-up.,Ngaka e laetse X-ray ea sefuba ho latela ha ka.,WHO,appointments-followup-v1,,reviewed,
708,HIV,Salmonella bacteraemia is more common and more severe in people living with HIV.,Salmonella bacteraemia e atile haholo ebile e matla ho batho ba phelang le HIV.,WHO,oi-salmonella,,reviewed,
4281,Maternal and Child Health,My baby is not yet talking at eighteen months.,Ngoana oa ka ha a bue likhoeling tse leshome le metso e robeli.,WHO,maternal-child-health-v1,,reviewed,
1094,Tuberculosis,I was relieved to finally have a diagnosis after months of feeling unwell.,Ke khotsofetse ho fumana tlhahlobo qetellong ka mor'a likhoeli tsa ho ikutloa ke sa phela hantle.,clinical_fieldwork,patient-tb-relief-diagnosis,,reviewed,
4840,General Patient Education,Regular cervical screening detects abnormal cells before they become cancer.,Ho hlahloba molala oa mphe ka mehla ho fumana lisele tse sa tloaelehang pele li fetoha kankere.,WHO,general-patient-education-v1,,reviewed,
1377,Tuberculosis,"I have both HIV and TB, and I take many tablets every day, but I am managing.","Ke na le HIV le lefuba (TB), 'me ke noa lipilisi tse ngata letsatsi le letsatsi, empa kea khona ho iphedisa.",clinical_fieldwork,patient-tb-hiv-coinfection,,reviewed,
4914,General Patient Education,Reaching out for help is a sign of strength not weakness.,Ho batla thuso ke sesupo sa matla e seng ho fokotsehela.,WHO,general-patient-education-v1,,reviewed,
73,HIV,Cotrimoxazole prophylaxis prevents certain infections in people with low CD4 counts.,Tšebeliso ea moriana oa Cotrimoxazole e le tšireletso (Cotrimoxazole prophylaxis) e thibela lits'oetso tse itseng ho batho ba nang le lipalo tse tlase tsa masole a mmele a CD4 (low CD4 counts).,WHO,oi-prophylaxis,,reviewed,
1923,Medication Instructions,"Take one tablet daily, taken at the same time to improve adherence.","Nka pilisi e le ngoe letsatsi le leng le le leng, e nkoa ka nako e tšoanang ho ntlafatsa ho latela.",WHO,medication-instructions-v1,,reviewed,
3174,Symptoms and Complaints,I have been passing stools with a lot of blood.,Ke ntse ke fetisa manyelo a nang le mali a mangata.,WHO,symptoms-complaints-v1,,reviewed,
1765,Tuberculosis,"TB treatment is free, effective, and available near you.","Phekolo ea TB ha e lefisoe, e sebetsa, mme e fumaneha haufi le hau.",DOH_SA,tb-access-message,,reviewed,
744,HIV,Male circumcision programmes should include HIV counselling and testing for female partners.,Mananeo a ho ritoa ha banna a lokela ho kenyelletsa keletso ea HIV le liteko bakeng sa balekane ba basali.,WHO,hiv-vmmc-female-partners,,reviewed,
4319,Maternal and Child Health,I was told to support my child's emotional and social development.,Ke boletsoe ho tshehetsa kholo ea maikutlo le ea sechaba ea ngoana oa ka.,WHO,maternal-child-health-v1,,reviewed,
1006,Tuberculosis,Mycobacterium tuberculosis is a slow-growing bacterium that can remain dormant in the body for years.,Mycobacterium tuberculosis ke bakteria e holang butle e ka etsang nako e telele e robetse 'meleng ka lilemo.,NIH,tb-microbiology,,reviewed,
2669,Medication Instructions,Do not take your medicine with fibre supplements unless instructed.,U se ke ua nka moriana oa hau le lisebelisoa tsa fibre ntle le haeba ho laetsoe.,WHO,medication-instructions-v1,,reviewed,
1191,Tuberculosis,Understanding why a patient missed doses is more important than simply reminding them to take their medication.,Ho utloisisa hobaneng mokuloi a lahlehetsoe ke li-dose ho bohlokoa ho feta ho mo khumamisa feela ho nka meriana ea hae.,WHO,tb-adherence-counselling,,reviewed,
4632,General Patient Education,A comfortable and dark sleeping environment improves sleep.,Sebaka sa ho robala se lokelang le se lefifi se ntlafatsa boroko.,WHO,general-patient-education-v1,,reviewed,
2602,Medication Instructions,"Take your medicine as directed, even during weekends and holidays.","Nka moriana oa hau joalo ka ha ho laetsoe, le nakong ea mafelelo a beke le maholide.",WHO,medication-instructions-v1,,reviewed,
1126,Tuberculosis,Organ transplant recipients are at high risk of TB due to long-term immunosuppression.,Batho ba fumanang litho tse fetisitsoeng ba leng kotsing e phahameng ea TB ka lebaka la ho laoloa ha tšireletso ea 'mele nako e telele.,NIH,tb-transplant-risk,,reviewed,
1242,Tuberculosis,Audiometry should be performed in patients receiving aminoglycosides for drug-resistant TB.,Teko ea kutlo e lokela ho etsoa ho bakuli ba fumanang li-aminoglycoside bakeng sa TB e hananang le meriana.,WHO,tb-audiometry,,reviewed,
4607,General Patient Education,Exercise is safe and beneficial for most people with chronic conditions.,Ho itlama ho bolokehile mme ho na le molemo ho batho ba bangata ba nang le maemo a tsoelang pele.,WHO,general-patient-education-v1,,reviewed,
4131,Maternal and Child Health,I was told my baby needs to be tested for HIV at six weeks.,Nkae ilo nne nka itshele hore ngwana wa ka o hloka ho tshehwa HIV ka beke e tshelang.,WHO,maternal-child-health-v1,,raw,
3443,Symptoms and Complaints,I have a feeling of burning in my bladder.,Ke na le maikutlo a ho chesa sebocong sa ka.,WHO,symptoms-complaints-v1,,reviewed,
999,HIV,I tell my children about my HIV status so they understand why I take my medicine every day.,Ke bolella bana ba ka ka boemo ba ka ba HIV hore ba utloisise hobaneng ke nka meriana ea ka letsatsi le leng le le leng.,clinical_fieldwork,patient-hiv-disclosure-family,,reviewed,
3387,Symptoms and Complaints,I have a change in the sensation of my eyelid.,Ke na le phetoho maikutlong a sefahleho sa leihlo la ka.,WHO,symptoms-complaints-v1,,reviewed,
2685,Medication Instructions,Do not take your medicine with iron supplements unless instructed.,U se ke ua nka moriana oa hau le lisebelisoa tsa tšepe ntle le haeba ho laetsoe.,WHO,medication-instructions-v1,,reviewed,
1578,Tuberculosis,HIV is the strongest known risk factor for developing active tuberculosis.,HIV ke ntlha e tsebahetseng e matla ka ho fetisisa ea kotsi ea ho ba le tuberculosis e sebetsang.,WHO,tb-hiv-risk,,reviewed,
4791,General Patient Education,Work together with your healthcare team to achieve the best outcomes.,Sebetsa hammoho le sehlopha sa hao sa tlhokomelo ea bophelo bo botle ho fihlela liphetho tse ntle ka ho fetisisa.,WHO,general-patient-education-v1,,reviewed,
1827,Medication Instructions,Take one tablet every eight hours for seven days.,Nka pilisi e le ngoe ka maho a robeli ka matsatsi a supileng.,WHO,medication-instructions-v1,,reviewed,
3293,Symptoms and Complaints,I have red eyes with a discharge.,Ke na le mahlo a bofubedu a nang le seretse.,WHO,symptoms-complaints-v1,,reviewed,
4990,General Patient Education,Herbal and traditional medicines can interact with prescription medications.,Meriana ea limela le ea setso e ka kopana le meriana ea prescription.,WHO,general-patient-education-v1,,reviewed,
3537,Appointments and Follow-Up,I would like to schedule an appointment for a growth monitoring visit.,Ke rata ho rerela appointment bakeng sa ketelo ea ho hlahloba kholo.,WHO,appointments-followup-v1,,reviewed,
441,HIV,HIV testing and ART must be available in all prisons and detention centres.,Ho hlahlobeloa HIV le ART li lokela ho fumaneha likotsofatsong tsohle le lisentareng tsa ho tshoareloa.,WHO,hiv-prisons,,reviewed,
4952,General Patient Education,Do not move an injured person unless they are in immediate danger.,O se ke oa tsamaisa motho ea hlolofalitseng ntle le haeba a le kotsing ea potlako.,WHO,general-patient-education-v1,,reviewed,
1101,Tuberculosis,Active case finding involves proactively screening high-risk populations for TB outside of health facilities.,Ho batla liketsahalo tse sebetsang ho kenyelletsa ho hlahlobeloa ha sechaba se leng kotsing e phahameng bakeng sa TB kantle ho likamore tsa bophelo bo botle.,WHO,tb-active-case-finding,,reviewed,
4011,Maternal and Child Health,I feel dizzy and weak during my pregnancy.,Ke ikutlwa ke le maswe le ke le nwe ke le ka haufi.,WHO,maternal-child-health-v1,,raw,
3059,Symptoms and Complaints,I have a cough that is triggered by humidity.,Ke na le ho kohoa ho qalisitsoeng ke boemo ba metsi moeeng.,WHO,symptoms-complaints-v1,,reviewed,
650,HIV,Even one or two missed doses per month can reduce the effectiveness of ART.,Le ho lahleheloa ke dose e le 'ngoe kapa tse peli ka khoeli ho ka fokotsa bokgoni ba ART.,NIH_HIVinfo,art-adherence-threshold,,reviewed,
1547,Tuberculosis,Children with TB are treated with the same drugs as adults but at weight-adjusted doses.,Bana ba nang le TB ba phekoluoa ka meriana e tšoanang le ea batho ba baholo empa ka li-dose tse fetohileng ho latela boima.,WHO,tb-children-treatment,,reviewed,
4757,General Patient Education,People with disabilities have the right to accessible healthcare.,Batho ba nang le bokooa ba na le tokelo ea tlhokomelo ea bophelo bo botle e fihlehang.,WHO,general-patient-education-v1,,reviewed,
3561,Appointments and Follow-Up,I need to know how long I will wait for an appointment.,Ke hloka ho tseba nako e kae eo ke tla ema ho fihlela appointment.,WHO,appointments-followup-v1,,reviewed,
3887,Appointments and Follow-Up,I missed my appointment because I was travelling for work.,Ke lahlehetsoe ke appointment ea ka hobane ke ne ke tsamaea bakeng sa mosebetsi.,WHO,appointments-followup-v1,,reviewed,
3742,Appointments and Follow-Up,I was reminded that the clinic opens at seven thirty in the morning.,Ke khumamisitsoe hore kliniki e bula ka hora ea supileng le halofo hoseng.,WHO,appointments-followup-v1,,reviewed,
631,HIV,I want to know more about the new long-acting HIV injection so I do not have to take pills every day.,Ke batla ho tseba haholoanyane ka ente e ncha ea HIV e sebetsang nako e telele hore ke se ke nke lipilisi letsatsi le leng le le leng.,clinical_fieldwork,patient-art-long-acting,,reviewed,
673,HIV,VMMC does not protect against HIV transmission from men to women.,VMMC ha e sireletse khahlanong le phetisetso ea HIV ho tsoa ho banna ho ea ho basali.,WHO,hiv-vmmc-limitations,,reviewed,
1250,Tuberculosis,I was worried about losing my job while on TB treatment because I had to attend the clinic so often.,"Ke ne ke tšoenyehile ka ho lahleheloa ke mosebetsi ha ke ntse ke le kalafong ea TB, hobane ke ne ke tlameha ho ea tleliniking khafetsa.",clinical_fieldwork,patient-tb-employment,,reviewed,
483,HIV,Boiling water or using a water filter can protect people living with HIV from waterborne infections.,Ho tsoa metsi kapa ho sebedisa filter ya metsi ke tsela ya ho phahamisa batho ba phelang le HIV ho hlola maemo a ntle le metsi.,WHO,hiv-water-safety,,raw,
1585,Tuberculosis,Efavirenz-based ART is preferred when treating TB and HIV simultaneously.,ART e thehiloeng holim'a efavirenz e khahloa ha ho phekola TB le HIV ka nako e le ngoe.,WHO,tb-hiv-efavirenz,,reviewed,
3075,Symptoms and Complaints,I have a cough that is triggered by mould.,Ke na le ho kohoa ho qalisitsoeng ke mould.,WHO,symptoms-complaints-v1,,reviewed,
4628,General Patient Education,Sleep is an essential part of a healthy lifestyle.,Boroko ke karolo ea bohlokoa ea mokhoa oa bophelo o motle.,WHO,general-patient-education-v1,,reviewed,
3039,Symptoms and Complaints,I have a cough that is triggered by talking.,Ke na le ho kohoa ho qalisitsoeng ke ho bua.,WHO,symptoms-complaints-v1,,reviewed,
1463,Tuberculosis,"TB patient education should cover disease transmission, treatment duration, side effects, and the importance of adherence.","Thuto ea mokuloi oa TB e lokela ho khoahela phetisetso ea bolwetse, nako ea phekolo, litlamorao, le bohlokoa ba ho latela.",DOH_SA,tb-patient-education,,reviewed,
3930,Appointments and Follow-Up,I need to inform my current clinic that I am transferring.,Ke hloka ho tsebisa kliniki ea ka ea joale hore ke fetisoa.,WHO,appointments-followup-v1,,reviewed,
3622,Appointments and Follow-Up,I am here for my physiotherapy appointment.,Ke teng bakeng sa appointment ea physiotherapy ea ka.,WHO,appointments-followup-v1,,reviewed,
2579,Medication Instructions,Do not give the medicine to a child who is on an alcohol-free diet without checking.,U se ke ua fana ka moriana ho ngoana ea lijo tse se nang joala ntle le ho hlahloba.,WHO,medication-instructions-v1,,reviewed,
3802,Appointments and Follow-Up,I would like to know my latest CD4 count results.,Ke rata ho tseba liphetho tsa palo ea CD4 ea ka tsa morao tjena.,WHO,appointments-followup-v1,,reviewed,
50,HIV,Your doctor can switch your ART regimen if side effects are affecting your quality of life.,Ngaka ea hau e ka fetola mofuta oa phekolo ea hau ea lithibela-mafofore (ART regimen) haeba liphello tsa lehlakore li ama boleng ba bophelo ba hau.,CDC_HIVNexus,art-side-effects,,reviewed,
4290,Maternal and Child Health,I was advised to create a safe play environment at home.,Ke keletsoeng ho theha sebaka sa ho bapala se bolokehileng lapeng.,WHO,maternal-child-health-v1,,reviewed,
3345,Symptoms and Complaints,I have a loss of peripheral vision.,Ke na le ho lahleheloa ke pono ea maphethelo.,WHO,symptoms-complaints-v1,,reviewed,
859,HIV,Substance use among adolescents increases HIV risk and should be addressed in prevention programmes.,Tšebediso ea lintho tse kotsi ho bacha e eketsa kotsi ea HIV mme e lokela ho sebetsanoa le eona mananeo a thibelo.,WHO,hiv-adolescent-substance-use,,reviewed,
1073,Tuberculosis,Drug susceptibility testing (DST) determines which antibiotics will be effective against a patient's TB strain.,Ho lekoa ha ho amehela ha meriana (DST) ho bua hore na li-antibiotic life li tla sebetsa khahlanong le mofuta oa TB oa mokuloi.,WHO,tb-dst,,reviewed,
720,HIV,GeneXpert MTB/RIF is a rapid molecular test that diagnoses TB and detects rifampicin resistance.,GeneXpert MTB/RIF ke tlhahlobo ea molecular e potlakileng e fumanang TB le ho fumana khakanyo ea rifampicin.,WHO,hiv-tb-genexpert,,reviewed,
3718,Appointments and Follow-Up,The doctor explained the consequences of missing medication doses.,Ngaka e hlalositše liphetho tsa ho lahlehela ke li-dose tsa moriana.,WHO,appointments-followup-v1,,reviewed,
2632,Medication Instructions,Inform your doctor if you are having difficulty tolerating your medicine.,Tsebisa ngaka ea hau haeba u na le bothata ba ho mamella moriana oa hau.,WHO,medication-instructions-v1,,reviewed,
4874,General Patient Education,Older adults are at increased risk of depression and cognitive decline.,Batho ba baholo ba le kotsing e eketsehileng ea khutsanyetso le ho fokotsehela ha kelello.,WHO,general-patient-education-v1,,reviewed,
1661,Tuberculosis,TB bacteria can survive in the air for several hours in poorly ventilated spaces.,Bakteria ea TB e ka phela moeeng ka maho a mang libakeng tse se nang moea o lekaneng.,CDC,tb-transmission,,reviewed,
1657,Tuberculosis,Adequate funding for TB programmes is essential to achieving elimination targets.,Lichelete tse lekaneng bakeng sa mananeo a TB li bohlokoa ho fihlela lipheo tsa ho felisa bolwetse.,WHO,tb-funding,,reviewed,
2426,Medication Instructions,"If you miss a dose of an antihypertensive, take it as soon as you remember.","Haeba u lahlehetsoe ke dose ea antihypertensive, e nke hang hang ha u hopola.",WHO,medication-instructions-v1,,reviewed,
3525,Appointments and Follow-Up,I would like to schedule an appointment for a urine test.,Ke rata ho rerela appointment bakeng sa tlhahlobo ea moroto.,WHO,appointments-followup-v1,,reviewed,
4230,Maternal and Child Health,My child was referred to the hospital for further investigation.,Ngoana oa ka o romeloa sepetleleng bakeng sa lipatlisiso tse eketsehileng.,WHO,maternal-child-health-v1,,reviewed,
4975,General Patient Education,Avoid spreading unverified health information on social media.,Hana ho atatisa tlhahisoleseling ea bophelo e sa netefatsoang marang-rangeng a sechaba.,WHO,general-patient-education-v1,,reviewed,
3310,Symptoms and Complaints,I have a rash on my armpits that is very itchy.,Ke na le ho ruruha ha letlalo mahetleng a ka ho hlohlonang haholo.,WHO,symptoms-complaints-v1,,reviewed,
4477,General Patient Education,Use clean and safe drinking water at all times.,Sebelisa metsi a hloekileng a bolokehileng a ho noa nako tsohle.,WHO,general-patient-education-v1,,reviewed,
3306,Symptoms and Complaints,I have a rash on my scalp that is very scaly.,Ke na le ho ruruha ha letlalo hloohong ea ka ho nang le likhase haholo.,WHO,symptoms-complaints-v1,,reviewed,
4752,General Patient Education,You have the right to withdraw your consent at any time.,O na le tokelo ea ho khutlisa tumelo ea hao nako efe kafe.,WHO,general-patient-education-v1,,reviewed,
4127,Maternal and Child Health,I was given medication to help my uterus contract after delivery.,Nkae ilo nne nka fumane ditherepe ya ho thusa sefuba sa ka se khutle morao-matlafatsi.,WHO,maternal-child-health-v1,,raw,
2607,Medication Instructions,Do not take your medicine if the packaging is damaged or the seal is broken.,U se ke ua nka moriana oa hau haeba phupu e senyehile kapa seal e senyehile.,WHO,medication-instructions-v1,,reviewed,
1386,Tuberculosis,The M72/AS01E vaccine candidate showed 50% efficacy against active TB in a phase 2b trial.,Moemeli oa ente ea M72/AS01E o bontšitse katleho ea karolo ea mashome a mahlano lekholong (50%) khahlanong le lefu la lefuba le mafolofolo (active TB) tekong ea boemo ba 2b.,NIH,tb-m72-vaccine,,reviewed,
3836,Appointments and Follow-Up,I would like to know about the nutrition programme at the clinic.,Ke rata ho tseba ka lenaneo la phepo klinikeng.,WHO,appointments-followup-v1,,reviewed,
1400,Tuberculosis,BCG is a live attenuated vaccine and should not be given to severely immunocompromised individuals.,"Ente ea BCG ke ente e entsoeng ka likokwana-hloko tse phelang tse fokolitsoeng (live attenuated vaccine), 'me ha ea lokela ho fanoa ho batho ba nang le tšireletso ea mmele e fokolang haholo (severely immunocompromised).",WHO,tb-bcg-contraindications,,reviewed,
1196,Tuberculosis,TB treatment success is defined as completing treatment without evidence of failure or relapse.,Katleho ea phekolo ea TB e hlalossoa e le ho phetela phekolo ntle le bopaki ba ho hloleha kapa ho khutlela morao.,WHO,tb-treatment-success,,reviewed,
1409,Tuberculosis,Latent TB infection has no symptoms and is not infectious.,Tšoaetso ea TB e patileng ha e na matšoao mme ha e fetiseloe.,CDC,tb-ltbi-asymptomatic,,reviewed,
3825,Appointments and Follow-Up,I want to ask the doctor about my mental health concerns.,Ke rata ho botsa ngaka ka mathata a bophelo ba kelello ea ka.,WHO,appointments-followup-v1,,reviewed,
1799,Tuberculosis,Population-based TB prevalence surveys measure the true burden of TB in a country.,Lipatlisiso tsa palo ea TB tse thehiloeng holim'a sechaba li lekola morwalo wa nnete oa TB naheng.,WHO,tb-patch-final,,reviewed,
1476,Tuberculosis,Vitamin D deficiency is common in TB patients and may impair immune function.,Ho hloka vitamin D ho atile ho bakuli ba TB mme ho ka khathatsa tšebetso ea tšireletso ea 'mele.,NIH,tb-vitamin-d,,reviewed,
4966,General Patient Education,Caregivers of people with dementia also need support and rest.,Bahlokeli ba batho ba nang le dementia le bona ba hloka tshehetso le ho khutsa.,WHO,general-patient-education-v1,,reviewed,
36,HIV,Some HIV medicines can cause nausea especially when you first start taking them.,"Meriana e meng ea HIV e ka baka ho nyekeloa ke pelo (nausea), haholo-holo ha u qala ho e nka.",NIH_HIVinfo,art-side-effects,,reviewed,
3542,Appointments and Follow-Up,Can I book an appointment for a physiotherapy session?,Na nka buka appointment bakeng sa session ea physiotherapy?,WHO,appointments-followup-v1,,reviewed,
2346,Medication Instructions,Do not take this medicine with antiparkinson drugs without medical advice.,U se ke ua nka moriana ona le meriana ea antiparkinson ntle le keletso ea ngaka.,WHO,medication-instructions-v1,,reviewed,
4679,General Patient Education,"The signs of stroke include sudden weakness, confusion, and difficulty speaking.","Matšoao a stroke a kenyelletsa ho fokotsehela ka tšohanyetso, ho tsieleha, le bothata ba ho bua.",WHO,general-patient-education-v1,,reviewed,
2360,Medication Instructions,Avoid taking high-dose valerian supplements at the same time as this medicine.,Hana ho nka lisebelisoa tsa valerian tsa dose e phahameng ka nako e tšoanang le moriana ona.,WHO,medication-instructions-v1,,reviewed,
2207,Medication Instructions,Contact your doctor if you develop tremors or shaking while taking this medicine.,Ikopanye le ngaka ea hau haeba u ba le ho thothomela kapa ho thothomela ha u nka moriana ona.,WHO,medication-instructions-v1,,reviewed,
3768,Appointments and Follow-Up,I was reminded that I have the right to ask questions.,Ke khumamisitsoe hore ke na le tokelo ea ho botsa lipotso.,WHO,appointments-followup-v1,,reviewed,
1287,Tuberculosis,Bedaquiline prolongs the QT interval and requires regular ECG monitoring.,Bedaquiline e lelefatsa nako ea QT ’me e hloka tlhahlobo ea ECG khafetsa.,WHO,tb-bedaquiline-qt,,reviewed,
350,HIV,Pyridoxine should be given alongside isoniazid to prevent nerve damage.,Pyridoxine e etsoe le isoniazid ho hlola phokotso ea mafu.,WHO,hiv-tb-ipt,,raw,
2138,Medication Instructions,Store the medication in a location that is free from pests and insects.,Boloka moriana sebakeng se se nang likhokahane le likhokahane.,WHO,medication-instructions-v1,,reviewed,
2692,Medication Instructions,Inform your doctor if you are having difficulty with the texture of your medicine.,Tsebisa ngaka ea hau haeba u na le bothata ba sebopeho sa moriana oa hau.,WHO,medication-instructions-v1,,reviewed,
4561,General Patient Education,Grow your own vegetables if possible to improve food security.,Hola merogo ea hao haeba ho khonehile ho ntlafatsa ts'ireletso ea lijo.,WHO,general-patient-education-v1,,reviewed,
3968,Appointments and Follow-Up,The nurse told me to increase my fruit and vegetable intake.,Mooki o mpoleletse ho eketsa ho ja lienyane le merogo.,WHO,appointments-followup-v1,,reviewed,
1682,Tuberculosis,TB transmission is more likely indoors than outdoors due to poor air circulation.,Phetisetso ea TB e atile haholo ka hare ho ntlo ho feta kantle ka lebaka la ho potoloha ha moea ho fokolang.,WHO,tb-indoor-transmission,,reviewed,
4835,General Patient Education,Report sexual violence to the police and seek legal support.,Bua ka tlhekefetso ea thobalano mapoliseng mme u batle tshehetso ea molao.,WHO,general-patient-education-v1,,reviewed,
1444,Tuberculosis,TB preventive therapy should be given to all child contacts of TB cases under five years of age.,Phekolo ea thibelo ea TB e lokela ho fanoa ho bana bohle ba kopanang le liketsahalo tsa TB ba tlase ho lilemo tse hlano.,WHO,tb-children-tpt,,reviewed,
3244,Symptoms and Complaints,I have weakness in my whole body and cannot move.,Ke na le ho fokotsehela 'meleng oa ka ka bophara mme ha ke khone ho tsamaea.,WHO,symptoms-complaints-v1,,reviewed,
1672,Tuberculosis,Tuberculous meningitis is a life-threatening form of TB that affects the brain.,TB meningitis ke mofuta oa TB o kotsi ea bophelo o angoa boko.,WHO,tb-meningitis,,reviewed,
3837,Appointments and Follow-Up,I want to ask about the social grants available to me.,Ke rata ho botsa ka liphallelo tsa sechaba tse fumanehang ho nna.,WHO,appointments-followup-v1,,reviewed,
1180,Tuberculosis,Severe or unexpected side effects during TB treatment should be reported to a clinician immediately.,Litlamorao tse matla kapa tse sa nahanwang nakong ea phekolo ea TB li lokela ho buelloa ngaka hang hang.,CDC,tb-adverse-events-reporting,,reviewed,
2799,Symptoms and Complaints,I have been having episodes of sudden heart palpitations.,Ke ntse ke na le linako tsa ho otla ha pelo ka tšohanyetso.,WHO,symptoms-complaints-v1,,reviewed,
1693,Tuberculosis,Workplace TB screening programmes protect employees and reduce absenteeism.,Mananeo a ho hlahlobeloa ha TB mafapheng a mosebetsi a sireletsa basebetsi le ho fokotsa ho hloka mosebetsi.,DOH_SA,tb-workplace-screening,,reviewed,
3957,Appointments and Follow-Up,I was given written instructions to follow at home.,Ke filoe litaelo tse ngotsoeng ho latela lapeng.,WHO,appointments-followup-v1,,reviewed,
373,HIV,Insecticide-treated bed nets should be provided to all HIV-positive people in malaria-endemic areas.,Tšireletso ya diatla tse nang le seriti ya ditshenyegi e swanetse seabo e fanoletswe ho batho bohle ba nang le HIV ka dikarolong tse nang le malaria.,WHO,hiv-malaria-prevention,,raw,
3611,Appointments and Follow-Up,I have come for my antenatal appointment.,Ke tlile bakeng sa appointment ea ho mitsa.,WHO,appointments-followup-v1,,reviewed,
1917,Medication Instructions,Take one tablet twice daily for six months.,Nka pilisi e le ngoe habeli ka letsatsi ka likhoeli tse tšeletseng.,WHO,medication-instructions-v1,,reviewed,
1358,Tuberculosis,Renal TB can cause obstructive uropathy and progressive kidney damage if untreated.,TB ea liphio e ka baka thibelo tsamaisong ea moroto le tšenyo e ntseng e mpefala ea liphio haeba e sa phekoloe.,NIH,tb-renal-complications,,reviewed,
1826,Medication Instructions,Take one tablet twice daily for five days.,Nka pilisi e le ngoe habeli ka letsatsi ka matsatsi a hlano.,WHO,medication-instructions-v1,,reviewed,
787,HIV,The meaningful involvement of people living with HIV improves programme design and delivery.,Ho kenyelletsooa ho nang le moelelo ha batho ba phelang le HIV ho ntlafatsa moralo le ho fana ka mananeo.,UNAIDS,hiv-meaningful-involvement,,reviewed,
470,HIV,"HIV-associated neurocognitive disorder affects thinking, memory, and concentration.",Bolwetse ba neurocognitive bo amanang le HIV bo angoa ho nahana ho hopola le ho tsepamisa kelello.,NIH_HIVinfo,hiv-hand,,reviewed,
141,HIV,Depression is common in people living with HIV and should be treated.,Ho tepella maikutlong (depression) ho tloaelehile ho batho ba phelang le HIV mme ho lokela ho phekoloa.,WHO,hiv-mental-health,,reviewed,
789,HIV,"HIV-affected households need social protection including food, housing, and income support.","Malapa a angoa ke HIV a hloka tšireletso ea sechaba ho kenyelletsa lijo, ntlo, le tshehetso ea lekeno.",UNAIDS,hiv-social-protection,,reviewed,
324,HIV,Syphilis testing should be done alongside HIV testing at the first antenatal visit.,Thibelo ya syphilis e tshwanetse e etswe ka nako e le 'ngoe le thibelo ya HIV kajeno ka motso o mong wa bobeli.,WHO,pmtct-syphilis,,raw,
51,HIV,HIV can develop resistance to medicines if doses are missed regularly.,Sefanjana sa HIV se ka ba le manganga khahlanong le meriana (develop resistance) haeba u lula u tlola kapa u fetwa ke nako ea ho e nka khafetsa.,WHO,hiv-drug-resistance,,reviewed,
715,HIV,IRIS does not mean ART is failing and treatment should not be stopped.,IRIS ha e bolele hore ART e hloleha mme phekolo ha e lokela ho emisoa.,NIH_HIVinfo,iris-art-continuation,,reviewed,
4890,General Patient Education,Self-care is an important part of maintaining good mental health.,Ho itlhokomela ke karolo ea bohlokoa ea ho boloka bophelo bo botle ba kelello.,WHO,general-patient-education-v1,,reviewed,
2841,Symptoms and Complaints,I have been feeling very poorly and need a care plan.,Ke ntse ke ikutloa ke sa phela hantle haholo mme ke hloka leano la tlhokomelo.,WHO,symptoms-complaints-v1,,reviewed,
2447,Medication Instructions,Do not take a double dose of an antiepileptic if you miss one.,U se ke ua nka dose e habeli ea antiepileptic haeba u lahlehetsoe ke e le ngoe.,WHO,medication-instructions-v1,,reviewed,
4814,General Patient Education,Seek medical attention immediately after a possible HIV exposure.,Batla tlhokomelo ea bongaka hang hang ka mor'a ho ka amoa HIV.,WHO,general-patient-education-v1,,reviewed,
4420,General Patient Education,Prevention is better than cure.,Ho thibela ho feta ho alafa.,WHO,general-patient-education-v1,,reviewed,
4597,General Patient Education,Walking is a simple and effective form of physical activity.,Ho tsamaea ke mokhoa o bonolo le o sebetsang oa mesebetsi ea 'mele.,WHO,general-patient-education-v1,,reviewed,
3016,Symptoms and Complaints,I am coughing up thick white mucus.,Ke kohoa mucus e teteaneng e tšoeu.,WHO,symptoms-complaints-v1,,reviewed,
2667,Medication Instructions,Do not take your medicine with enzyme supplements unless instructed.,U se ke ua nka moriana oa hau le lisebelisoa tsa enzyme ntle le haeba ho laetsoe.,WHO,medication-instructions-v1,,reviewed,
407,HIV,Multi-month dispensing of ART reduces the number of clinic visits required.,Ho abela ART ka likhoeli tse ngata ka nako e le ngoe ho fokotsa palo ea litsela tsa kliniki tse hlokahalang.,WHO,hiv-mmd,,reviewed,
3725,Appointments and Follow-Up,I was told to return to the clinic if my symptoms worsen.,Ke boletsoe ho khutla klinikeng haeba matšoao a ka a mpe.,WHO,appointments-followup-v1,,reviewed,
1005,Tuberculosis,TB is both preventable and curable with the right treatment.,TB e ka thibeloa le ho folisoa ka phekolo e nepahetseng.,WHO,tb-basics,,reviewed,
3788,Appointments and Follow-Up,I must attend all my scheduled appointments without fail.,Ke tlameha ho tla li-appointment tsohle tse reretseng ntle le ho hloleha.,WHO,appointments-followup-v1,,reviewed,
891,HIV,Kaposi sarcoma is caused by human herpesvirus 8 and is more common in people with low CD4 counts.,Kaposi sarcoma e bakooa ke human herpesvirus 8 mme e atile ho batho ba nang le palo e tlase ea CD4.,NIH_HIVinfo,hiv-kaposi-sarcoma,,reviewed,
2412,Medication Instructions,"If you miss a dose of insulin, check your blood sugar and follow your doctor's advice.","Haeba u lahlehetsoe ke dose ea insulin, hlahloba tsoekere ea hau ea mali mme u latele keletso ea ngaka ea hau.",WHO,medication-instructions-v1,,reviewed,
2546,Medication Instructions,Give the medicine to the child with a small amount of pudding if needed.,Fana ka moriana ho ngoana le pudding e nyenyane haeba ho hlokeha.,WHO,medication-instructions-v1,,reviewed,
4834,General Patient Education,Post-exposure prophylaxis is available after sexual violence.,Phekolo ea thibelo ka mor'a ho amoa e fumaneha ka mor'a tlhekefetso ea thobalano.,WHO,general-patient-education-v1,,reviewed,
2391,Medication Instructions,"If you miss more than one dose, contact your doctor for advice.","Haeba u lahlehetsoe ke li-dose tse fetang e le ngoe, ikopanye le ngaka ea hau bakeng sa keletso.",WHO,medication-instructions-v1,,reviewed,
3941,Appointments and Follow-Up,I was told I no longer need to come every month.,Ke boletsoe hore ha ke hloke ho tla khoeli le 'ngoe le e 'ngoe.,WHO,appointments-followup-v1,,reviewed,
43,HIV,Report any unusual symptoms to your healthcare provider as soon as possible.,Tlaleha matšoao afe kapa afe a sa tloaelehang ho mofani oa hau oa litšebeletso tsa bophelo (healthcare provider) kapele kamoo ho ka khonehang.,CDC_HIVNexus,art-side-effects,,reviewed,
2831,Symptoms and Complaints,I have been having episodes of sudden abdominal pain.,Ke ntse ke na le linako tsa mahloko a mpa ka tšohanyetso.,WHO,symptoms-complaints-v1,,reviewed,
3966,Appointments and Follow-Up,My doctor told me to follow a low-sugar diet.,Ngaka ea ka e mpoleletse ho latela phepo ea tsoekere e fokolang.,WHO,appointments-followup-v1,,reviewed,
304,HIV,Early infant diagnosis of HIV allows treatment to be started as soon as possible.,Tlhahlobo ya HIV ya ngwana ka nako e fetohelele kabelo ya tshenyeho ho qala ka nako e fetohelele.,WHO,hiv-eid,,raw,
4514,General Patient Education,Encourage people in your community to seek medical care early.,Khothaletsa batho sechababeng sa hao ho batla tlhokomelo ea bongaka kapele.,WHO,general-patient-education-v1,,reviewed,
3748,Appointments and Follow-Up,I was reminded that my treatment depends on regular follow-up.,Ke khumamisitsoe hore phekolo ea ka e itšetlehile ho latela ka mehla.,WHO,appointments-followup-v1,,reviewed,
665,HIV,Efavirenz should be taken at bedtime to minimise neuropsychiatric side effects.,Efavirenz e lokela ho nkoa nako ea ho robala ho fokotsa litlamorao tsa neuropsychiatric.,NIH_HIVinfo,art-efavirenz-timing,,reviewed,
1178,Tuberculosis,"Regular monitoring of liver function, vision, and hearing is important during TB treatment.","Ho hlahlojoa ka mehla ha tšebetso ea sebete, pono, le kutlo ho bohlokoa nakong ea phekolo ea TB.",WHO,tb-treatment-monitoring,,reviewed,
2677,Medication Instructions,Do not take your medicine with chondroitin supplements unless instructed.,U se ke ua nka moriana oa hau le lisebelisoa tsa chondroitin ntle le haeba ho laetsoe.,WHO,medication-instructions-v1,,reviewed,
1948,Medication Instructions,Apply the cream thinly to the affected area twice daily.,Sebelisa cream butle sebakeng se angoa habeli ka letsatsi.,WHO,medication-instructions-v1,,reviewed,
2502,Medication Instructions,Give the medicine to the child in a calm and reassuring manner.,Fana ka moriana ho ngoana ka tsela e khutsitseng le e tšepisang.,WHO,medication-instructions-v1,,reviewed,
1474,Tuberculosis,Food insecurity is a major barrier to TB treatment adherence and should be addressed through social support.,Ho hloka tšepo ea lijo ke moqoqo o moholo oa ho latela phekolo ea TB mme o lokela ho sebetsanoa le ona ka tshehetso ea sechaba.,WHO,tb-food-insecurity,,reviewed,
3484,Symptoms and Complaints,I have a feeling of pressure in my renal sinus.,Ke na le maikutlo a khatello renal sinuseng ea ka.,WHO,symptoms-complaints-v1,,reviewed,
3521,Appointments and Follow-Up,Can I schedule an appointment for a dental check-up?,Na nka rerela appointment bakeng sa tlhahlobo ea meno?,WHO,appointments-followup-v1,,reviewed,
2133,Medication Instructions,Do not store the medication in a location where it could be damaged by water.,U se ke ua boloka moriana sebakeng moo metsi a ka se senya teng.,WHO,medication-instructions-v1,,reviewed,
1027,Tuberculosis,Healthcare workers are at elevated risk of TB due to occupational exposure.,Basebetsi ba bophelo bo botle ba leng kotsing e phahameng ea TB ka lebaka la ho hlahisoa mosebetsing.,WHO,tb-healthcare-workers,,reviewed,
962,HIV,HIV-positive individuals on effective ART with an undetectable viral load cannot sexually transmit the virus.,Batho ba nang le HIV ba holim'a ART e sebetsang ba nang le viral load e sa fumaneheng ha ba khone ho fetisela vaerase ka thobalano.,UNAIDS,u=u-campaign,,reviewed,
2890,Symptoms and Complaints,I have a dull pain in my chest that is worrying me.,Ke na le mahloko a fokolang sefubeng sa ka a nkhathatsa.,WHO,symptoms-complaints-v1,,reviewed,
3135,Symptoms and Complaints,I have been having episodes of explosive diarrhoea.,Ke ntse ke na le linako tsa sehudo se theohelang ka potlako.,WHO,symptoms-complaints-v1,,reviewed,
2010,Medication Instructions,Apply the hydrocortisone cream sparingly to the inflamed skin.,Sebelisa cream ea hydrocortisone butle letlalong le ruruhetse.,WHO,medication-instructions-v1,,reviewed,
2150,Medication Instructions,Diarrhoea is a common side effect; drink plenty of fluids to stay hydrated.,Sehudo ke tlhamorao e tloaelehileng; noa metsi a mangata ho lula u nang le metsi a lekaneng.,WHO,medication-instructions-v1,,reviewed,
3324,Symptoms and Complaints,I have a rash on my lower legs that is very sore.,Ke na le ho ruruha ha letlalo maotong a ka a tlase ho bohlokang haholo.,WHO,symptoms-complaints-v1,,reviewed,
2339,Medication Instructions,This medicine may increase the risk of QT prolongation with other drugs.,Moriana ona o ka eketsa kotsi ea ho atolosoa ha QT le meriana e meng.,WHO,medication-instructions-v1,,reviewed,
3889,Appointments and Follow-Up,I missed my follow-up because I changed my phone number.,Ke lahlehetsoe ke ho latela hobane ke fetotsoe nomoro ea ka ea mohala.,WHO,appointments-followup-v1,,reviewed,
305,HIV,HIV-positive children who are well on ART can participate fully in school and social activities.,Bana ba nang le HIV ba betere ka ART ba ka kena leano la sekolo le maphelo a setso ka botlalo.,UNICEF,hiv-paediatric-quality-of-life,,raw,
1441,Tuberculosis,An estimated one million children develop TB disease each year globally.,Ho nahanoa hore bana ba limilione e le ngoe ba ba le bolwetse ba TB selemo le selemo lefatšeng lohle.,WHO,tb-children-burden,,reviewed,
1497,Tuberculosis,"After completing TB treatment, I felt stronger and more grateful for my health than ever before.","Ka mor'a ho phetela phekolo ea TB, ke ikutloa ke matla haholo mme ke leboha bophelo ba ka ho feta nako efe kafe pele.",clinical_fieldwork,patient-tb-recovery-gratitude,,reviewed,
2653,Medication Instructions,Do not take your medicine with probiotics unless instructed.,U se ke ua nka moriana oa hau le li-probiotic ntle le haeba ho laetsoe.,WHO,medication-instructions-v1,,reviewed,
2876,Symptoms and Complaints,I have a sharp pain in my left side of the chest.,Ke na le mahloko a bohale lehlakoreng la molema la sefuba sa ka.,WHO,symptoms-complaints-v1,,reviewed,
917,HIV,Migrant workers face increased HIV risk due to separation from families and social networks.,Basebetsi ba baahi ba fetang ba tobana le kotsi e eketsehileng ea HIV ka lebaka la ho arohana le malapa le marang-rang a sechaba.,ILO,hiv-migrant-workers,,reviewed,
4183,Maternal and Child Health,I was told my child is underweight and needs nutritional support.,Ke ile ka ba lemotheletswe hore mwana wa ka ke na le bolwetse ba go feta mmele.,WHO,maternal-child-health-v1,,raw,
3722,Appointments and Follow-Up,I received a reminder to attend my follow-up appointment.,Ke amohele temoso ho tla appointment ea ka ea ho latela.,WHO,appointments-followup-v1,,reviewed,
2773,Symptoms and Complaints,I have been feeling very ill and need urgent help.,Ke ntse ke ikutloa ke kula haholo mme ke hloka thuso ea potlako.,WHO,symptoms-complaints-v1,,reviewed,
1625,Tuberculosis,I was relieved when my sputum test came back negative after two months of treatment.,Ke khotsofetse ha tlhahlobo ea mathe ea ka e khutlile e senyenyane ka mor'a likhoeli tse peli tsa phekolo.,clinical_fieldwork,patient-tb-sputum-negative,,reviewed,
3838,Appointments and Follow-Up,I would like to know about the disability grant application process.,Ke rata ho tseba ka ts'ebetso ea ho etsa kopo ea phallelo ea bokooa.,WHO,appointments-followup-v1,,reviewed,
822,HIV,You should bring your medicine to every clinic visit so we can check that you are taking it correctly.,U lokela ho tlisa meriana ea hau letsetsong le leng le le leng la kliniki hore re tle re netefatse hore u e nka ka nepo.,clinical_fieldwork,clinician-patient-communication,,reviewed,
3965,Appointments and Follow-Up,I was given a glucometer to use at home.,Ke filoe glucometer ho sebelisa lapeng.,WHO,appointments-followup-v1,,reviewed,
1355,Tuberculosis,Diabetes mellitus is a major risk factor for TB and worsens TB treatment outcomes.,Lefu la tsoekere ke sesosa se seholo sa kotsi bakeng sa TB ’me le mpefatsa liphetho tsa kalafo ea TB.,WHO,tb-diabetes,,reviewed,
4498,General Patient Education,Clean and cover all wounds immediately to prevent infection.,Hlotsa le koahela maqeba ohle hang hang ho thibela tšoaetso.,WHO,general-patient-education-v1,,reviewed,
851,HIV,Transition from paediatric to adult HIV care is a critical period that requires careful planning.,Ho fetela ho tsoa tlhokomelong ea HIV ea bana ho ea ho ea batho ba baholo ke nako ea bohlokoa e hlokang moralo o nang le hloko.,WHO,hiv-transition-care,,reviewed,
1001,Tuberculosis,Tuberculosis is an infectious disease caused by the bacterium Mycobacterium tuberculosis.,Tuberculosis ke bolwetse bo fetisoang bo bakoang ke bakteria ea Mycobacterium tuberculosis.,WHO,tb-basics,,reviewed,
3378,Symptoms and Complaints,I have a rash that is accompanied by weeping.,Ke na le ho ruruha ha letlalo ho tsamaeang le ho tsoa ha metsi.,WHO,symptoms-complaints-v1,,reviewed,
19,HIV,Your pharmacist can answer questions about your HIV medicines.,Rematanyane kapa ralechesi oa hau (pharmacist) a ka araba lipotso mabapi le meriana ea hau ea HIV.,FDA,art-pharmacy,,reviewed,
1638,Tuberculosis,Sputum smear microscopy at two months confirms whether treatment is working.,Microscopy ea ho hlakola mathe ka likhoeli tse peli e netefatsa hore na phekolo e sebetsa.,WHO,tb-monitoring-2months,,reviewed,
1668,Tuberculosis,"TB affects people of all ages, genders, and socioeconomic backgrounds.","TB e angoa batho ba lilemo tsohle, bong bohle, le maemo ohle a moruo oa sechaba.",WHO,tb-demographics,,reviewed,
494,HIV,HIV-positive healthcare workers can continue to work in most clinical roles with appropriate precautions.,Baahi ba tšireletso ea bophelo ba phelang le HIV ba ka tsamaea le mesebetsi ea bona ea kantoro ka tsela e betere.,WHO,hiv-hcw-work,,raw,
1348,Tuberculosis,Separating TB patients from other patients in health facilities reduces nosocomial transmission.,Ho arola bakuli ba TB ho bakuli ba bang litsing tsa bophelo bo botle ho fokotsa phetiso ea tšoaetso e fumanoang setsing sa bophelo.,WHO,tb-patient-separation,,reviewed,
3728,Appointments and Follow-Up,I was told not to miss my next appointment.,Ke boletsoe ho se lahlehele appointment ea ka e latelang.,WHO,appointments-followup-v1,,reviewed,
4826,General Patient Education,Both partners must be treated for an STI at the same time.,Baratwi ba babeli ba tlameha ho alafioa bakeng sa STI ka nako e tšoanang.,WHO,general-patient-education-v1,,reviewed,
3615,Appointments and Follow-Up,I have a referral appointment at this clinic.,Ke na le appointment ea referral klinikeng ena.,WHO,appointments-followup-v1,,reviewed,
3482,Symptoms and Complaints,I have a feeling of pain in my renal sinus.,Ke na le maikutlo a mahloko renal sinuseng ea ka.,WHO,symptoms-complaints-v1,,reviewed,
688,HIV,HIV-exposed infants should be given cotrimoxazole prophylaxis from six weeks of age.,Bana ba hlahisitsoeng HIV ba lokela ho fuoa prophylaxis ea cotrimoxazole ho qala libeke tse tšeletseng tsa lilemo.,WHO,pmtct-ctx-prophylaxis,,reviewed,
3732,Appointments and Follow-Up,I told the nurse I forgot about my appointment.,Ke boleletse mooki hore ke lebetse appointment ea ka.,WHO,appointments-followup-v1,,reviewed,
1609,Tuberculosis,Tuberculosis is one of the top ten causes of death worldwide.,Tuberculosis ke e 'ngoe ea mabaka a leshome a phahameng ka ho fetisisa a lefu lefatšeng lohle.,WHO,tb-global-burden,,reviewed,
4085,Maternal and Child Health,I was given an injection after delivery to prevent bleeding.,Ke ile ka fumana sefahleho ka mora tswalo hore ke se kelehele.,WHO,maternal-child-health-v1,,raw,
3403,Symptoms and Complaints,I have very heavy menstrual bleeding.,Ke na le ho tsoa mali ha nako ea khoeli ho matla haholo.,WHO,symptoms-complaints-v1,,reviewed,
1010,Tuberculosis,The End TB Strategy aims to reduce TB deaths by 95% and new cases by 90% by 2035.,Leano la ho Felisa TB le ikemiseditse ho fokotsa lifu tsa TB ka 95% le liketsahalo tse ncha ka 90% ka 2035.,WHO,end-tb-strategy,,reviewed,
2409,Medication Instructions,"Take the missed dose as soon as you remember, even if it is late at night.","Nka dose e lahlehileng hang hang ha u hopola, le ha e le bosiu bo bofubelu.",WHO,medication-instructions-v1,,reviewed,
1093,Tuberculosis,"When the doctor told me I had TB, I was scared because I thought it was a death sentence.","Ha ngaka e mpolela hore ke na le TB, ke ne ke tšaba hobane ke nahana hore ke kahlolo ea lefu.",clinical_fieldwork,patient-tb-fear-diagnosis,,reviewed,
1328,Tuberculosis,The 3-month weekly isoniazid and rifapentine (3HP) regimen is a shorter effective TPT option.,Moralo oa likhoeli tse 3 oa isoniazid le rifapentine tse fuoang hang ka beke (3HP) ke khetho e khuts’oane le e sebetsang ea TPT.,WHO,tb-3hp-tpt,,reviewed,
1678,Tuberculosis,"TB spreads through the air when an infected person coughs, sneezes, or speaks.","TB e phatlalala ka moea ha motho ea tšoaetsoeng a kohoa, a thimola, kapa a bua.",CDC,tb-transmission-air,,reviewed,
2000,Medication Instructions,Administer the intravenous bolus slowly over two minutes.,Fana ka intravenous bolus butle ka hare ho metsotso e mebeli.,WHO,medication-instructions-v1,,reviewed,
1311,Tuberculosis,ART should be started within two weeks of TB treatment initiation in most HIV-positive TB patients.,ART e lokela ho qalisoa nakong ea libeke tse peli ho tloha ha kalafo ea TB e qalisoa ho bakuli ba bangata ba TB ba nang le HIV.,WHO,tb-hiv-art-two-weeks,,reviewed,
3259,Symptoms and Complaints,I have been having episodes of sudden severe groin pain.,Ke ntse ke na le linako tsa mahloko a matla a groin ka tšohanyetso.,WHO,symptoms-complaints-v1,,reviewed,
1988,Medication Instructions,Inhale through the mouthpiece of the dry powder inhaler in one steady breath.,Hema ka mouthpiece ea dry powder inhaler ka moya o le mong o tsitsitseng.,WHO,medication-instructions-v1,,reviewed,
3649,Appointments and Follow-Up,I have come for my social worker appointment.,Ke tlile bakeng sa appointment ea mosebetsi oa sechaba.,WHO,appointments-followup-v1,,reviewed,
345,HIV,Immune reconstitution inflammatory syndrome can cause worsening of opportunistic infections after starting ART.,Immune reconstitution inflammatory syndrome ka kwano e etsang hoo e nyanehang ho fetisisa ha mafu a ahloditsweng ka mor'a ho qala ART.,WHO,iris,,raw,
4483,General Patient Education,Refrigerate leftovers promptly to prevent food poisoning.,Kenya lijo tse setseng frijeng hang hang ho thibela ho hlohlona ha lijo.,WHO,general-patient-education-v1,,reviewed,
987,HIV,Substance use disorders increase HIV risk behaviours and complicate treatment adherence.,Mafu a tšebediso ea lintho tse kotsi a eketsa maitshwaro a kotsi ea HIV le ho noa ho latela phekolo.,UNAIDS,hiv-substance-use,,reviewed,
4545,General Patient Education,Calcium-rich foods such as milk and cheese strengthen your bones.,Lijo tse nang le calcium joalo ka lebese le chisi li matlafatsa marapo a hao.,WHO,general-patient-education-v1,,reviewed,
3808,Appointments and Follow-Up,I would like to know if my condition has improved.,Ke rata ho tseba haeba boemo ba ka bo ntlafetse.,WHO,appointments-followup-v1,,reviewed,
4524,General Patient Education,Choose whole grains over refined grains for better nutrition.,Khetha lijo tsa mabele a phethahetseng ho e-na le a hlophisitsoeng bakeng sa phepo e ntle.,WHO,general-patient-education-v1,,reviewed,
4003,Maternal and Child Health,I did a home pregnancy test and it was positive.,Ke ile ka etsa tsebo ya haufi ka hara ho ntle le e ne e le patileng.,WHO,maternal-child-health-v1,,raw,
3092,Symptoms and Complaints,I have not had a bowel movement for five days.,Ha ke ea ntlong ea thokomelo matsatsi a hlano.,WHO,symptoms-complaints-v1,,reviewed,
3962,Appointments and Follow-Up,My doctor told me to monitor my weight every week.,Ngaka ea ka e mpoleletse ho hlahloba boima ba ka beke le 'ngoe le e 'ngoe.,WHO,appointments-followup-v1,,reviewed,
1143,Tuberculosis,The standard TB treatment regimen for drug-sensitive TB lasts six months.,Leano la phekolo la kamehla la TB bakeng sa TB e amehang ke meriana le nka likhoeli tse tšeletseng.,WHO,tb-treatment-duration,,reviewed,
2359,Medication Instructions,This medicine may increase the risk of peripheral neuropathy with other drugs.,Moriana ona o ka eketsa kotsi ea neuropathy ea maphethelo le meriana e meng.,WHO,medication-instructions-v1,,reviewed,
1199,Tuberculosis,TB relapse occurs when a patient who completed treatment develops TB again.,Ho khutlela morao ha TB ho etsahala ha mokuloi ea phetetseng phekolo a ba le TB hape.,WHO,tb-relapse,,reviewed,
86,HIV,Alcohol can interfere with ART and weaken your immune system.,Joala bo ka kena-kenana le phekolo ea lithibela-mafofore (ART) hape bo ka fokolisa masole a hau a ’mele (weaken your immune system).,NIH_HIVinfo,hiv-lifestyle,,reviewed,
1519,Tuberculosis,"TB can affect organs other than the lungs, including the kidneys, spine, and brain.","TB e ka angoa litho tse ling ho feta matšoafo, ho kenyelletsa lipitso, mokokotlo, le boko.",CDC,tb-extrapulmonary,,reviewed,
517,HIV,Out-of-pocket costs for HIV care can prevent people from accessing treatment.,Tsebeletso ya HIV e ka thibela batho ba tshebetso ho fumana tshebetso.,UNAIDS,hiv-financial-barriers,,raw,
1382,Tuberculosis,The nurse at the TB clinic always encouraged me and told me I was doing well.,Mooki oa tleliniking ea lefuba (TB) o ne a lula a nkhothatsa 'me a mpolella hore ke tsoela pele hantle.,clinical_fieldwork,patient-tb-nurse-encouragement,,reviewed,
2717,Symptoms and Complaints,I have been urinating more than usual.,Ke ntse ke morota ho feta kamehla.,WHO,symptoms-complaints-v1,,reviewed,
3085,Symptoms and Complaints,I have difficulty breathing and my breathing is very noisy at night.,Ke na le bothata ba ho hema mme ho hema ha ka ho na le modumo o moholo bosiu.,WHO,symptoms-complaints-v1,,reviewed,
1015,Tuberculosis,TB meningitis is a life-threatening form of extrapulmonary TB affecting the brain and spinal cord.,TB meningitis ke mofuta oa TB ea kantle ho matšoafo o kotsi ea bophelo o angoa boko le mokokotlo.,WHO,tb-meningitis,,reviewed,
129,HIV,People with HIV and TB need close monitoring and regular clinic visits.,Batho ba phelang le HIV le lefu la lefuba (TB) ba hloka tlhokomelo e haufi le ho etela kliniki kamehla.,WHO,hiv-tb-monitoring,,reviewed,
1365,Tuberculosis,"TB stigma causes delays in care seeking, treatment interruption, and social isolation.","Sekhobo sa TB se baka tieho ea ho batla tlhokomelo, ho sitisoa ha kalafo, le ho itšehla thajana sechabeng.",WHO,tb-stigma-impact,,reviewed,
3624,Appointments and Follow-Up,I am here for my post-operative follow-up.,Ke teng bakeng sa ho latela ka mor'a opereishene ea ka.,WHO,appointments-followup-v1,,reviewed,
4971,General Patient Education,Health literacy empowers communities to make informed health decisions.,Ho tseba ho bala le ho ngola ka bophelo bo botle ho matlafatsa sechaba ho etsa liqeto tse tsebisitsoeng tsa bophelo.,WHO,general-patient-education-v1,,reviewed,
892,HIV,Non-Hodgkin lymphoma is an AIDS-defining cancer that occurs at low CD4 counts.,Non-Hodgkin lymphoma ke kankere e hlalositsoeng ke AIDS e etsahalang ha palo ea CD4 e tlase.,NIH_HIVinfo,hiv-lymphoma,,reviewed,
2794,Symptoms and Complaints,I feel my condition is very serious.,Ke ikutloa boemo ba ka bo matla haholo.,WHO,symptoms-complaints-v1,,reviewed,
4239,Maternal and Child Health,My child has been referred to an occupational therapist.,Ngoana oa ka o romeloa ho occupational therapist.,WHO,maternal-child-health-v1,,reviewed,
1360,Tuberculosis,Malnutrition significantly increases TB risk and worsens treatment outcomes.,Khaello ea phepo e nepahetseng e eketsa haholo kotsi ea TB ’me e mpefatsa liphetho tsa kalafo.,WHO,tb-malnutrition,,reviewed,
308,HIV,HIV-positive women should plan their pregnancies with the help of their healthcare provider.,Basali ba nang le HIV ba fetohelele ho rupa ngwanelo ba le ka thuso ya barekisi ba tsona.,UNFPA,pmtct-family-planning,,raw,
1662,Tuberculosis,Not everyone exposed to TB bacteria will develop active disease.,Ha se batho bohle ba hlahisitsoeng bakteria ea TB ba tla ba le bolwetse bo sebetsang.,CDC,tb-exposure,,reviewed,
2432,Medication Instructions,"If you miss a dose of an antifungal, take it as soon as you remember.","Haeba u lahlehetsoe ke dose ea antifungal, e nke hang hang ha u hopola.",WHO,medication-instructions-v1,,reviewed,
3935,Appointments and Follow-Up,My CD4 count has improved since starting treatment.,Palo ea CD4 ea ka e ntlafetse ho tloha ha ke qala phekolo.,WHO,appointments-followup-v1,,reviewed,
1318,Tuberculosis,Cotrimoxazole preventive therapy should be given to all HIV-positive TB patients.,Kalafo ea thibelo ka cotrimoxazole e lokela ho fuoa bakuli bohle ba TB ba nang le HIV.,WHO,tb-hiv-cotrimoxazole,,reviewed,
4304,Maternal and Child Health,I was advised to seek medical care early when my child is sick.,Ke keletsoeng ho batla tlhokomelo ea bongaka kapele ha ngoana oa ka a kula.,WHO,maternal-child-health-v1,,reviewed,
2475,Medication Instructions,Do not take a double dose of an analgesic if you miss one.,U se ke ua nka dose e habeli ea analgesic haeba u lahlehetsoe ke e le ngoe.,WHO,medication-instructions-v1,,reviewed,
2543,Medication Instructions,Do not give the medicine to a child who is on a low-protein diet without advice.,U se ke ua fana ka moriana ho ngoana ea lijo tse tlase tsa protein ntle le keletso.,WHO,medication-instructions-v1,,reviewed,
1247,Tuberculosis,"My urine turned orange and I was scared, but the nurse explained it was normal with the medication.","Moroto oa ka o ile oa fetoha oa lamunu ’me ke ile ka tšoha, empa mooki a ntlhalosetsa hore ho tloaelehile ka lebaka la moriana.",clinical_fieldwork,patient-tb-orange-urine,,reviewed,
1209,Tuberculosis,Corticosteroids are used alongside TB treatment for TB meningitis and pericarditis to reduce inflammation.,"Meriana ea corticosteroid e fuoa bakuli hammoho le meriana ea lefuba ha ba e-na le TB meningitis kapa pericarditis, e le ho fokotsa ho ruruha.",WHO,tb-corticosteroids,,reviewed,
217,HIV,A non-reactive HIV test result means no HIV antibodies were detected.,Sephetho sa hlahlobo ea HIV se se nang karabelo se bolela hore ha ho antibody ea HIV e fumanoeng.,CDC_HIVNexus,hiv-testing,,reviewed,
4293,Maternal and Child Health,I was told to avoid giving my child sugary snacks.,Ke boletsoe ho hana ho fa ngoana oa ka lijo tsa tsoekere.,WHO,maternal-child-health-v1,,reviewed,
3063,Symptoms and Complaints,I have a cough that is triggered by dry air.,Ke na le ho kohoa ho qalisitsoeng ke moea o omileng.,WHO,symptoms-complaints-v1,,reviewed,
1240,Tuberculosis,"Clinical review at each visit should include assessment of adherence, side effects, and treatment response.","Tlhahlobo ea bongaka ketelong ka ’ngoe e lokela ho kenyelletsa ho lekola ho latela kalafo, litla-morao, le karabelo kalafong.",DOH_SA,tb-clinical-review,,reviewed,
2290,Medication Instructions,Do not take this medicine with other sedatives without medical advice.,U se ke ua nka moriana ona le li-sedative tse ling ntle le keletso ea ngaka.,WHO,medication-instructions-v1,,reviewed,
2741,Symptoms and Complaints,I have been having episodes of sudden weakness.,Ke ntse ke na le linako tsa ho fokotsehela ka tšohanyetso.,WHO,symptoms-complaints-v1,,reviewed,
276,HIV,I do not want to take medicine every day for the rest of my life.,Ha ke batle ho ja medicine ka mong le mong ho fihlela ke hlokofalletsa.,clinical_fieldwork,patient-art-concerns,,raw,
490,HIV,Healthcare workers who take PEP after needlestick injury should be monitored for HIV for three months.,Baahi ba tšehetso ya tšireletso ba etelang PEP ka morago ga di-robalo tsa di-needle ba ha swanetse e be e lebeletswwe ho HIV ho fihlela dilemo tse tharo.,CDC_HIVNexus,hiv-occupational-pep,,raw,
1036,Tuberculosis,Silicosis caused by silica dust exposure greatly increases the risk of developing TB.,Silicosis e bakoang ke ho hlahisoa lerole la silica e eketsa haholo kotsi ea ho ba le TB.,ILO,tb-silicosis,,reviewed,
1230,Tuberculosis,"Rifampicin can reduce the effectiveness of methadone, requiring dose increases in patients on opioid substitution therapy.","Rifampicin e ka fokotsa katleho ea methadone, e leng se ka hlokang ho eketsoa ha tekanyetso ho bakuli ba leng kalafong ea ho nkela li-opioid sebaka.",WHO,tb-rifampicin-methadone,,reviewed,
4586,General Patient Education,Exercise reduces the risk of depression and anxiety.,Ho itlama ho fokotsa kotsi ea khutsanyetso le ho tšoha.,WHO,general-patient-education-v1,,reviewed,
1009,Tuberculosis,"TB disproportionately affects people living in poverty, overcrowded conditions, and those with weakened immune systems.","TB e angoa batho ba phelang bofumeng, libakeng tse tletse batho, le ba nang le tšireletso ea 'mele e fokolang ka mokgwa o sa lekanang.",WHO,tb-social-determinants,,reviewed,
4690,General Patient Education,Substance abuse is a health condition that requires treatment.,Ho sebelisa litšebelisoa ka ho feteletseng ke boemo ba bophelo bo hlokang phekolo.,WHO,general-patient-education-v1,,reviewed,
4027,Maternal and Child Health,I received a tetanus injection at my antenatal visit.,Ke ile ka fumana injection ya tetanus ka ha ke ntse ke ea kantong ya tšehetso ya batshelelo.,WHO,maternal-child-health-v1,,raw,
3183,Symptoms and Complaints,I have been having episodes of diarrhoea with blood.,Ke ntse ke na le linako tsa sehudo le mali.,WHO,symptoms-complaints-v1,,reviewed,
2533,Medication Instructions,Do not give the medicine to a child who is malnourished without dose adjustment.,U se ke ua fana ka moriana ho ngoana ea hlokang phepo ntle le ho fetola dose.,WHO,medication-instructions-v1,,reviewed,
4170,Maternal and Child Health,My baby developed a fever after the vaccination.,Mwana wa ka o ile a tona ka morago ga veksi.,WHO,maternal-child-health-v1,,raw,
1059,Tuberculosis,Diabetic patients with TB may have more severe disease and atypical presentations.,Bakuli ba nang le tsoekere le TB ba ka ba le bolwetse bo matla haholo le ho bontšoa ha bolwetse ho sa tloaelehang.,WHO,tb-diabetes-symptoms,,reviewed,
2167,Medication Instructions,Contact your doctor if you experience numbness or tingling in your hands or feet.,Ikopanye le ngaka ea hau haeba u ikutloa ho fofa kapa ho hlohlona matsoho kapa maoto.,WHO,medication-instructions-v1,,reviewed,
4579,General Patient Education,Always inform your doctor about your diet when discussing your medication.,Tsebisa ngaka ea hao kamehla ka phepo ea hao ha o buisana ka moriana oa hao.,WHO,general-patient-education-v1,,reviewed,
282,HIV,I tested positive for HIV today and I feel very scared and alone.,Ke ile ka tseba ke na le HIV kamora ho etsa testi ya HIV hjooe mme ke ikutloa ke tšosa le ke le moso.,clinical_fieldwork,patient-hiv-diagnosis,,raw,
3566,Appointments and Follow-Up,I would like to confirm my follow-up appointment date.,Ke rata ho netefatsa letsatsi la appointment ea ka ea ho latela.,WHO,appointments-followup-v1,,reviewed,
1317,Tuberculosis,"HIV-positive TB patients have higher rates of treatment failure, relapse, and death than HIV-negative TB patients.","Bakuli ba TB ba nang le HIV ba na le litekanyetso tse phahameng tsa ho hloleha ha kalafo, ho khutla ha lefu, le lefu ho feta bakuli ba TB ba se nang HIV.",WHO,tb-hiv-outcomes,,reviewed,
4979,General Patient Education,Understanding the difference between a virus and a bacteria helps you know why antibiotics are not always needed.,Ho utloisisa phapang lipakeng tsa vaerase le baekteria ho thusa ho tseba hore na ke hobaneng li-antibiotic li sa hlokahaleng kamehla.,WHO,general-patient-education-v1,,reviewed,
969,HIV,Dolutegravir-based regimens are now the preferred first-line ART in most national guidelines.,Mananeo a thehiloeng holim'a dolutegravir joale ke ART e khahlehang ea mola oa pele litemaneng tsa naha tse ngata.,WHO,art-dolutegravir,,reviewed,
3127,Symptoms and Complaints,I have a sharp pain in my abdomen that is constant.,Ke na le mahloko a bohale mpeng ea ka a tsoelang pele.,WHO,symptoms-complaints-v1,,reviewed,
3921,Appointments and Follow-Up,I would like to transfer my care to a clinic near my new home.,Ke rata ho fetisa tlhokomelo ea ka klinikeng e haufi le lapeng la ka le lecha.,WHO,appointments-followup-v1,,reviewed,
3167,Symptoms and Complaints,I feel very uncomfortable and my abdomen is very bloated.,Ke ikutloa ke sa ikutloe hantle haholo mme mpa ea ka e tletse moea haholo.,WHO,symptoms-complaints-v1,,reviewed,
3520,Appointments and Follow-Up,I need to book an appointment for an eye examination.,Ke hloka ho buka appointment bakeng sa tlhahlobo ea mahlo.,WHO,appointments-followup-v1,,reviewed,
620,HIV,Digital health tools including telemedicine can support HIV care in remote areas.,Lisebelisoa tsa bophelo bo botle tsa dijithale ho kenyelletsa telemedicine li ka tshehetsa tlhokomelo ea HIV libakeng tse hole.,WHO,hiv-digital-health,,reviewed,
3347,Symptoms and Complaints,I have a loss of central vision.,Ke na le ho lahleheloa ke pono ea bohareng.,WHO,symptoms-complaints-v1,,reviewed,
1743,Tuberculosis,Repurposed drugs from other disease areas are being tested for TB treatment.,Meriana e fetohileng morero ho tsoa libakeng tse ling tsa bolwetse e lekoa bakeng sa phekolo ea TB.,WHO,tb-repurposed-drugs,,reviewed,
1391,Tuberculosis,"The TB research pipeline includes new drugs, diagnostics, and vaccines at various stages of development.","Lenaneo la lipatlisiso tsa lefuba (TB research pipeline) le kenyelletsa meriana e mecha, lisebelisoa tsa tlhahlobo, le liente maemong a fapaneng a kholo.",WHO,tb-research-pipeline,,reviewed,
4051,Maternal and Child Health,I am worried because my baby is not moving as much as before.,Ke kopa hobane ngwana a ka a sa tswe joaloka a ne a tswe pele.,WHO,maternal-child-health-v1,,raw,
1848,Medication Instructions,"Take one tablet daily, preferably at the same time each day.","Nka pilisi e le ngoe letsatsi le leng le le leng, haholo-holo ka nako e tšoanang letsatsi le leng le le leng.",WHO,medication-instructions-v1,,reviewed,
1580,Tuberculosis,People living with HIV who have TB symptoms should be tested with GeneXpert.,Batho ba phelang le HIV ba nang le matšoao a TB ba lokela ho lekoa ka GeneXpert.,WHO,tb-hiv-genexpert,,reviewed,
1656,Tuberculosis,Public-private partnerships expand access to TB diagnosis and treatment services.,Likoporasi tsa sechaba le tsa poraefete li atolosa phihlello ea litshebeletso tsa tlhahlobo le phekolo ea TB.,WHO,tb-ppp,,reviewed,
2353,Medication Instructions,This medicine may interact with beta-agonist drugs; inform your doctor.,Moriana ona o ka kopana le meriana ea beta-agonist; tsebisa ngaka ea hau.,WHO,medication-instructions-v1,,reviewed,
2213,Medication Instructions,Seek medical help if you develop severe dizziness or loss of balance.,Batla thuso ea ngaka haeba u ba le ho potoloha ho matla kapa ho lahleheloa ke tekanyo.,WHO,medication-instructions-v1,,reviewed,
2021,Medication Instructions,Inhale the powder inhaler by breathing in forcefully and deeply.,Hema powder inhaler ka ho hema ka matla le ka botebo.,WHO,medication-instructions-v1,,reviewed,
4973,General Patient Education,Digital health tools can help you manage your health more effectively.,Lisebelisoa tsa dijithale tsa bophelo bo botle li ka thusa ho laola bophelo ba hao ka nepo e eketsehileng.,WHO,general-patient-education-v1,,reviewed,
1957,Medication Instructions,Dissolve the tablet in a glass of water before drinking.,Nyamesa pilisi mohopeng oa metsi pele ho noa.,WHO,medication-instructions-v1,,reviewed,
1308,Tuberculosis,All HIV-positive patients should be screened for TB at every clinical visit.,Bakuli bohle ba nang le HIV ba lokela ho hlahlojoa bakeng sa TB ketelong e ’ngoe le e ’ngoe ea kliniki.,WHO,tb-hiv-screening-frequency,,reviewed,
2004,Medication Instructions,Apply the eye drops without touching the dropper tip to the eye.,Sebelisa litšoelelo tsa leihlo ntle le ho ama ntlha ea dropper leihlong.,WHO,medication-instructions-v1,,reviewed,
4456,General Patient Education,Dispose of expired medication safely and responsibly.,Lahla moriana o felileng ka polokeho le boikarabello.,WHO,general-patient-education-v1,,reviewed,
576,HIV,Report any new symptoms to your healthcare provider even if you think they are minor.,"Tsebisa mmusi wa bophelo hao ka diphetogo tsene tsa hao, le ha o nahana hore di nyonyohile.",NIH_HIVinfo,hiv-clinic-communication,,raw,
4090,Maternal and Child Health,I was told to rest for at least six weeks after delivery.,Ke ile ka ba lemotheletswe hore ke robale ka ho sa feleng 6 ka mora tswalo.,WHO,maternal-child-health-v1,,raw,
4320,Maternal and Child Health,I would like information about family planning options.,Ke rata tlhahisoleseling ka likhetho tsa ho rererela lelapa.,WHO,maternal-child-health-v1,,reviewed,
4437,General Patient Education,Regular cholesterol checks reduce the risk of heart disease.,Ho lekola cholesterol ka mehla ho fokotsa kotsi ea bolwetse ba pelo.,WHO,general-patient-education-v1,,reviewed,
1707,Tuberculosis,Pretomanid is a newer TB drug approved for use in combination with bedaquiline and linezolid.,Pretomanid ke moriana o mocha oa TB o amohetsoeng ho sebelisoa kopanong le bedaquiline le linezolid.,WHO,tb-pretomanid,,reviewed,
3743,Appointments and Follow-Up,I was told that the last appointment is at four in the afternoon.,Ke boletsoe hore appointment ea ho qetela ke ka hora ea mane motsheare.,WHO,appointments-followup-v1,,reviewed,
3471,Symptoms and Complaints,I have a feeling of burning in my renal medulla.,Ke na le maikutlo a ho chesa renal medulleng ea ka.,WHO,symptoms-complaints-v1,,reviewed,
1281,Tuberculosis,The 6-month BPaL/BPaLM regimen represents a major advance in shortening MDR-TB treatment.,Moralo oa kalafo oa likhoeli tse 6 oa BPaL/BPaLM o emela tsoelo-pele e kholo ho khutsufatseng kalafo ea MDR-TB.,WHO,tb-short-mdr-regimen,,reviewed,
862,HIV,Older adults living with HIV have higher rates of depression and social isolation.,Batho ba baholo ba phelang le HIV ba na le likhato tse phahameng tsa ho nyamela le ho ikhethela sechabeng.,NIH_HIVinfo,hiv-older-adults-mental-health,,reviewed,
4146,Maternal and Child Health,I was told I can resume normal activities after six weeks.,Ke neile tsebiso ya ho qala tshea ditsebe tse kae ka matsatsi a seng makae.,WHO,maternal-child-health-v1,,raw,
1802,Medication Instructions,Take two capsules every eight hours with a full glass of water.,Nka li-capsule tse peli ka maho a robeli le mohope o tletseng oa metsi.,WHO,medication-instructions-v1,,reviewed,
1629,Tuberculosis,Infectious TB patients should avoid crowded public spaces during the first two weeks of treatment.,Bakuli ba TB ba fetisoang ba lokela ho hana libaka tsa sechaba tse tletse batho nakong ea libeke tse peli tsa pele tsa phekolo.,CDC,tb-isolation-period,,reviewed,
1994,Medication Instructions,Apply the antifungal cream between the toes and to the surrounding skin.,Sebelisa cream ea antifungal lipakeng tsa menwana ea maoto le letlalong le potileng.,WHO,medication-instructions-v1,,reviewed,
2640,Medication Instructions,Inform your doctor if you are having difficulty accessing your medicine.,Tsebisa ngaka ea hau haeba u na le bothata ba ho fumana moriana oa hau.,WHO,medication-instructions-v1,,reviewed,
270,HIV,Home-based care programmes support people with advanced HIV who cannot travel to clinics.,Programme ya tshireletso ya ka gae e thusa batho ba a na le HIV e kgahlejago ba seng ba ka ya klinikeng.,WHO,hiv-home-care,,raw,
630,HIV,I have been healthy on ART for ten years and I still come to the clinic every three months.,Ke phela hantle holim'a ART ka lilemo tse leshome mme ke ntse ke tla klinikhing likhoeli tse tharo le tse tharo.,clinical_fieldwork,patient-hiv-long-term-care,,reviewed,
3082,Symptoms and Complaints,I feel a heaviness in my diaphragm when I breathe.,Ke ikutloa boima diaphragmeng ha ke hema.,WHO,symptoms-complaints-v1,,reviewed,
2335,Medication Instructions,This medicine may increase the risk of serotonin syndrome with other serotonergic drugs.,Moriana ona o ka eketsa kotsi ea serotonin syndrome le meriana e meng ea serotonergic.,WHO,medication-instructions-v1,,reviewed,
2967,Symptoms and Complaints,I have pain in my left hip that is worse when sitting.,Ke na le mahloko lethekeng la ka la molema a mpe ha ke lula.,WHO,symptoms-complaints-v1,,reviewed,
301,HIV,Caregivers of HIV-positive children need education and support to manage treatment.,Ba thusa bana ba nang le HIV ba hlokang thuto le thuso ho tseba hore ba tsebe ka kgwebo ya bona ya bophelo.,WHO,hiv-paediatric-caregiver-support,,raw,
460,HIV,People living with HIV have the right to marry and have children.,Batho ba phelang le HIV ba na le tokelo ea ho nyalana le ho ba le bana.,UNAIDS,hiv-human-rights,,reviewed,
1448,Tuberculosis,School attendance and educational continuity should be supported for children on TB treatment.,Ho ea sekolong le ho tsoela pele ha thuto ho lokela ho tsheheltsoa bakeng sa bana ba holim'a phekolo ea TB.,UNICEF,tb-children-school,,reviewed,
1473,Tuberculosis,"Micronutrient supplementation including zinc, vitamin D, and vitamin A may support TB treatment outcomes.","Ho eketsa micronutrient ho kenyelletsa zinc, vitamin D, le vitamin A ho ka tshehetsa liphetho tsa phekolo ea TB.",WHO,tb-micronutrient-supplementation,,reviewed,
2047,Medication Instructions,Keep the bottle tightly closed after each use.,Boloka botlolo e koaletse hantle ka mor'a tšebediso le 'ngoe le e 'ngoe.,WHO,medication-instructions-v1,,reviewed,
4229,Maternal and Child Health,My child has been having seizures and I am very worried.,Ngoana oa ka o ntse a na le ho thothomela mme ke na le khathello e kholo.,WHO,maternal-child-health-v1,,reviewed,
3765,Appointments and Follow-Up,I was told that support groups are available at the clinic.,Ke boletsoe hore lisehlopha tsa tshehetso li fumaneha klinikeng.,WHO,appointments-followup-v1,,reviewed,
2114,Medication Instructions,Store the drops in an upright position to prevent leakage.,Boloka litšoelelo e otlolohile ho thibela ho tsoa.,WHO,medication-instructions-v1,,reviewed,
28,HIV,Viral load should be tested six months after starting ART.,Bongata ba kokwanahloko (viral load) bo lokela ho hlahlojoa likhoeli tse tšeletseng ka mor'a hore u qale phekolo ea lithibela-mafofore (ART).,WHO,hiv-monitoring,,reviewed,
3840,Appointments and Follow-Up,I would like to know about home-based care services.,Ke rata ho tseba ka litšebeletso tsa tlhokomelo ea lapeng.,WHO,appointments-followup-v1,,reviewed,
4523,General Patient Education,Eat plenty of fruits and vegetables every day.,Ja lienyane le merogo e ngata letsatsi le leng le le leng.,WHO,general-patient-education-v1,,reviewed,
838,HIV,Knowing your HIV status is the first step to protecting yourself and others.,Ho tseba boemo ba hau ba HIV ke mohato oa pele oa ho itšireletsa le ho sireletsa ba bang.,WHO,hiv-testing-importance,,reviewed,
3827,Appointments and Follow-Up,I want to ask about family planning options while on ART.,Ke rata ho botsa ka likhetho tsa ho rererela lelapa ha ke ntse ke nka ART.,WHO,appointments-followup-v1,,reviewed,
2009,Medication Instructions,Inhale the corticosteroid inhaler and rinse your mouth with water afterwards.,Hema inhaler ea corticosteroid mme u hlatsoe molomo oa hau ka metsi ka mor'a moo.,WHO,medication-instructions-v1,,reviewed,
4908,General Patient Education,Mental health and physical health are closely connected.,Bophelo ba kelello le bophelo ba 'mele li amanane haufi.,WHO,general-patient-education-v1,,reviewed,
504,HIV,I lost my job when my employer found out I have HIV.,Ke ile ka tsoa mosebetsi ha moloko o mpontšang hore ke na HIV.,clinical_fieldwork,patient-hiv-discrimination,,raw,
3207,Symptoms and Complaints,I have been having episodes of sudden severe dizziness.,Ke ntse ke na le linako tsa ho potoloha ho matla ka tšohanyetso.,WHO,symptoms-complaints-v1,,reviewed,
4305,Maternal and Child Health,I was told not to give my child traditional medicines without advice.,Ke boletsoe ho se fe ngoana oa ka meriana ea setso ntle le keletso.,WHO,maternal-child-health-v1,,reviewed,
381,HIV,"A differentiated care package for advanced HIV disease includes OI screening, prophylaxis, and ART.","Pakage ya tshebetso e hlokegilego ya bolwetse bja HIV bjo bogolo e akaretsa OI screening, prophylaxis, le ART.",WHO,hiv-advanced-disease-care,,raw,
1852,Medication Instructions,Take one tablet in the morning and two at night.,Nka pilisi e le ngoe hoseng le tse peli bosiu.,WHO,medication-instructions-v1,,reviewed,
1526,Tuberculosis,Drug susceptibility testing helps determine which TB medicines will work for your infection.,Ho lekoa ha ho amehela ha meriana ho thusa ho bua hore na meriana efe ea TB e tla sebetsa tšoaetsong ea hau.,WHO,tb-dst,,reviewed,
2366,Medication Instructions,Do not take this medicine with antiulcer drugs without medical advice.,U se ke ua nka moriana ona le meriana ea antiulcer ntle le keletso ea ngaka.,WHO,medication-instructions-v1,,reviewed,
4148,Maternal and Child Health,I was given the contact number of the postnatal support line.,Ke neile nomoro ya founo ya thuso ya motshegetsi wa ka morao.,WHO,maternal-child-health-v1,,raw,
3053,Symptoms and Complaints,I have difficulty breathing and feel very cold.,Ke na le bothata ba ho hema mme ke ikutloa ke batile haholo.,WHO,symptoms-complaints-v1,,reviewed,
2885,Symptoms and Complaints,I have pain in my left side that is constant.,Ke na le mahloko lehlakoreng la ka la molema a tsoelang pele.,WHO,symptoms-complaints-v1,,reviewed,
2341,Medication Instructions,This medicine may interact with H2 blocker drugs; inform your doctor.,Moriana ona o ka kopana le meriana ea H2 blocker; tsebisa ngaka ea hau.,WHO,medication-instructions-v1,,reviewed,
375,HIV,Drug interactions between antimalarials and ART must be carefully considered.,Tswelepele ya ditherepo tsa mmedi ya go feta le malaria le ART e swanetse e tsebje ka khotso.,WHO,hiv-malaria-drug-interactions,,raw,
3261,Symptoms and Complaints,I have been having episodes of sudden severe thigh pain.,Ke ntse ke na le linako tsa mahloko a matla a serope ka tšohanyetso.,WHO,symptoms-complaints-v1,,reviewed,
2382,Medication Instructions,Do not take this medicine with antiprotozoal drugs without medical advice.,U se ke ua nka moriana ona le meriana ea antiprotozoal ntle le keletso ea ngaka.,WHO,medication-instructions-v1,,reviewed,
4310,Maternal and Child Health,I was advised to use a car seat for my child when travelling.,Ke keletsoeng ho sebelisa setulo sa koloi bakeng sa ngoana oa ka ha ke tsamaea.,WHO,maternal-child-health-v1,,reviewed,
940,HIV,I can see that you have been taking your medicine regularly and your results show it.,Ke bona hore u ntse u nka meriana ea hau ka mehla mme liphetho tsa hau li a bontša.,clinical_fieldwork,clinician-patient-communication,,reviewed,
4199,Maternal and Child Health,My child was given iron syrup for anaemia.,Mwana wa ka o ile a fumana sirepe ya irone ka anaemia.,WHO,maternal-child-health-v1,,raw,
4166,Maternal and Child Health,I have come for my child's five-year school entry vaccines.,Ke tlaletse ka mora ka woa o a hulela sekolo ka veksi ya masomehlano a yona.,WHO,maternal-child-health-v1,,raw,
2800,Symptoms and Complaints,I feel very sick and need to see a specialist.,Ke ikutloa ke kula haholo mme ke hloka ho bona ngaka e khethehileng.,WHO,symptoms-complaints-v1,,reviewed,
2148,Medication Instructions,Seek emergency help immediately if you develop difficulty breathing.,Batla thuso ea tšohanyetso hang hang haeba u ba le bothata ba ho hema.,WHO,medication-instructions-v1,,reviewed,
3818,Appointments and Follow-Up,I would like to know what to do if I miss a dose.,Ke rata ho tseba se ke se etsang haeba ke lahlehetsoe ke dose.,WHO,appointments-followup-v1,,reviewed,
4541,General Patient Education,Iron-rich foods such as red meat and spinach prevent anaemia.,Lijo tse nang le tšepe joalo ka nama e khubelu le spinach li thibela anaemia.,WHO,general-patient-education-v1,,reviewed,
4217,Maternal and Child Health,My child was diagnosed with pneumonia at the clinic.,Ngoana oa ka o hlahlojoe ka pneumonia klinikeng.,WHO,maternal-child-health-v1,,reviewed,
2069,Medication Instructions,"Store the powder for injection in a cool, dry place away from light.","Boloka phutholoho bakeng sa ente sebakeng se batang, se omileng hole le lesedi.",WHO,medication-instructions-v1,,reviewed,
530,HIV,Smoking cessation is especially important for people living with HIV.,Ho tsoa ho nyola ke tsela e ntle khasa ho batho ba phelang le HIV.,CDC_HIVNexus,hiv-smoking,,raw,
4605,General Patient Education,Listen to your body and rest if you feel pain during exercise.,Mamela 'mele oa hao mme o khutse haeba o ikutloa mahloko nakong ea ho itlama.,WHO,general-patient-education-v1,,reviewed,
637,HIV,Same-day ART initiation improves early retention in HIV care.,Ho qala ART letsatsi le leng le ho fuoa HIV ho ntlafatsa ho lula tlhokomelong ea HIV kapele.,WHO,art-same-day-initiation,,reviewed,
1270,Tuberculosis,Extensively drug-resistant TB (XDR-TB) is MDR-TB with resistance to fluoroquinolones and at least one Group A drug.,TB e hananang haholo le meriana (XDR-TB) ke MDR-TB e hananang le li-fluoroquinolone le bonyane moriana o le mong oa Sehlopha sa A.,WHO,tb-xdr,,reviewed,
186,HIV,"HIV is transmitted through contact with infected blood, semen, vaginal fluids, rectal fluids, or breast milk.","HIV e fetisoa ka ho kopana le mali a tšoaelitsoeng, peleu, lero la botšehali, lero la rectum, kapa lebese la letsoele.",CDC_HIVNexus,hiv-transmission,,reviewed,
4350,Maternal and Child Health,I would like information about permanent sterilisation.,Ke rata tlhahisoleseling ka ho emisa ho ba le bana ka ho sa khutleng.,WHO,maternal-child-health-v1,,reviewed,
3180,Symptoms and Complaints,I have been passing stools that are very thin.,Ke ntse ke fetisa manyelo a petšo haholo.,WHO,symptoms-complaints-v1,,reviewed,
3455,Symptoms and Complaints,I have a feeling of urgency related to my kidneys.,Ke na le maikutlo a ho hloka ka potlako a amanang le lipitso tsa ka.,WHO,symptoms-complaints-v1,,reviewed,
1798,Tuberculosis,Therapeutic drug monitoring measures drug levels in the blood to optimise TB treatment.,Ho hlahloja meriana ea phekolo ho lekola maemo a meriana maline ho ntlafatsa phekolo ea TB.,WHO,tb-patch-final,,reviewed,
2980,Symptoms and Complaints,I have a sharp pain in my right elbow.,Ke na le mahloko a bohale tsualikaneng la ka la le letona.,WHO,symptoms-complaints-v1,,reviewed,
1442,Tuberculosis,TB in children is often missed because symptoms overlap with other common childhood illnesses.,TB ho bana hangata e lahlehela hobane matšoao a tšoana le mafu a mang a tloaelehileng a bana.,WHO,tb-children-missed-diagnosis,,reviewed,
3428,Symptoms and Complaints,I have a feeling of pressure in my pelvis.,Ke na le maikutlo a khatello pelviseng ea ka.,WHO,symptoms-complaints-v1,,reviewed,
4875,General Patient Education,People living with chronic illness are at higher risk of depression.,Batho ba phelang le mahlwetse a tsoelang pele ba le kotsing e phahameng ea khutsanyetso.,WHO,general-patient-education-v1,,reviewed,
1536,Tuberculosis,"Rifampicin can turn your urine, sweat, and tears orange — this is normal and harmless.","Rifampicin e ka fetola moroto, molapo, le meokho ea hau e be orange — sena se tloaelehile mme ha se kotsi.",NHS,tb-rifampicin-side-effects,,reviewed,
3444,Symptoms and Complaints,I have a feeling of pressure in my bladder.,Ke na le maikutlo a khatello sebocong sa ka.,WHO,symptoms-complaints-v1,,reviewed,
1274,Tuberculosis,"The BPaL regimen — bedaquiline, pretomanid, and linezolid — is a newer shorter regimen for XDR-TB.","Moralo oa kalafo oa BPaL — bedaquiline, pretomanid, le linezolid — ke moralo o mocha o mokhuts’oane oa kalafo bakeng sa XDR-TB.",WHO,tb-bpal,,reviewed,
2468,Medication Instructions,"If you miss a dose of an antacid, take it as soon as you remember.","Haeba u lahlehetsoe ke dose ea antacid, e nke hang hang ha u hopola.",WHO,medication-instructions-v1,,reviewed,
608,HIV,Adherence clubs bring together groups of stable HIV patients to collect medicines together.,Maklabo a ho latela a koahanya lihlopha tsa bakuli ba HIV ba tsitsitseng ho kgotha meriana hammoho.,DOH_SA,hiv-adherence-clubs,,reviewed,
3514,Appointments and Follow-Up,I need to book an appointment for a wound dressing.,Ke hloka ho buka appointment bakeng sa ho koahela ntoa.,WHO,appointments-followup-v1,,reviewed,
1713,Tuberculosis,Urine lipoarabinomannan testing helps diagnose TB in people living with advanced HIV.,Ho lekoa ha lipoarabinomannan ea moroto ho thusa ho fumana TB ho batho ba phelang le HIV e tsoelang pele.,WHO,tb-lam,,reviewed,
2200,Medication Instructions,This medicine may cause stomach cramps; inform your doctor if they are severe.,Moriana ona o ka baka ho tšoaroa ha mala; tsebisa ngaka ea hau haeba ho matla.,WHO,medication-instructions-v1,,reviewed,
956,HIV,Post-exposure prophylaxis (PEP) must be started within 72 hours of a potential HIV exposure.,Prophylaxis ka mora ho hlahisoa (PEP) e lokela ho qaloa ka hare ho maho a 72 ka mor'a ho ba kotsing ea HIV.,WHO,hiv-pep,,reviewed,
2580,Medication Instructions,Give the medicine to the child using a medicine dropper for children under one year.,Fana ka moriana ho ngoana ka ho sebelisa medicine dropper bakeng sa bana ba tlase ho selemo se le seng.,WHO,medication-instructions-v1,,reviewed,
3898,Appointments and Follow-Up,I could not attend because I did not understand the appointment date.,Ha ke a khona ho tla hobane ha ke a utloisisa letsatsi la appointment.,WHO,appointments-followup-v1,,reviewed,
4426,General Patient Education,Reducing stress improves your mental and physical health.,Ho fokotsa khatello ea maikutlo ho ntlafatsa bophelo ba hao ba kelello le ba 'mele.,WHO,general-patient-education-v1,,reviewed,
3381,Symptoms and Complaints,I have a change in the texture of my eyelid.,Ke na le phetoho sebopehing sa letlalo la sefahleho sa leihlo la ka.,WHO,symptoms-complaints-v1,,reviewed,
3686,Appointments and Follow-Up,The doctor asked if I have any questions.,Ngaka e botšitse haeba ke na le lipotso tse ling.,WHO,appointments-followup-v1,,reviewed,
404,HIV,I have HIV and my eyes have been getting blurry over the past few weeks.,Ke na le HIV mme mahlo a ka a bile a fifala libeke tse fetileng tse itseng.,clinical_fieldwork,patient-oi-symptoms,,reviewed,
2072,Medication Instructions,Store the reconstituted solution in the refrigerator and use within twenty-four hours.,Boloka setšoelo se busitoeng friji mme u sebelise ka hare ho maho a mashome a mabeli le mane.,WHO,medication-instructions-v1,,reviewed,
4756,General Patient Education,Older adults have the right to dignified and respectful care.,Batho ba baholo ba na le tokelo ea tlhokomelo e nang le tlotlo le hlompho.,WHO,general-patient-education-v1,,reviewed,
1978,Medication Instructions,Place the sublingual film under the tongue and allow it to dissolve.,Beha sublingual film tlase ho leleme mme u e lumelle ho nyamela.,WHO,medication-instructions-v1,,reviewed,
159,HIV,Herbal remedies and traditional medicines can interact with ART.,Litlhare tsa litlama le meriana ea setso (herbal remedies and traditional medicines) li ka thulana kapa tsa kena-kenana le tšebetso ea meriana ea ART (interact with ART).,WHO,hiv-traditional-medicine,,reviewed,
1749,Tuberculosis,TB programme data should be reviewed regularly to identify gaps and improve services.,Data ea lenaneo la TB e lokela ho hlahlojoa ka mehla ho tseba maqeba le ho ntlafatsa litshebeletso.,WHO,tb-data-review,,reviewed,
2910,Symptoms and Complaints,I have a dull pain in my lower right abdomen.,Ke na le mahloko a fokolang mpeng ea ka e tlase ea le letona.,WHO,symptoms-complaints-v1,,reviewed,
3535,Appointments and Follow-Up,I need to make an appointment for a breast examination.,Ke hloka ho etsa appointment bakeng sa tlhahlobo ea letsoele.,WHO,appointments-followup-v1,,reviewed,
903,HIV,AIDS-related deaths have declined by more than 60 percent since the peak in 2004.,Lifu tse amanang le AIDS li theohile ka ho feta pesente ea 60 ho tloha nako ea bongata ka 2004.,UNAIDS,hiv-mortality-trends,,reviewed,
353,HIV,Efavirenz-based ART is preferred in people receiving rifampicin-based TB treatment.,Efavirenz e hlokega ho batho ba amohelang tšireletso ya TB e etelletseng rifampicin.,WHO,hiv-tb-drug-interactions,,raw,
1231,Tuberculosis,"Isoniazid inhibits the metabolism of phenytoin, potentially causing phenytoin toxicity.","Isoniazid e sitisa ho senyeha ha phenytoin ’meleng, e leng se ka bakang chefo ea phenytoin.",NIH,tb-isoniazid-phenytoin,,reviewed,
4671,General Patient Education,Chronic obstructive pulmonary disease is a serious lung condition.,Bolwetse ba matšoafo ba thibelo ba tsoelang pele ke boemo ba matšoafo bo bobe.,WHO,general-patient-education-v1,,reviewed,
2141,Medication Instructions,Store the medication in a location that is protected from light and moisture.,Boloka moriana sebakeng se sireleditsoeng ho tsoa leseding le metsin.,WHO,medication-instructions-v1,,reviewed,
445,HIV,Integrated social support is essential for homeless people living with HIV.,Tshehetso e kopaneng ea sechaba e bohlokoa bakeng sa batho ba hlokang ntlo ba phelang le HIV.,WHO,hiv-homeless-support,,reviewed,
4949,General Patient Education,Learn basic first aid skills to help in an emergency.,Ithuta bokgoni ba motheo ba thuso ea pele ho thusa nakong ea tšohanyetso.,WHO,general-patient-education-v1,,reviewed,
755,HIV,HIV-positive people who are employed report better mental health and quality of life.,Batho ba nang le HIV ba sebetsang ba bua ka bophelo bo botle ba kelello le boleng ba bophelo bo ntlafetseng.,ILO,hiv-employment-mental-health,,reviewed,
1738,Tuberculosis,New TB vaccines are currently being tested in clinical trials around the world.,Liente tse ncha tsa TB li sa ntse li lekoa lihlahlobong tsa kliniki lefatšeng lohle joale.,WHO,tb-vaccine-research,,reviewed,
2972,Symptoms and Complaints,I have a burning sensation in my left ankle.,Ke na le maikutlo a ho chesa ankele ea ka ea molema.,WHO,symptoms-complaints-v1,,reviewed,
4980,General Patient Education,Antibiotics should only be taken when prescribed by a doctor.,Li-antibiotic li lokela ho nkoa feela ha li laetsoe ke ngaka.,WHO,general-patient-education-v1,,reviewed,
2921,Symptoms and Complaints,I have pain in my left elbow that is getting worse.,Ke na le mahloko tsualikaneng la ka la molema a mpe.,WHO,symptoms-complaints-v1,,reviewed,
312,HIV,HIV-exposed infants should be tested using a PCR test at six weeks of age.,Bana ba nang le HIV ba fetohelele ho tlahlojwa ka PCR test ho tsoa ka beke e tlaletsang mashome a mabedi a bocha.,WHO,pmtct-eid,,raw,
549,HIV,Yoga and meditation can help reduce stress and improve quality of life for people living with HIV.,Yoga le meditashiona ke tša thusa go fokotsa sefahleho le go hlokomela bophelo bjo bo botswa kwa batho ba a tsamayang le HIV.,PMC,hiv-stress-management,,raw,
4053,Maternal and Child Health,I was told to count my baby's movements every day.,Ke ile ka laledwa ke hore ke bonye ditshupetso tsa ka boraro ka heso.,WHO,maternal-child-health-v1,,raw,
4762,General Patient Education,Involuntary treatment can only be applied under specific legal conditions.,Phekolo e sa rateheng e ka sebelisoa feela maemong a khethehileng a molao.,WHO,general-patient-education-v1,,reviewed,
1990,Medication Instructions,Administer the subcutaneous injection by pinching the skin before inserting the needle.,Fana ka ente ea ka tlase ho letlalo ka ho kama letlalo pele ho kenya inaliti.,WHO,medication-instructions-v1,,reviewed,
307,HIV,ART started during pregnancy should be continued for life.,ART e qalang ka ngwanelo e fetohelele ho tswelela ho sa feleng.,WHO,pmtct-lifelong-art,,raw,
2336,Medication Instructions,Avoid taking high-dose vitamin K supplements at the same time as this medicine.,Hana ho nka lisebelisoa tsa vitamin K tsa dose e phahameng ka nako e tšoanang le moriana ona.,WHO,medication-instructions-v1,,reviewed,
695,HIV,Loss to follow-up in PMTCT programmes puts both mothers and babies at risk.,Ho lahlehela ho latela mananeo a PMTCT ho beha bomme le bana kotsing.,UNICEF,pmtct-ltfu,,reviewed,
2357,Medication Instructions,This medicine may interact with dopamine agonist drugs; inform your doctor.,Moriana ona o ka kopana le meriana ea dopamine agonist; tsebisa ngaka ea hau.,WHO,medication-instructions-v1,,reviewed,
1928,Medication Instructions,"Take one tablet every morning, noon, and night.","Nka pilisi e le ngoe hoseng, motsheare, le bosiu.",WHO,medication-instructions-v1,,reviewed,
685,HIV,Sterile injection equipment should always be used to prevent HIV transmission.,Lisebelisoa tsa ho kenya ka mesipi tse hloekileng li lokela ho sebelisoa kamehla ho thibela phetisetso ea HIV.,WHO,hiv-injection-safety,,reviewed,
750,HIV,Group therapy for people living with HIV reduces depression and improves quality of life.,Phekolo ea sehlopha bakeng sa batho ba phelang le HIV e fokotsa ho nyamela le ho ntlafatsa boleng ba bophelo.,PMC,hiv-group-therapy,,reviewed,
4009,Maternal and Child Health,I am in my first trimester and feeling very nauseous.,Ke le ka trimesta ya pele le ke na le bohloko ba mala.,WHO,maternal-child-health-v1,,raw,
1267,Tuberculosis,Multidrug-resistant TB (MDR-TB) is resistant to at least isoniazid and rifampicin.,TB e hananang le meriana e mengata (MDR-TB) e hanana bonyane le isoniazid le rifampicin.,WHO,tb-mdr,,reviewed,
3286,Symptoms and Complaints,I have difficulty with my judgment and make poor decisions.,Ke na le bothata ba ho etsa kahlolo mme ke etsa liqeto tse mpe.,WHO,symptoms-complaints-v1,,reviewed,
3530,Appointments and Follow-Up,Can I book an appointment for a sputum test?,Na nka buka appointment bakeng sa tlhahlobo ea sputum?,WHO,appointments-followup-v1,,reviewed,
4424,General Patient Education,Drinking enough water every day is important for your health.,Ho noa metsi a lekaneng letsatsi le leng le le leng ho bohlokoa bakeng sa bophelo ba hao.,WHO,general-patient-education-v1,,reviewed,
3985,Appointments and Follow-Up,I am grateful for the care and support I received at the clinic.,Ke leboha tlhokomelo le tshehetso eo ke e amohelang klinikeng.,WHO,appointments-followup-v1,,reviewed,
3084,Symptoms and Complaints,I am coughing up mucus with a fishy smell.,Ke kohoa mucus e nang le monko oa tlhapi.,WHO,symptoms-complaints-v1,,reviewed,
3062,Symptoms and Complaints,I feel a heaviness in my lungs when I breathe.,Ke ikutloa boima matšoafong ha ke hema.,WHO,symptoms-complaints-v1,,reviewed,
3026,Symptoms and Complaints,I feel a squeezing sensation in my chest when I breathe.,Ke ikutloa maikutlo a ho kama sefubeng ha ke hema.,WHO,symptoms-complaints-v1,,reviewed,
971,HIV,Drug resistance testing helps clinicians select the most effective ART regimen for each patient.,Ho lekoa ha khakanyo ea meriana ho thusa lingaka tsa kliniki ho khetha leano la ART le sebetsang ka ho fetisisa bakeng sa mokuloi e mong le e mong.,WHO,hiv-drug-resistance,,reviewed,
14,HIV,Do not stop taking your ART even if you feel healthy.,U se ke ua tlohela ho nwa phekolo ea lithibela-mafofore (ART) leha u ikutloa u phetse hantle e bile u le matla.,NIH_HIVinfo,art-adherence,,reviewed,
874,HIV,Self-stigma occurs when a person internalises negative beliefs about their HIV status.,Kekello ea motho ka bo eena e etsahala ha motho a amohela mehopolo e mebe ka boemo ba hae ba HIV.,UNAIDS,hiv-self-stigma,,reviewed,
809,HIV,I completed my TB treatment six months ago but I am still coughing.,Ke phethetse phekolo ea TB likhoeli tse tšeletseng tse fetileng empa ke ntse ke kohoa.,clinical_fieldwork,patient-hiv-tb-recurrence,,reviewed,
3199,Symptoms and Complaints,I have been having episodes of loss of consciousness.,Ke ntse ke na le linako tsa ho lahleheloa ke tsoebing.,WHO,symptoms-complaints-v1,,reviewed,
515,HIV,Celebrating World AIDS Day on December 1st raises awareness and shows solidarity.,"Go fetisaletswe Letsatsi la AIDS la Lehae ka la 1 December, le etsa hlokomela le ho bontšha tshepo.",UNAIDS,hiv-world-aids-day,,raw,
4473,General Patient Education,Clean and disinfect frequently touched surfaces regularly.,Hlotsa le disinfect meaho e amoang hangata ka mehla.,WHO,general-patient-education-v1,,reviewed,
410,HIV,Stable HIV patients on ART can collect up to three months of medicine at a time.,Bakuli ba HIV ba tsitsitseng ba holim'a ART ba ka kgotha meriana ea likhoeli tse tharo ka nako e le ngoe.,DOH_SA,hiv-mmd,,reviewed,
3409,Symptoms and Complaints,I have a discharge from my nipple.,Ke na le seretse se tsoang ntlheng ea letsoele la ka.,WHO,symptoms-complaints-v1,,reviewed,
4343,Maternal and Child Health,I would like information about the contraceptive ring.,Ke rata tlhahisoleseling ka mothalo oa thibelo ea ho mitsa.,WHO,maternal-child-health-v1,,reviewed,
208,HIV,People on PrEP should be tested for HIV every three months.,Batho ba sebelisang PrEP ba lokela ho hlahlobeloa HIV likhoeli tse ling le tse ling tse tharo.,WHO,hiv-prep-monitoring,,reviewed,
3692,Appointments and Follow-Up,The doctor told me to call if my symptoms get worse.,Ngaka e mpoleletse ho letsetsa haeba matšoao a ka a mpe.,WHO,appointments-followup-v1,,reviewed,
459,HIV,Forced HIV testing is a violation of human rights and undermines public health.,Ho qobelloa ho hlahlobeloa HIV ke tlolo ea litokelo tsa botho mme ho senya bophelo bo botle ba sechaba.,WHO,hiv-human-rights,,reviewed,
3472,Symptoms and Complaints,I have a feeling of pressure in my renal medulla.,Ke na le maikutlo a khatello renal medulleng ea ka.,WHO,symptoms-complaints-v1,,reviewed,
2431,Medication Instructions,Do not take a double dose of a diuretic if you miss one.,U se ke ua nka dose e habeli ea diuretic haeba u lahlehetsoe ke e le ngoe.,WHO,medication-instructions-v1,,reviewed,
3658,Appointments and Follow-Up,The doctor changed my medication dose at the follow-up.,Ngaka e fetotsoe dose ea moriana oa ka ho latela.,WHO,appointments-followup-v1,,reviewed,
111,HIV,Prevention of mother-to-child transmission programmes save thousands of babies from HIV every year.,Mananeo a ho thibela phetiso ea HIV ho tloha ho 'm'e ho ea ho ngoana a pholosa masea a likete selemo le selemo.,UNICEF,pmtct-overview,,reviewed,
4590,General Patient Education,Exercise improves your energy levels and reduces fatigue.,Ho itlama ho ntlafatsa maemo a matla a hao le ho fokotsa ho lapala.,WHO,general-patient-education-v1,,reviewed,
4045,Maternal and Child Health,I was told to go to the hospital immediately if I experience bleeding.,Ke ile ya tsibiswa ke tsamaye kongpong e kgabong ha ke hlahisa madi.,WHO,maternal-child-health-v1,,raw,
1884,Medication Instructions,Take one tablet three times a day for seven days.,Nka pilisi e le ngoe habeli ka letsatsi ka matsatsi a supileng.,WHO,medication-instructions-v1,,reviewed,
1714,Tuberculosis,Stool-based TB testing is being developed for children who cannot produce sputum.,Ho lekoa ha TB ho thehiloeng holim'a manyolo ho ntšoa bakeng sa bana ba ke ke ba hlahisa mathe.,WHO,tb-stool-test,,reviewed,
3959,Appointments and Follow-Up,I was advised to rest for two weeks after my procedure.,Ke keletsoeng ho khutsa libeke tse peli ka mor'a ts'ebetso ea ka.,WHO,appointments-followup-v1,,reviewed,
3400,Symptoms and Complaints,I have swelling in my scrotum.,Ke na le ho ruruha scrotumeng ea ka.,WHO,symptoms-complaints-v1,,reviewed,
553,HIV,Keep ART medicines in your hand luggage when travelling by air.,Hloka ditherepe tsa hau tsa ART ka matšwele a hau ha u tsamaya ka lefelelo.,NIH_HIVinfo,hiv-travel,,raw,
1440,Tuberculosis,Children under five years are at the highest risk of severe TB disease after infection.,Bana ba tlase ho lilemo tse hlano ba leng kotsing e phahameng ka ho fetisisa ea bolwetse ba TB bo matla ka mor'a tšoaetso.,WHO,tb-children-risk,,reviewed,
2271,Medication Instructions,Contact your doctor if you develop a persistent itching sensation in the body.,Ikopanye le ngaka ea hau haeba u ba le maikutlo a ho hlohlona a tsoelang pele 'meleng.,WHO,medication-instructions-v1,,reviewed,
3145,Symptoms and Complaints,I have a burning pain in my upper abdomen.,Ke na le mahloko a ho chesa mpeng ea ka e holimo.,WHO,symptoms-complaints-v1,,reviewed,
2822,Symptoms and Complaints,I feel my body is not coping with the illness.,Ke ikutloa 'mele oa ka ha o mamelle bolwetse.,WHO,symptoms-complaints-v1,,reviewed,
4782,General Patient Education,The clinic social worker can help you access social support services.,Mosebetsi oa sechaba oa kliniki o ka thusa ho fihlela litšebeletso tsa tshehetso ea sechaba.,WHO,general-patient-education-v1,,reviewed,
1926,Medication Instructions,"Take one capsule once daily, swallowed whole with water.","Nka capsule e le ngoe ka nako e le ngoe letsatsi le leng le le leng, e metsooa ka botlalo le metsi.",WHO,medication-instructions-v1,,reviewed,
635,HIV,HIV has taught me to take care of my health and I am grateful for the treatment that keeps me alive.,HIV e nthutile ho hlokomela bophelo ba ka mme ke leboha phekolo e npolokang ke phela.,clinical_fieldwork,patient-hiv-gratitude,,reviewed,
4806,General Patient Education,Check the expiry date on the condom before using it.,Hlahloba letsatsi la ho fela la condom pele ho e sebelisa.,WHO,general-patient-education-v1,,reviewed,
317,HIV,Mixed feeding increases the risk of HIV transmission through the gut of the baby.,Go dija ka tsela e ipiletseng e fokotsa kotsi ya go feta HIV ka molomo wa ngwana.,UNICEF,pmtct-infant-feeding,,raw,
4218,Maternal and Child Health,My child was admitted to hospital for pneumonia treatment.,Ngoana oa ka o kenngoe sepetleleng bakeng sa phekolo ea pneumonia.,WHO,maternal-child-health-v1,,reviewed,
4700,General Patient Education,Early detection of cancer greatly improves treatment outcomes.,Ho fumana kankere kapele ho ntlafatsa haholo liphetho tsa phekolo.,WHO,general-patient-education-v1,,reviewed,
1329,Tuberculosis,The 1-month daily isoniazid and rifapentine (1HP) regimen is the shortest approved TPT option.,Moralo oa khoeli e 1 oa isoniazid le rifapentine tse nooang letsatsi le letsatsi (1HP) ke khetho ea TPT e khuts’oane ka ho fetisisa e amohetsoeng.,WHO,tb-1hp-tpt,,reviewed,
428,HIV,Key populations face stigma and discrimination that prevent them from accessing HIV services.,Sechaba se bohlokoa se tobana le kekello le khethollo tse se thibelang ho fihlella litshebeletso tsa HIV.,UNAIDS,hiv-key-populations-barriers,,reviewed,
4375,Maternal and Child Health,I was told about the benefits of waiting at least two years between pregnancies.,Ke boletsoe ka melemo ea ho ema bonyane lilomo tse peli lipakeng tsa likhutsana.,WHO,maternal-child-health-v1,,reviewed,
106,HIV,Needle exchange programmes reduce HIV transmission among people who inject drugs.,Mananeo a ho fapanyetsana linale a fokotsa phetiso ea HIV har'a batho ba itlhahisang meriana kapa lithethefatsi ka linale.,UNAIDS,hiv-prevention-pwid,,reviewed,
3042,Symptoms and Complaints,I feel a heaviness in my throat when I breathe.,Ke ikutloa boima molaleng ha ke hema.,WHO,symptoms-complaints-v1,,reviewed,
143,HIV,Mental health support should be integrated into HIV care.,Tšehetso ea bophelo bo botle ba kelello (mental health support) e lokela ho kenyeletsoa le ho loantšoa mmoho le tlhokomelo ea HIV.,WHO,hiv-mental-health,,reviewed,
2170,Medication Instructions,"This medicine may cause loss of appetite; try eating small, frequent meals.","Moriana ona o ka baka ho lahleheloa ke takatso ea lijo; leka ho ja lijo tse nyenyane, hangata.",WHO,medication-instructions-v1,,reviewed,
3459,Symptoms and Complaints,I have a feeling of pressure in my ureters.,Ke na le maikutlo a khatello li-ureter tsa ka.,WHO,symptoms-complaints-v1,,reviewed,
90,HIV,Stress management is important for people living with HIV.,Stress management is very important for people living with HIV.,CDC_HIVNexus,hiv-mental-health,,reviewed,
2919,Symptoms and Complaints,I have pain in my right shoulder that is constant.,Ke na le mahloko hetleng ea ka ea le letona a tsoelang pele.,WHO,symptoms-complaints-v1,,reviewed,
3238,Symptoms and Complaints,I have difficulty with my taste and everything tastes strange.,Ke na le bothata ba tatso mme ntho tsohle li noa li le moqo.,WHO,symptoms-complaints-v1,,reviewed,
2242,Medication Instructions,This medicine may cause increased sensitivity to cold and heat.,Moriana ona o ka baka ho amehela haholo mochesong o bata le o chesang.,WHO,medication-instructions-v1,,reviewed,
3175,Symptoms and Complaints,I have a sharp pain in my upper left abdomen.,Ke na le mahloko a bohale mpeng ea ka e holimo ea molema.,WHO,symptoms-complaints-v1,,reviewed,
3413,Symptoms and Complaints,I have difficulty controlling my urine.,Ke na le bothata ba ho laola moroto oa ka.,WHO,symptoms-complaints-v1,,reviewed,
2164,Medication Instructions,This medicine may cause hair loss; this is usually temporary.,Moriana ona o ka baka ho lahleheloa ke moriri; sena hangata ke sa nakoana.,WHO,medication-instructions-v1,,reviewed,
2637,Medication Instructions,Do not take your medicine with herbal teas unless instructed.,U se ke ua nka moriana oa hau le li-tee tsa semela ntle le haeba ho laetsoe.,WHO,medication-instructions-v1,,reviewed,
1950,Medication Instructions,Inhale one puff from the inhaler and hold your breath for ten seconds.,Hema phelo e le ngoe ho tsoa ho inhaler mme u tšoare moya oa hau ka metsotso e leshome.,WHO,medication-instructions-v1,,reviewed,
1769,Tuberculosis,"Post-primary TB, also called reactivation TB, occurs when latent infection becomes active.","TB ea ka mor'a ea pele, e bitsoa hape TB ea ho vuseletsa, e etsahala ha tšoaetso e patileng e sebetsa.",CDC,tb-reactivation,,reviewed,
4291,Maternal and Child Health,I was told to take my child for regular dental check-ups.,Ke boletsoe ho nka ngoana oa ka litlhahlobong tsa meno tsa kamehla.,WHO,maternal-child-health-v1,,reviewed,
2273,Medication Instructions,Seek medical attention if you develop signs of a serious ear reaction.,Batla tlhokomelo ea ngaka haeba u ba le lišoaetso tsa karabelo e matla ea tsebe.,WHO,medication-instructions-v1,,reviewed,
2,HIV,All people living with HIV should receive antiretroviral therapy regardless of their CD4 count.,Batho bohle ba phelang le tšoaetso ea HIV ba lokela ho fumana phekolo ea lithibela-mafofore (antiretroviral therapy) ho sa tsotellehe boemo ba lisele tsa bona tsa tšireletso tsa CD4 (CD4 count).,WHO,art-initiation,,verified,
3283,Symptoms and Complaints,I have been having episodes of sudden severe ring finger pain.,Ke ntse ke na le linako tsa mahloko a matla a monwana oa mothalo ka tšohanyetso.,WHO,symptoms-complaints-v1,,reviewed,
4958,General Patient Education,Ageing is a natural process that requires ongoing health management.,Ho hola ke ts'ebetso ea tlhaho e hlokang taolo ea bophelo e tsoelang pele.,WHO,general-patient-education-v1,,reviewed,
1952,Medication Instructions,Administer the injection into the upper outer quadrant of the buttock.,Fana ka ente karolo ea holimo ea kantle ea letheka.,WHO,medication-instructions-v1,,reviewed,
936,HIV,Starting treatment today will protect your health and prevent you from passing HIV to others.,Ho qala phekolo kajeno ho tla sireletsa bophelo ba hau le ho thibela hore u fetisele HIV ho ba bang.,clinical_fieldwork,clinician-patient-communication,,reviewed,
4297,Maternal and Child Health,I was advised to use a mosquito net for my child at night.,Ke keletsoeng ho sebelisa nete ea likhoasane bakeng sa ngoana oa ka bosiu.,WHO,maternal-child-health-v1,,reviewed,
2721,Symptoms and Complaints,I have been feeling generally unwell for two weeks.,Ke ntse ke ikutloa ke sa phela hantle ka kakaretso ka libeke tse peli.,WHO,symptoms-complaints-v1,,reviewed,
4448,General Patient Education,Following your treatment plan improves your health outcomes.,Ho latela leano la phekolo ea hao ho ntlafatsa liphetho tsa bophelo ba hao.,WHO,general-patient-education-v1,,reviewed,
1110,Tuberculosis,Regular TB screening of healthcare workers protects both staff and patients.,Ho hlahlobeloa ha TB ha kamehla ha basebetsi ba bophelo bo botle ho sireletsa basebetsi le bakuli.,CDC,tb-hcw-screening,,reviewed,
3961,Appointments and Follow-Up,I was told to avoid strenuous activity for one month.,Ke boletsoe ho hana mesebetsi e boima bakeng sa khoeli e le ngoe.,WHO,appointments-followup-v1,,reviewed,
592,HIV,I want to know if I can take traditional medicine alongside my HIV treatment.,Ke batla ho tseba ha ke ka kgona ho ja medicine ya setso ka tsela e itseng le tšhebetšo ya HIV.,clinical_fieldwork,patient-traditional-medicine,,raw,
1696,Tuberculosis,People with symptoms of TB should not wait — seek testing at your nearest clinic today.,Batho ba nang le matšoao a TB ha ba lokela ho ema — batla liteko klinikhing ea hau e haufi kajeno.,DOH_SA,tb-seek-care,,reviewed,
3451,Symptoms and Complaints,I have a feeling of incomplete emptying of my urethra.,Ke na le maikutlo a hore urethra ea ka ha e phele ka botlalo.,WHO,symptoms-complaints-v1,,reviewed,
2937,Symptoms and Complaints,I have pain in my right knee that radiates to my calf.,Ke na le mahloko mangoleng a ka a le letona a isisoang letsoalikaneng la ka.,WHO,symptoms-complaints-v1,,reviewed,
4205,Maternal and Child Health,My child has been having a high fever for three days.,Ngoana oa ka o ntse a na le feberu e phahameng matsatsi a mararo.,WHO,maternal-child-health-v1,,reviewed,
3412,Symptoms and Complaints,I have a lump in my groin.,Ke na le sekhulo groineng ea ka.,WHO,symptoms-complaints-v1,,reviewed,
1577,Tuberculosis,Malnutrition is the single largest risk factor for tuberculosis globally.,Ho hloka phepo ke ntlha e le 'ngoe e kholo ka ho fetisisa ea kotsi ea tuberculosis lefatšeng lohle.,WHO,tb-malnutrition,,reviewed,
3955,Appointments and Follow-Up,I felt reassured after speaking with the doctor at my follow-up.,Ke ikutloa ke tsitsitsoe ka mor'a ho bua le ngaka ho latela ha ka.,WHO,appointments-followup-v1,,reviewed,
214,HIV,Pre-test counselling explains what HIV is and what the test involves.,Keletso e ntoeng pele ho hlahlobo e hlalosa hore na HIV ke eng le hore na hlahlobo e kenyelletsa eng.,CDC_HIVNexus,hiv-counselling,,reviewed,
779,HIV,ART stockouts at health facilities lead to treatment interruptions and resistance.,Ho fela ha ART likamoreng tsa bophelo bo botle ho lebisa ho emisa ha phekolo le khakanyo.,MSF,hiv-stockouts,,reviewed,
1416,Tuberculosis,"Improving living conditions, reducing overcrowding, and addressing poverty are essential for TB prevention.","Ho ntlafatsa maemo a bophelo, ho fokotsa ho tletse batho, le ho sebetsana le bofuma ke tsa bohlokoa bakeng sa thibelo ea TB.",WHO,tb-prevention-social,,reviewed,
3760,Appointments and Follow-Up,I was reminded that exercise helps manage my condition.,Ke khumamisitsoe hore ho itlama ho thusa ho laola boemo ba ka.,WHO,appointments-followup-v1,,reviewed,
2044,Medication Instructions,Keep out of direct sunlight and away from heat sources.,Boloka kantle ho letsatsi la kotloloho le hole ho mehloli ea mocheso.,WHO,medication-instructions-v1,,reviewed,
2849,Symptoms and Complaints,I have pain in my right side under my ribs.,Ke na le mahloko lehlakoreng la ka la le letona tlase ho marapo a sefuba.,WHO,symptoms-complaints-v1,,reviewed,
4538,General Patient Education,Choose foods that are low in saturated fat and cholesterol.,Khetha lijo tse tlase ho mafura a saturated le cholesterol.,WHO,general-patient-education-v1,,reviewed,
3506,Appointments and Follow-Up,Can I schedule an appointment for my child?,Na nka rerela appointment bakeng sa ngoana oa ka?,WHO,appointments-followup-v1,,reviewed,
3814,Appointments and Follow-Up,I would like to know when my next appointment should be.,Ke rata ho tseba nako eo appointment ea ka e latelang e lokela ho ba teng.,WHO,appointments-followup-v1,,reviewed,
1568,Tuberculosis,Cough hygiene — covering your mouth when coughing — helps prevent TB transmission.,Bohloeki ba ho kohoa — ho khupetsa molomo oa hau ha u kohoa — bo thusa ho thibela phetisetso ea TB.,CDC,tb-cough-hygiene,,reviewed,
166,HIV,Oral health problems such as thrush and gum disease are common in people with HIV.,"Mathata a bophelo bo botle ba molomo, a kang tšea (thrush) le lefu la marinini (gum disease), a tloaelehile ho batho ba phelang le HIV.",CDC_HIVNexus,hiv-oral-health,,reviewed,
4715,General Patient Education,Take your thyroid medication at the same time every day.,Nka moriana oa thyroid ka nako e tšoanang letsatsi le leng le le leng.,WHO,general-patient-education-v1,,reviewed,
4273,Maternal and Child Health,I was advised to use clean utensils when feeding my baby.,Ke keletsoeng ho sebelisa lisebelisoa tse hloekileng ha ke fepa ngoana oa ka.,WHO,maternal-child-health-v1,,reviewed,
4927,General Patient Education,Faith communities play an important role in health promotion.,Sechaba sa tumelo se bapala karolo ea bohlokoa ho khothaletseng bophelo bo botle.,WHO,general-patient-education-v1,,reviewed,
1344,Tuberculosis,TB screening should be part of routine antenatal care in high-burden settings.,Tlhahlobo ea TB e lokela ho ba karolo ea tlhokomelo e tloaelehileng ea bakhachane libakeng tse nang le moroalo o phahameng oa TB.,WHO,tb-anc-screening,,reviewed,
2014,Medication Instructions,Administer the intramuscular injection into the anterolateral thigh in young children.,Fana ka ente ea ka hare ho mochine ka hare ho anterolateral thigh ho bana ba banyenyane.,WHO,medication-instructions-v1,,reviewed,
274,HIV,Social protection programmes help people living with HIV meet their basic needs.,Mehlala ya tšehetso ya setšhaba e thusa batho ba phelang le HIV ho kgona ho fumana diteko tsa bone tsa mahlong.,UNAIDS,hiv-social-protection,,raw,
72,HIV,Pneumocystis pneumonia is a serious lung infection that can occur in people with low CD4 counts.,Lefu la matšofong la Pneumocystis pneumonia ke tšoaetso e mpe haholo ea matšofong e ka hlahang ho batho ba nang le lipalo tse tlase tsa masole a mmele a CD4 (low CD4 counts).,NIH_HIVinfo,opportunistic-infections,,reviewed,
3888,Appointments and Follow-Up,I did not come because I lost my clinic card.,Ha ke a tla hobane ke lahlile karete ea ka ea kliniki.,WHO,appointments-followup-v1,,reviewed,
1088,Tuberculosis,All TB patients should be tested for HIV at the time of TB diagnosis.,Bakuli bohle ba TB ba lokela ho hlahlobeloa HIV nako ea tlhahlobo ea TB.,WHO,tb-hiv-cotesting,,reviewed,
395,HIV,Long-acting injectable ART is a new option for people who have difficulty taking daily pills.,Lenaneo la ART le etswang ke mantswe le pholile ke kgetho e ntjha kwa ao ba sa kweng ba phaphathi ba matsatsi a sile.,NIH_HIVinfo,art-long-acting,,raw,
584,HIV,Culturally appropriate HIV counselling improves acceptance of testing and treatment.,Thibo ya khansele ya setso e oketseka kahlolo ya tshebetso le tšebetso ya HIV.,UNAIDS,hiv-cultural-counselling,,raw,
1368,Tuberculosis,Community education campaigns can reduce TB stigma by promoting accurate information.,Matšolo a thuto sechabeng a ka fokotsa sekhobo sa TB ka ho khothalletsa tlhahisoleseling e nepahetseng.,UNAIDS,tb-stigma-education,,reviewed,
4988,General Patient Education,Do not give adult medications to children without medical advice.,O se ke oa fa bana meriana ea batho ba baholo ntle le keletso ea bongaka.,WHO,general-patient-education-v1,,reviewed,
4089,Maternal and Child Health,I was given a blood transfusion after delivery.,Ke ile ka fumana madi a mmala ka mora tswalo.,WHO,maternal-child-health-v1,,raw,
2549,Medication Instructions,Do not give the medicine to a child who is on a gluten-free diet without checking ingredients.,U se ke ua fana ka moriana ho ngoana ea lijo tse se nang gluten ntle le ho hlahloba lihlahisoa.,WHO,medication-instructions-v1,,reviewed,
1014,Tuberculosis,Miliary TB is a severe form of the disease where bacteria spread through the bloodstream to multiple organs.,TB ea miliary ke mofuta o matla oa bolwetse moo bakteria e phatlalatsang ka mali ho ea litho tse ngata.,NIH,tb-miliary,,reviewed,
4898,General Patient Education,Seek help if you are having thoughts of harming yourself.,Batla thuso haeba o na le menahano ea ho itšenya.,WHO,general-patient-education-v1,,reviewed,
3004,Symptoms and Complaints,I am coughing up pink frothy sputum.,Ke kohoa sputum e tšoeu-khubelu e nang le liporo.,WHO,symptoms-complaints-v1,,reviewed,
4789,General Patient Education,Empower yourself with health knowledge and share it with others.,Ikematlafatsa ka tsebo ea bophelo bo botle mme u e arolelane le ba bang.,WHO,general-patient-education-v1,,reviewed,
4408,General Patient Education,Your medical information cannot be shared without your consent.,Tlhahisoleseling ea hao ea bongaka ha e khone ho aroleloa ntle le tumelo ea hao.,WHO,general-patient-education-v1,,reviewed,
3533,Appointments and Follow-Up,Can I schedule an appointment for a physical examination?,Na nka rerela appointment bakeng sa tlhahlobo ea 'mele?,WHO,appointments-followup-v1,,reviewed,
1764,Tuberculosis,"If you have been coughing for more than two weeks, please visit your nearest clinic.","Haeba u kohile nako e fetang libeke tse peli, ka kopo etela kliniki ea hau e haufi.",DOH_SA,tb-call-to-action,,reviewed,
1876,Medication Instructions,Take one tablet with the first meal of the day.,Nka pilisi e le ngoe le lijo tsa pele tsa letsatsi.,WHO,medication-instructions-v1,,reviewed,
1260,Tuberculosis,TB treatment cards and registers are essential tools for tracking patient progress and outcomes.,Likarete tsa kalafo ea TB le lirejistara ke lisebelisoa tsa bohlokoa bakeng sa ho latela tsoelo-pele le liphetho tsa bakuli.,WHO,tb-treatment-records,,reviewed,
4531,General Patient Education,Eat smaller portions more frequently throughout the day.,Ja likarolo tse nyenyane hangata letsatsing la hao.,WHO,general-patient-education-v1,,reviewed,
2254,Medication Instructions,This medicine may cause increased production of bile.,Moriana ona o ka baka ho eketseha ha tlhahiso ea bile.,WHO,medication-instructions-v1,,reviewed,
2782,Symptoms and Complaints,I feel my condition is deteriorating rapidly.,Ke ikutloa boemo ba ka bo mpe ka potlako.,WHO,symptoms-complaints-v1,,reviewed,
3593,Appointments and Follow-Up,I would like to know the cost of my appointment.,Ke rata ho tseba theko ea appointment ea ka.,WHO,appointments-followup-v1,,reviewed,
527,HIV,HIV and chronic inflammation increase the risk of heart attack and stroke.,HIV le ho se phethelwe ke mafolofolo ho oketse tshwanelo ya ho ba le heart attack le stroke.,NIH_HIVinfo,hiv-cardiovascular,,raw,
4264,Maternal and Child Health,I was told to give my baby a variety of foods every day.,Ke boletsoe ho fa ngoana oa ka mefuta e fapaneng ea lijo letsatsi le leng le le leng.,WHO,maternal-child-health-v1,,reviewed,
2947,Symptoms and Complaints,I have pain in my left hip that radiates to my knee.,Ke na le mahloko lethekeng la ka la molema a isisoang mangoleng a ka.,WHO,symptoms-complaints-v1,,reviewed,
378,HIV,A rapid CD4 count test should be done for all people presenting with advanced HIV disease.,Tsebo ya di-CD4 e swanetse e etsoe ho batho bohle ba tswang ka bolwetse bja HIV bjo bogolo.,WHO,hiv-advanced-disease,,raw,
1560,Tuberculosis,BCG vaccination is given at birth as part of the routine childhood immunisation schedule.,Ente ea BCG e fanoa ha ho tsoaloa e le karolo ea leano la kamehla la ente ea bana.,DOH_SA,tb-bcg-schedule,,reviewed,
3821,Appointments and Follow-Up,I want to ask about natural remedies that are safe to use.,Ke rata ho botsa ka meriana ea tlhaho e bolokehileng ho sebelisa.,WHO,appointments-followup-v1,,reviewed,
1964,Medication Instructions,Administer the nasal spray by inserting the tip into one nostril.,Fana ka nasal spray ka ho kenya ntlha sefubeng se le seng sa nko.,WHO,medication-instructions-v1,,reviewed,
4733,General Patient Education,You have the right to receive care regardless of your HIV status.,O na le tokelo ea ho amohela tlhokomelo ntle le ho sheba boemo ba hao ba HIV.,WHO,general-patient-education-v1,,reviewed,
349,HIV,Isoniazid preventive therapy should be given for at least six months.,Isoniazid preventive therapy e etsoe ka metsotsoana e seng kae kae 6.,WHO,hiv-tb-ipt,,raw,
2435,Medication Instructions,Do not take a double dose of a corticosteroid if you miss one.,U se ke ua nka dose e habeli ea corticosteroid haeba u lahlehetsoe ke e le ngoe.,WHO,medication-instructions-v1,,reviewed,
2247,Medication Instructions,Contact your doctor if you develop a persistent pain in the abdomen.,Ikopanye le ngaka ea hau haeba u ba le mahloko a tsoelang pele mpeng.,WHO,medication-instructions-v1,,reviewed,
4167,Maternal and Child Health,I would like to know which vaccines my baby needs today.,Ke batla go tseba veksi efe e yengwa ke mwana wa ka kajeno.,WHO,maternal-child-health-v1,,raw,
1710,Tuberculosis,Liquid culture media such as MGIT give faster results than solid media.,Mecha ea culture ea metsi joalo ka MGIT e fana ka liphetho tse potlakileng ho feta mecha e thata.,WHO,tb-liquid-culture,,reviewed,
1051,Tuberculosis,"Headache, confusion, and neck stiffness are warning signs of TB meningitis.","Mahloko a hlooho, ho tsieleha, le ho thatafala ha molala ke lišoaetso tsa tlhokahalo ea TB meningitis.",WHO,tb-meningitis-symptoms,,reviewed,
591,HIV,I have been on HIV treatment for three months and I feel much stronger.,Ke lekaletswe ke tshebetso ya HIV ka metshe e meraro mme ke motho yo a ntseng a le betere.,clinical_fieldwork,patient-hiv-treatment-response,,raw,
520,HIV,PEPFAR is the largest bilateral HIV programme in the world.,PEPFAR ke programme ya HIV e kholo ya tshebetso ya naha.,CDC_HIVNexus,hiv-pepfar,,raw,
4753,General Patient Education,Children and adolescents also have rights in healthcare settings.,Bana le bacha le bona ba na le litokelo libakeng tsa tlhokomelo ea bophelo bo botle.,WHO,general-patient-education-v1,,reviewed,
4309,Maternal and Child Health,I was told to never leave my young child unsupervised near water.,Ke boletsoe ho se ke ke lahla ngoana oa ka ea monyenyane a sa lebelloa haufi le metsi.,WHO,maternal-child-health-v1,,reviewed,
2478,Medication Instructions,"If you miss a dose of an anti-inflammatory, take it as soon as you remember.","Haeba u lahlehetsoe ke dose ea anti-inflammatory, e nke hang hang ha u hopola.",WHO,medication-instructions-v1,,reviewed,
1084,Tuberculosis,"The WHO four-symptom screen — cough, fever, weight loss, night sweats — is used to identify TB suspects.","Tlhahlobo ea matšoao a mane a WHO — ho kohoa, feberu, ho lahleheloa ke boima, molapo oa bosiu — e sebelisoa ho tseba ba nahanoa ba nang le TB.",WHO,tb-symptom-screen,,reviewed,
3589,Appointments and Follow-Up,Can I attend my appointment via telephone?,Na nka tla appointment ea ka ka mohala?,WHO,appointments-followup-v1,,reviewed,
4779,General Patient Education,Apply for a medical aid or health insurance if you can afford it.,Etsa kopo ea thuso ea bongaka kapa inshorense ea bophelo bo botle haeba o khona ho e lefella.,WHO,general-patient-education-v1,,reviewed,
4510,General Patient Education,Discuss your sexual health openly with your healthcare provider.,Buisana ka bophelo ba hao ba thobalano ka bolokolohi le mofani oa hao oa tlhokomelo ea bophelo bo botle.,WHO,general-patient-education-v1,,reviewed,
1295,Tuberculosis,"Psychosocial support is critical for MDR-TB patients who face long, difficult treatment courses.",Tšehetso ea kelello le ea sechaba e bohlokoa haholo ho bakuli ba MDR-TB ba tobaneng le meralo ea kalafo e melelele le e boima.,WHO,tb-mdr-psychosocial,,reviewed,
1810,Medication Instructions,"Take two tablets on the first day, then one tablet daily for the remaining days.","Nka lipilisi tse peli letsatsing la pele, ebe o nka pilisi e le ngoe letsatsi le leng le le leng matsatsing a setseng.",WHO,medication-instructions-v1,,reviewed,
792,HIV,Psychosocial support for orphans and vulnerable children improves their wellbeing.,Tshehetso ea psychosocial bakeng sa bana ba mahlomola le ba bokoa e ntlafatsa bophelo ba bona bo botle.,UNICEF,hiv-ovc-support,,reviewed,
793,HIV,"Community-based organisations provide home visits, food support, and school fees for OVC.","Mekhatlo e thehiloeng sechabeng e fana ka litsebeliso tsa lapeng, tshehetso ea lijo, le lifee tsa sekolo bakeng sa OVC.",UNICEF,hiv-ovc-services,,reviewed,
4115,Maternal and Child Health,I have a painful and swollen breast since I started breastfeeding.,Ke na le tsebe e bolaelang le e buleng ka mor'a ho qala ho nka.,WHO,maternal-child-health-v1,,raw,
1856,Medication Instructions,"Take one tablet twice daily, swallowed whole with water.","Nka pilisi e le ngoe habeli ka letsatsi, e metsooa ka botlalo le metsi.",WHO,medication-instructions-v1,,reviewed,
4758,General Patient Education,Healthcare facilities should be accessible to people with disabilities.,Litheong tsa tlhokomelo ea bophelo bo botle li lokela ho fihlehela batho ba nang le bokooa.,WHO,general-patient-education-v1,,reviewed,
1981,Medication Instructions,Administer the rectal enema by lying on your left side.,Fana ka rectal enema ka ho robala lehlakoreng la hau la molema.,WHO,medication-instructions-v1,,reviewed,
3234,Symptoms and Complaints,I have difficulty with my smell and cannot smell anything.,Ke na le bothata ba ho nkha mme ha ke khone ho nkha letho.,WHO,symptoms-complaints-v1,,reviewed,
3909,Appointments and Follow-Up,I would like to join the adherence club to make it easier.,Ke rata ho kenela sehlopha sa ho mamella ho etsa hore ho be bonolo.,WHO,appointments-followup-v1,,reviewed,
4985,General Patient Education,Painkillers should be used with caution and only as directed.,Lithethefatsi tsa mahloko li lokela ho sebelisoa ka tlhokomelo le feela joalo ka ha ho laetsoe.,WHO,general-patient-education-v1,,reviewed,
3329,Symptoms and Complaints,I have a burning sensation in my eyes.,Ke na le maikutlo a ho chesa mahlong a ka.,WHO,symptoms-complaints-v1,,reviewed,
1531,Tuberculosis,"The first two months of TB treatment use four drugs: isoniazid, rifampicin, pyrazinamide, and ethambutol.","Likhoeli tse peli tsa pele tsa phekolo ea TB li sebelisa meriana e mene: isoniazid, rifampicin, pyrazinamide, le ethambutol.",WHO,tb-treatment-regimen,,reviewed,
1411,Tuberculosis,Treatment of LTBI prevents progression to active TB disease.,Phekolo ea LTBI e thibela ho tsoela pele ho bolwetse ba TB bo sebetsang.,WHO,tb-ltbi-treatment,,reviewed,
4295,Maternal and Child Health,I was advised to use sunscreen on my child's skin.,Ke keletsoeng ho sebelisa sunscreen letlalong la ngoana oa ka.,WHO,maternal-child-health-v1,,reviewed,
4649,General Patient Education,Diabetes is a condition where the body cannot regulate blood sugar properly.,Tsoekere ke boemo moo 'mele o ke keng oa laola tsoekere ea mali ka nepo.,WHO,general-patient-education-v1,,reviewed,
84,HIV,Avoid eating raw or undercooked food if your immune system is weakened by HIV.,Qoba ho ja lijo tse sa butsoang hantle kapa tse tala (raw or undercooked food) haeba masole a hau a ’mele a fokolitsoe ke HIV (weakened immune system).,CDC_HIVNexus,hiv-food-safety,,reviewed,
869,HIV,Older adults should be included in HIV clinical trials to ensure treatments are appropriate for them.,Batho ba baholo ba lokela ho kenyelletsooa lihlahlobong tsa kliniki tsa HIV ho netefatsa hore diphekolo li loketse bona.,NIH_HIVinfo,hiv-older-adults-research,,reviewed,
2351,Medication Instructions,This medicine may increase the risk of hyponatremia with other drugs.,Moriana ona o ka eketsa kotsi ea hyponatremia le meriana e meng.,WHO,medication-instructions-v1,,reviewed,
21,HIV,A CD4 count measures the number of CD4 cells in your blood.,Palo ea CD4 (CD4 count) e lekanya bongata ba lisele tsa CD4 maling a hau.,NIH_HIVinfo,hiv-monitoring,,reviewed,
3425,Symptoms and Complaints,I have very little urine output.,Ke na le moroto o nyenyane haholo.,WHO,symptoms-complaints-v1,,reviewed,
2796,Symptoms and Complaints,I feel very unwell and my symptoms are alarming.,Ke ikutloa ke sa phela hantle haholo mme matšoao a ka a tšoha.,WHO,symptoms-complaints-v1,,reviewed,
4573,General Patient Education,Ask your pharmacist about the best way to take your medication.,Botsa pharmacist ea hao ka mokhoa o motle ka ho fetisisa oa ho nka moriana oa hao.,WHO,general-patient-education-v1,,reviewed,
1563,Tuberculosis,A three-month course of weekly isoniazid and rifapentine is an effective TB preventive regimen.,Khoroso ea likhoeli tse tharo ea isoniazid le rifapentine ea beke le beke ke leano le sebetsang la thibelo ea TB.,CDC,tb-3hp,,reviewed,
3094,Symptoms and Complaints,I have a burning pain in my stomach after eating.,Ke na le mahloko a ho chesa maleng ka mor'a ho ja.,WHO,symptoms-complaints-v1,,reviewed,
3156,Symptoms and Complaints,I have been passing stools with blood.,Ke ntse ke fetisa manyelo a nang le mali.,WHO,symptoms-complaints-v1,,reviewed,
974,HIV,Patients on ART should have their kidney and liver function monitored regularly.,Bakuli ba holim'a ART ba lokela ho hlahlojoa tšebetso ea lipitso le ea sebete ka mehla.,WHO,art-monitoring,,reviewed,
1711,Tuberculosis,Line probe assays can rapidly detect resistance to isoniazid and rifampicin.,Li-assay tsa line probe li ka fumana kapele khakanyo ea isoniazid le rifampicin.,WHO,tb-lpa,,reviewed,
3202,Symptoms and Complaints,I have weakness in my face on one side.,Ke na le ho fokotsehela sefahlehong sa ka lehlakoreng le le leng.,WHO,symptoms-complaints-v1,,reviewed,
4372,Maternal and Child Health,I was told that spacing pregnancies improves maternal and child health.,Ke boletsoe hore ho arohanya likhutsana ho ntlafatsa bophelo ba mme le ngoana.,WHO,maternal-child-health-v1,,reviewed,
4820,General Patient Education,Sexually transmitted infections increase the risk of HIV transmission.,Tšoaetso tse fetisanang ka thobalano li eketsa kotsi ea ho fetisela HIV.,WHO,general-patient-education-v1,,reviewed,
1099,Tuberculosis,I had to give three sputum samples over two days before the diagnosis was confirmed.,Ke ne ke hloka ho fana ka lisampole tse tharo tsa mathe ka matsatsi a mabeli pele tlhahlobo e netefatsoa.,clinical_fieldwork,patient-tb-sputum-collection,,reviewed,
4162,Maternal and Child Health,I have come for my baby's fourteen-week immunisation.,Ke tlaletse ka mora ka woa o moswena leshome pedi ka immunisation.,WHO,maternal-child-health-v1,,raw,
2845,Symptoms and Complaints,I have pain in my chest that comes and goes.,Ke na le mahloko sefubeng sa ka a tlang le ho tsamaea.,WHO,symptoms-complaints-v1,,reviewed,
887,HIV,HIV-positive women have a higher risk of cervical cancer due to immune suppression.,Basali ba nang le HIV ba na le kotsi e phahameng ea kankere ea molala oa sebaka sa ngoana ka lebaka la ho laoloa ha tšireletso ea 'mele.,WHO,hiv-cervical-cancer-risk,,reviewed,
4932,General Patient Education,Environmental health affects the health of the entire community.,Bophelo ba tikoloho bo angoa bophelo ba sechaba ka bophara.,WHO,general-patient-education-v1,,reviewed,
3679,Appointments and Follow-Up,The nurse advised me to drink more water every day.,Mooki o nkeletse ho noa metsi a mangata letsatsi le leng le le leng.,WHO,appointments-followup-v1,,reviewed,
4581,General Patient Education,Regular physical activity improves your heart health.,Mesebetsi ea 'mele ea kamehla e ntlafatsa bophelo ba pelo ea hao.,WHO,general-patient-education-v1,,reviewed,
3567,Appointments and Follow-Up,I need to reschedule my follow-up to next week.,Ke hloka ho fetola appointment ea ka ea ho latela ho beke e tlang.,WHO,appointments-followup-v1,,reviewed,
4402,General Patient Education,Knowing about your illness helps you manage it better.,Ho tseba ka bolwetse ba hao bo a thusa ho bo laola hantle.,WHO,general-patient-education-v1,,reviewed,
516,HIV,ART is provided free of charge at public health facilities in many countries.,ART e fumaneha a mahala kwa dikliniki tsa setshaba kantle ho dihempe tse ngata.,WHO,hiv-art-access,,raw,
4621,General Patient Education,Set realistic exercise goals and celebrate your progress.,Beha maano a ho itlama a khonehang mme u keteke tsoelo-pele ea hao.,WHO,general-patient-education-v1,,reviewed,
738,HIV,Age-disparate relationships between older men and younger women drive HIV transmission.,Likamano tse fapaneng ka lilemo lipakeng tsa banna ba baholo le basali ba bacha li khothaletsa phetisetso ea HIV.,UNAIDS,hiv-age-disparate,,reviewed,
1454,Tuberculosis,"Civil society organisations play a critical role in TB advocacy, community mobilisation, and service delivery.","Mekhatlo ea sechaba sa baahi e bua karolo ea bohlokoa ho boipiletso ba TB, ho matlafatsa sechaba, le ho fana ka litshebeletso.",WHO,tb-civil-society,,reviewed,
3972,Appointments and Follow-Up,The nurse told me that my baby's growth is on track.,Mooki o mpoleletse hore kholo ea ngoana oa ka e tsamaea hantle.,WHO,appointments-followup-v1,,reviewed,
4701,General Patient Education,Attend cancer screening programmes regularly.,Tla mananenong a ho hlahloba kankere ka mehla.,WHO,general-patient-education-v1,,reviewed,
2507,Medication Instructions,Do not give the medicine to a child who is dehydrated without medical advice.,U se ke ua fana ka moriana ho ngoana ea hlokang metsi ntle le keletso ea ngaka.,WHO,medication-instructions-v1,,reviewed,
2995,Symptoms and Complaints,I am coughing up yellow-green phlegm.,Ke kohoa phlegm e tala-tšoeu.,WHO,symptoms-complaints-v1,,reviewed,
2127,Medication Instructions,Do not store the medication in a place where children can reach it by climbing.,U se ke ua boloka moriana sebakeng moo bana ba ka se fihlela ka ho palama.,WHO,medication-instructions-v1,,reviewed,
2927,Symptoms and Complaints,I have pain in my left foot that is swollen.,Ke na le mahloko leotong la ka la molema le ruruhetse.,WHO,symptoms-complaints-v1,,reviewed,
4746,General Patient Education,You have the right to be protected from abuse by healthcare workers.,O na le tokelo ea ho sireleltsoa ho tlhekefetso ke basebetsi ba tlhokomelo ea bophelo bo botle.,WHO,general-patient-education-v1,,reviewed,
907,HIV,The third 95 means 95 percent of people on ART are virally suppressed.,95 ea boraro e bolela hore batho ba 95 pesente ba holim'a ART ba laolehile ke vaerase.,UNAIDS,hiv-95-95-95,,reviewed,
3648,Appointments and Follow-Up,I am here for my specialist referral appointment.,Ke teng bakeng sa appointment ea referral ea ngaka e khethehileng.,WHO,appointments-followup-v1,,reviewed,
1031,Tuberculosis,Surgical masks worn by TB patients reduce the number of infectious particles released into the air.,Li-mask tsa opereishene tse aperoang ke bakuli ba TB li fokotsa palo ea likaroloana tse fetisoang tse lokollwang moeeng.,WHO,tb-source-control,,reviewed,
2508,Medication Instructions,Give the medicine to the child using a dropper for very small doses.,Fana ka moriana ho ngoana ka ho sebelisa dropper bakeng sa li-dose tse nyenyane haholo.,WHO,medication-instructions-v1,,reviewed,
2429,Medication Instructions,"Take the missed dose as soon as possible, but skip it if it is almost time for the next dose.","Nka dose e lahlehileng kamoo ho khonehang ka potlako, empa e tlohele haeba e se e le haufinyane le nako ea dose e latelang.",WHO,medication-instructions-v1,,reviewed,
948,HIV,You do not need to pay for HIV medicine at a government clinic in South Africa.,Ha u hloke ho lefa meriana ea HIV klinikhing ea mmuso Afrika Boroa.,DOH_SA,hiv-free-treatment,,reviewed,
3807,Appointments and Follow-Up,I want to ask if I can switch to a different medication.,Ke rata ho botsa haeba nka fetohela morian o mocha o fapaneng.,WHO,appointments-followup-v1,,reviewed,
4755,General Patient Education,Confidentiality is maintained for adolescents seeking healthcare.,Sephiri se bolokoa bakeng sa bacha ba batlang tlhokomelo ea bophelo bo botle.,WHO,general-patient-education-v1,,reviewed,
716,HIV,"The W4SS symptom screen for TB includes cough, fever, night sweats, and weight loss.","Tlhahlobo ea W4SS ea matšoao a TB e kenyelletsa ho kohoa, feberu, molapo oa bosiu, le ho lahleheloa ke boima.",WHO,hiv-tb-w4ss,,reviewed,
4056,Maternal and Child Health,I was told my placenta is low and I need to be monitored.,Ke ile ka laledwa hore placenta ya ka ke theko le hore ke hloke ke be bekeletsoe.,WHO,maternal-child-health-v1,,raw,
687,HIV,High-risk HIV-exposed infants should receive dual prophylaxis with nevirapine and zidovudine.,Bana ba hlahisitsoeng HIV ba leng kotsing e kholo ba lokela ho fumana prophylaxis ea bobeli ea nevirapine le zidovudine.,WHO,pmtct-dual-prophylaxis,,reviewed,
704,HIV,Fungal infections of the skin and nails are common in people living with HIV.,Litšoaetso tsa fungal tsa letlalo le lenala li atile ho batho ba phelang le HIV.,CDC_HIVNexus,oi-fungal-skin,,reviewed,
3342,Symptoms and Complaints,I have a rash on my gums that is very red.,Ke na le ho ruruha ha letlalo meno a ka ho bofubedu haholo.,WHO,symptoms-complaints-v1,,reviewed,
2354,Medication Instructions,Do not take this medicine with anticholinergic drugs without medical advice.,U se ke ua nka moriana ona le meriana ea anticholinergic ntle le keletso ea ngaka.,WHO,medication-instructions-v1,,reviewed,
2258,Medication Instructions,This medicine may cause increased sensitivity to light in the eyes.,Moriana ona o ka baka ho amehela haholo ha mahlo leseding.,WHO,medication-instructions-v1,,reviewed,
3552,Appointments and Follow-Up,I need to reschedule my appointment to a later date.,Ke hloka ho fetola appointment ea ka ho letsatsi le tlang.,WHO,appointments-followup-v1,,reviewed,
474,HIV,Integrated treatment for HIV and substance use disorders improves outcomes for both conditions.,Phekolo e kopaneng ea HIV le mafu a tšebediso ea lintho tse kotsi e ntlafatsa liphetho tsa maemo a mabeli.,WHO,hiv-substance-use-treatment,,reviewed,
22,HIV,A normal CD4 count is between 500 and 1500 cells per cubic millimetre.,Palo e tloaelehileng ea CD4 e lipakeng tsa lisele tse 500 le 1500 khubiki milimitara ka 'ngoe (cells per cubic millimetre).,CDC_HIVNexus,hiv-monitoring,,reviewed,
2753,Symptoms and Complaints,I have been feeling very tired even after sleeping.,Ke ntse ke ikutloa ke lapetse haholo le ka mor'a ho robala.,WHO,symptoms-complaints-v1,,reviewed,
886,HIV,HPV vaccination is recommended for HIV-positive girls and young women.,Ente ea HPV e khothalletsoa bakeng sa banana le basali ba bacha ba nang le HIV.,WHO,hiv-hpv-vaccine,,reviewed,
2449,Medication Instructions,"Take the missed dose as soon as you remember, then continue as directed.","Nka dose e lahlehileng hang hang ha u hopola, ebe u tsoele pele joalo ka ha ho laetsoe.",WHO,medication-instructions-v1,,reviewed,
918,HIV,HIV programmes in the workplace reduce absenteeism and improve productivity.,Mananeo a HIV mafapheng a mosebetsi a fokotsa ho hloka mosebetsi le ho ntlafatsa tšebetso.,ILO,hiv-workplace-productivity,,reviewed,
3758,Appointments and Follow-Up,I was reminded that smoking affects my TB treatment.,Ke khumamisitsoe hore ho tsuba ho angoa phekolo ea TB ea ka.,WHO,appointments-followup-v1,,reviewed,
3752,Appointments and Follow-Up,I was reminded to report any new symptoms at my next appointment.,Ke khumamisitsoe ho bua matšoao afe kafe a mocha appointment ea ka e latelang.,WHO,appointments-followup-v1,,reviewed,
2240,Medication Instructions,This medicine may cause a decrease in zinc levels with long-term use.,Moriana ona o ka baka ho fokotseha ha maemo a zinc ka tšebediso ea nako e telele.,WHO,medication-instructions-v1,,reviewed,
3845,Appointments and Follow-Up,I want to ask about the long-term effects of my treatment.,Ke rata ho botsa ka litlamorao tsa nako e telele tsa phekolo ea ka.,WHO,appointments-followup-v1,,reviewed,
3396,Symptoms and Complaints,I have pain in my lower abdomen when I urinate.,Ke na le mahloko mpeng ea ka e tlase ha ke morota.,WHO,symptoms-complaints-v1,,reviewed,
1266,Tuberculosis,Drug-resistant TB occurs when TB bacteria develop resistance to one or more anti-TB drugs.,TB e hananang le meriana e hlaha ha libaktheria tsa TB li e-ba le ho hana moriana o le mong kapa e mengata ea TB.,WHO,tb-drug-resistance,,reviewed,
484,HIV,Selenium deficiency has been associated with faster HIV disease progression.,Kgopo ya Selenium e tsejwang e le ka lebaka la ho phahamisa la HIV.,NIH_HIVinfo,hiv-selenium,,raw,
4338,Maternal and Child Health,I would like information about the intrauterine device.,Ke rata tlhahisoleseling ka sesebelisoa sa ka hare ho mphe.,WHO,maternal-child-health-v1,,reviewed,
2964,Symptoms and Complaints,I have a dull ache in my right foot.,Ke na le mahloko a fokolang leotong la ka la le letona.,WHO,symptoms-complaints-v1,,reviewed,
1220,Tuberculosis,Patients with chronic liver disease require careful monitoring and possible drug substitutions during TB treatment.,Bakuli ba nang le lefu le sa foleng la sebete ba hloka ho behiloe leihlo ka hloko le mohlomong ho nkeloa meriana e meng sebaka nakong ea kalafo ea TB.,WHO,tb-liver-disease-treatment,,reviewed,
278,HIV,I feel ashamed about having HIV.,Ke ikutloa ke a tšaba ka baka la ho nwa HIV.,clinical_fieldwork,patient-hiv-stigma,,raw,
989,HIV,"Sex workers face elevated HIV risk due to multiple partners, limited negotiating power, and criminalisation.","Basebetsi ba thobalano ba tobana le kotsi e phahameng ea HIV ka lebaka la balekane ba bangata, matla a fokolang a ho buisana, le ho etsoa molato.",UNAIDS,hiv-sex-workers,,reviewed,
2085,Medication Instructions,Keep the solution away from light by storing in the original amber bottle.,Boloka setšoelo hole le lesedi ka ho se boloka botloleng ea amber ea pele.,WHO,medication-instructions-v1,,reviewed,
1246,Tuberculosis,"Taking so many tablets every day was hard at first, but I got used to it.","Ho noa lipilisi tse ngata hakana letsatsi le letsatsi ho ne ho le thata qalong, empa ke ile ka ho tloaela.",clinical_fieldwork,patient-tb-pill-burden,,reviewed,
2383,Medication Instructions,This medicine may increase the risk of ototoxicity with other ear-toxic drugs.,Moriana ona o ka eketsa kotsi ea ototoxicity le meriana e meng e kotsi ea tsebe.,WHO,medication-instructions-v1,,reviewed,
572,HIV,Write down your questions before your clinic appointment so you do not forget them.,Tlhalefa dipotso tsa hao pele ho u tsamaea kwenye kantora ya mokgatlo wa bophelo hore o se ke wa lebala.,CDC_HIVNexus,hiv-clinic-communication,,raw,
1436,Tuberculosis,Refugees living in camps are at high risk of TB due to overcrowding and limited healthcare access.,Baphaphathehi ba phelang likhampeng ba leng kotsing e phahameng ea TB ka lebaka la ho tletse batho le phihlello e fokolang ea tlhokomelo ea bophelo bo botle.,UNHCR,tb-refugees,,reviewed,
994,HIV,Adequate protein intake supports immune function and helps maintain muscle mass in people living with HIV.,Ho nka protein e lekaneng ho tshehetsa tšebetso ea tšireletso ea 'mele le ho thusa ho boloka bongata ba mochine ho batho ba phelang le HIV.,FAO,hiv-protein-intake,,reviewed,
3931,Appointments and Follow-Up,I would like a summary of my treatment history for the new clinic.,Ke rata kakaretso ea nalane ea phekolo ea ka bakeng sa kliniki e ncha.,WHO,appointments-followup-v1,,reviewed,
3448,Symptoms and Complaints,I have a feeling of burning in my urethra.,Ke na le maikutlo a ho chesa urethrang ea ka.,WHO,symptoms-complaints-v1,,reviewed,
586,HIV,Community dialogues about HIV can change harmful attitudes and behaviours.,Dialoge tsa setšhaba ka HIV di ka fetola tsitsipano e mpe tsebo e mpe.,UNAIDS,hiv-community-dialogue,,raw,
3659,Appointments and Follow-Up,The nurse gave me a new prescription at my appointment.,Mooki o mphe prescription e ncha appointment ea ka.,WHO,appointments-followup-v1,,reviewed,
2515,Medication Instructions,Do not give the medicine to a child who is breastfeeding without medical advice.,U se ke ua fana ka moriana ho ngoana ea anyesang ntle le keletso ea ngaka.,WHO,medication-instructions-v1,,reviewed,
1350,Tuberculosis,Mechanical ventilation systems can improve air exchange rates in high-risk clinical areas.,Litsamaiso tsa moea o kenang le o tsoang ka mechini li ka ntlafatsa sekhahla sa phapanyetsano ea moea libakeng tsa kliniki tse kotsing e phahameng.,CDC,tb-mechanical-ventilation,,reviewed,
1008,Tuberculosis,South Africa has one of the highest TB burdens in the world.,Afrika Boroa e na le e 'ngoe ea morwalo o moholo ka ho fetisisa oa TB lefatšeng.,DOH_SA,tb-sa-burden,,reviewed,
675,HIV,Cabotegravir long-acting injectable PrEP is given every two months.,PrEP ea Cabotegravir e kenngoa ka mesipi e sebetsang nako e telele e neoang likhoeli tse peli le tse peli.,WHO,hiv-cab-prep,,reviewed,
2413,Medication Instructions,Do not take a missed dose of a sedative if you are about to drive.,U se ke ua nka dose e lahlehileng ea sedative haeba u se u le haufi le ho khanna.,WHO,medication-instructions-v1,,reviewed,
2904,Symptoms and Complaints,I have a dull ache in my left shoulder.,Ke na le mahloko a fokolang hetleng ea ka ea molema.,WHO,symptoms-complaints-v1,,reviewed,
448,HIV,Women often have less power to negotiate condom use with their partners.,Basali hangata ba na le matla a fokolang a ho buisana ka tshebediso ea likhohlopo le balekane ba bona.,UNAIDS,hiv-gender-condom,,reviewed,
3835,Appointments and Follow-Up,I want to ask about TB preventive therapy for my child.,Ke rata ho botsa ka phekolo ea thibelo ea TB bakeng sa ngoana oa ka.,WHO,appointments-followup-v1,,reviewed,
3759,Appointments and Follow-Up,I was told that a healthy diet supports my recovery.,Ke boletsoe hore phepo e ntle e tshehetsa ho fola ha ka.,WHO,appointments-followup-v1,,reviewed,
3704,Appointments and Follow-Up,The doctor confirmed my TB treatment is complete.,Ngaka e netefatse hore phekolo ea TB ea ka e phethahetsoe.,WHO,appointments-followup-v1,,reviewed,
360,HIV,Bedaquiline is a key medicine used in the treatment of drug-resistant TB in people with HIV.,Bedaquiline ke tšhebeletso e kgethegileng e tšabalang ho tšireletso ya TB e sa tsebeng dawa ho batho ba na HIV.,WHO,hiv-mdr-tb-treatment,,raw,
2065,Medication Instructions,Store the vaccine at the correct cold chain temperature at all times.,Boloka ente ka mocheso o nepahetseng oa cold chain nako tsohle.,WHO,medication-instructions-v1,,reviewed,
4450,General Patient Education,Never share your medication with other people.,O se ke oa arolelana moriana oa hao le batho ba bang.,WHO,general-patient-education-v1,,reviewed,
3811,Appointments and Follow-Up,I want to ask about my blood sugar results.,Ke rata ho botsa ka liphetho tsa tsoekere ea mali ea ka.,WHO,appointments-followup-v1,,reviewed,
1691,Tuberculosis,Mobile X-ray units allow TB screening to reach remote and underserved populations.,Liqenehelo tsa X-ray tse tsamaelang li lumella ho hlahlobeloa ha TB ho fihlela sechaba se hole le se sa sebelisoeng hantle.,DOH_SA,tb-mobile-xray,,reviewed,
4327,Maternal and Child Health,I have been having side effects from my contraceptive.,Ke ntse ke na le litlamorao ho tsoa thibelong ea ho mitsa ea ka.,WHO,maternal-child-health-v1,,reviewed,
1549,Tuberculosis,Drug-resistant TB develops when TB bacteria survive despite antibiotic treatment.,TB e khakanyeng meriana e hlaha ha bakteria ea TB e phela le ha e phekoluoa ka li-antibiotic.,WHO,tb-drug-resistance,,reviewed,
1248,Tuberculosis,"I felt nauseous every morning after taking my TB tablets, so I started eating before taking them.","Ke ne ke ikutloa ke nyekeloa ke pelo hoseng ho hong le ho hong ka mor’a ho noa lipilisi tsa ka tsa TB, kahoo ka qala ho ja pele ke li noa.",clinical_fieldwork,patient-tb-nausea,,reviewed,
1986,Medication Instructions,Apply the topical solution using the applicator provided.,Sebelisa setšoelo sa letlalo ka ho sebelisa applicator e fanoeng.,WHO,medication-instructions-v1,,reviewed,
295,HIV,Spiritual and religious support can be important for people living with HIV.,Thuso ya semoya le ya motheo wa tumelo e ka ba e le e le bohlokwa ho batho ba phelang le HIV.,UNAIDS,hiv-spiritual-support,,raw,
1548,Tuberculosis,TB treatment is free at all public health facilities in South Africa.,Phekolo ea TB ha e lefisoe likamoreng tsohle tsa bophelo bo botle tsa sechaba Afrika Boroa.,DOH_SA,tb-free-treatment,,reviewed,
2013,Medication Instructions,Apply the antiviral cream at the first sign of a cold sore.,Sebelisa cream ea antiviral letšoaong la pele la cold sore.,WHO,medication-instructions-v1,,reviewed,
589,HIV,Cultural norms around masculinity can prevent men from seeking HIV testing and treatment.,Mehlala ya setso ka banna e ka mpolella banna ho theoha tshebetso le tšebetso ya HIV.,UNAIDS,hiv-masculinity-norms,,raw,
3330,Symptoms and Complaints,I have a rash on my palms that is very red.,Ke na le ho ruruha ha letlalo letsela la matsoho a ka ho bofubedu haholo.,WHO,symptoms-complaints-v1,,reviewed,
2404,Medication Instructions,"If you miss a dose, take it as soon as you remember and then continue as before.","Haeba u lahlehetsoe ke dose, e nke hang hang ha u hopola ebe u tsoele pele joalo ka pele.",WHO,medication-instructions-v1,,reviewed,
2130,Medication Instructions,Do not store the medication in a location subject to vibration.,U se ke ua boloka moriana sebakeng se angoa ke ho thothomela.,WHO,medication-instructions-v1,,reviewed,
4389,Maternal and Child Health,I was told that fertility returns quickly after stopping the pill.,Ke boletsoe hore bokgoni ba ho ba le bana bo khutla kapele ka mor'a ho emisa pilisi.,WHO,maternal-child-health-v1,,reviewed,
2411,Medication Instructions,Do not take a double dose of a blood thinner if you miss one; contact your doctor.,U se ke ua nka dose e habeli ea moriana o fokohisang mali haeba u lahlehetsoe ke e le ngoe; ikopanye le ngaka ea hau.,WHO,medication-instructions-v1,,reviewed,
2720,Symptoms and Complaints,I feel very cold and cannot get warm.,Ke ikutloa ke batile haholo mme ha ke khone ho futhumela.,WHO,symptoms-complaints-v1,,reviewed,
426,HIV,Key populations are groups at higher risk of HIV due to specific behaviours or circumstances.,Sechaba se bohlokoa ke lihlopha tse leng kotsing e kholo ea HIV ka lebaka la maitshwaro kapa maemo a khethehileng.,UNAIDS,hiv-key-populations,,reviewed,
2583,Medication Instructions,Do not stop taking the medicine without consulting your doctor.,U se ke ua emisa ho nka moriana ntle le ho buisana le ngaka ea hau.,WHO,medication-instructions-v1,,reviewed,
1055,Tuberculosis,Many people with TB delay seeking care because early symptoms resemble a common cold or flu.,Batho ba bangata ba nang le TB ba lieha ho batla tlhokomelo hobane matšoao a pele a tšoana le mofetše kapa flu.,WHO,tb-care-seeking-delay,,reviewed,
3967,Appointments and Follow-Up,I was advised to reduce my salt intake immediately.,Ke keletsoeng ho fokotsa ho nka letsoai hang hang.,WHO,appointments-followup-v1,,reviewed,
4563,General Patient Education,Ask the clinic dietitian for personalised nutrition advice.,Botsa dietitian ea kliniki keletso ea phepo e hlokehalang bakeng sa hao.,WHO,general-patient-education-v1,,reviewed,
557,HIV,COVID-19 vaccination is recommended for people living with HIV especially those with low CD4 counts.,"Go amogela vekse ya COVID-19 e tšwelaletsweng batho ba phelang le HIV, khaseng ba ba nang le CD4 e tlase.",WHO,hiv-covid-vaccine,,raw,
4359,Maternal and Child Health,I was told that antibiotics can affect my contraceptive pill.,Ke boletsoe hore li-antibiotic li ka angoa pilisi ea thibelo ea ho mitsa ea ka.,WHO,maternal-child-health-v1,,reviewed,
3939,Appointments and Follow-Up,My cholesterol levels have improved since my last visit.,Maemo a cholesterol ea ka a ntlafetse ho tloha tsebelisong ea ka ea ho qetela.,WHO,appointments-followup-v1,,reviewed,
4713,General Patient Education,"Thyroid disorders can affect your weight, energy, and mood.","Maemo a thyroid a ka angoa boima ba hao, matla, le maikutlo.",WHO,general-patient-education-v1,,reviewed,
2470,Medication Instructions,"If you miss a dose of a decongestant, take it as soon as you remember.","Haeba u lahlehetsoe ke dose ea decongestant, e nke hang hang ha u hopola.",WHO,medication-instructions-v1,,reviewed,
4711,General Patient Education,Iron-rich foods and supplements help treat iron deficiency anaemia.,Lijo tse nang le tšepe le lithupelo li thusa ho alafa anaemia ea ho hloka tšepe.,WHO,general-patient-education-v1,,reviewed,
356,HIV,Extrapulmonary TB is more common in people living with HIV.,TB ya ka ntle ya phepo e kgolo haholo ho batho ba phelang le HIV.,WHO,hiv-tb-extrapulmonary,,raw,
1194,Tuberculosis,Decentralised TB treatment services reduce travel barriers and improve adherence.,Litshebeletso tsa phekolo ea TB tse abeloang li fokotsa meqoqo ea ho tsamaea le ho ntlafatsa ho latela.,WHO,tb-decentralised-treatment,,reviewed,
1717,Tuberculosis,Rapid TB diagnostics reduce the time between symptom onset and treatment start.,Litlhahlobo tsa TB tsa potlako li fokotsa nako lipakeng tsa ho qala ha matšoao le ho qala ha phekolo.,WHO,tb-rapid-dx,,reviewed,
3417,Symptoms and Complaints,I have a feeling that my bladder is never empty.,Ke na le maikutlo a hore seboco sa ka ha se se ke sa se phela.,WHO,symptoms-complaints-v1,,reviewed,
2605,Medication Instructions,Do not take your medicine in the dark; always check the label before taking.,U se ke ua nka moriana oa hau lefifing; hlahloba lebeleng kamehla pele ho nka.,WHO,medication-instructions-v1,,reviewed,
4130,Maternal and Child Health,I was told to continue taking my ART medication after delivery.,Nkae ilo nne nka itshele hore ke se ke ka tlorella ditherepe tsa ART morao-matlafatsi.,WHO,maternal-child-health-v1,,raw,
2829,Symptoms and Complaints,I have been feeling very poorly and need investigation.,Ke ntse ke ikutloa ke sa phela hantle haholo mme ke hloka lipatlisiso.,WHO,symptoms-complaints-v1,,reviewed,
1705,Tuberculosis,Clofazimine is used in combination regimens for drug-resistant tuberculosis.,Clofazimine e sebelisoa mananeo a kopano bakeng sa tuberculosis e khakanyeng meriana.,WHO,tb-clofazimine,,reviewed,
2864,Symptoms and Complaints,I have a burning pain in my chest after eating.,Ke na le mahloko a ho chesa sefubeng ka mor'a ho ja.,WHO,symptoms-complaints-v1,,reviewed,
2619,Medication Instructions,Do not take your medicine if you are feeling nauseous; wait until the nausea passes.,U se ke ua nka moriana oa hau haeba u nyakeloa; ema ho fihlela ho nyakeloa ho fela.,WHO,medication-instructions-v1,,reviewed,
2401,Medication Instructions,Do not adjust your dose schedule without consulting your doctor.,U se ke ua fetola lenaneo la hau la dose ntle le ho buisana le ngaka ea hau.,WHO,medication-instructions-v1,,reviewed,
2140,Medication Instructions,Keep the medication in a location that is well-ventilated and dry.,Boloka moriana sebakeng se nang le moea o lekaneng le se omileng.,WHO,medication-instructions-v1,,reviewed,
3240,Symptoms and Complaints,I have weakness in my toes and cannot feel them.,Ke na le ho fokotsehela menwaneng ea maoto mme ha ke khone ho a ikutloa.,WHO,symptoms-complaints-v1,,reviewed,
2384,Medication Instructions,"If you miss a dose, take it as soon as you remember.","Haeba u lahlehetsoe ke dose, e nke hang hang ha u hopola.",WHO,medication-instructions-v1,,reviewed,
3219,Symptoms and Complaints,I have been having episodes of sudden severe arm pain.,Ke ntse ke na le linako tsa mahloko a matla a lephaka ka tšohanyetso.,WHO,symptoms-complaints-v1,,reviewed,
3936,Appointments and Follow-Up,The doctor said my TB treatment is complete and successful.,Ngaka e itse phekolo ea TB ea ka e phethahetsoe mme e atile.,WHO,appointments-followup-v1,,reviewed,
1286,Tuberculosis,"Linezolid can cause peripheral neuropathy, optic neuritis, and bone marrow suppression.","Linezolid e ka baka neuropathy ea methapo e ka thōko, ho ruruha ha methapo ea mahlo, le khatello ea moko oa masapo.",WHO,tb-linezolid-toxicity,,reviewed,
3797,Appointments and Follow-Up,I must not take double doses if I miss one.,Ha ke tlameha ho nka li-dose tse habeli haeba ke lahlehetsoe ke e le ngoe.,WHO,appointments-followup-v1,,reviewed,
4895,General Patient Education,Limit alcohol and drug use to protect your mental health.,Fokotsa ho sebelisa joala le lithethefatsi ho sireletsa bophelo ba hao ba kelello.,WHO,general-patient-education-v1,,reviewed,
4469,General Patient Education,Avoid touching your face with unwashed hands.,Hana ho ama sefahleho sa hao ka matsoho a sa hlatsoang.,WHO,general-patient-education-v1,,reviewed,
2088,Medication Instructions,"Store the vaccine in a dedicated vaccine refrigerator, not a domestic fridge.","Boloka ente friji e khethehileng ea liente, eseng friji ea lapeng.",WHO,medication-instructions-v1,,reviewed,
1890,Medication Instructions,Take one tablet every day for the rest of your life as prescribed.,Nka pilisi e le ngoe letsatsi le leng le le leng bophelong ba hau bohle joalo ka ha ho laetsoe.,WHO,medication-instructions-v1,,reviewed,
4623,General Patient Education,Consistency is more important than intensity when exercising.,Ho tsoela pele ho bohlokoa ho feta bohale ha o itlama.,WHO,general-patient-education-v1,,reviewed,
1592,Tuberculosis,Prisoners and detainees are at high risk of TB due to overcrowding and poor ventilation.,Bakotsofatsi le ba tshoareloang ba leng kotsing e phahameng ea TB ka lebaka la ho tletse batho le moea o fokolang.,WHO,tb-prisons,,reviewed,
1347,Tuberculosis,Fast-tracking TB suspects through triage reduces their time in waiting areas and limits exposure to others.,Ho potlakisa batho ba belaelloang ba e-na le TB ka tlhophiso ea bakuli ho fokotsa nako eo ba e qetang libakeng tsa ho leta ’me ho fokotsa ho pepesehela ba bang.,WHO,tb-triage,,reviewed,
4432,General Patient Education,Vaccinations protect you from serious and preventable diseases.,Liente li a sireletsa ho mahlwetse a matla le a thibelehang.,WHO,general-patient-education-v1,,reviewed,
2163,Medication Instructions,Contact your doctor if you notice changes in your vision while taking this medicine.,Ikopanye le ngaka ea hau haeba u hona liphetoho tsa pono ea hau ha u nka moriana ona.,WHO,medication-instructions-v1,,reviewed,
2397,Medication Instructions,"If you miss a dose, do not panic; just take it as soon as you remember.","Haeba u lahlehetsoe ke dose, u se ke ua tšoha; e nke feela hang hang ha u hopola.",WHO,medication-instructions-v1,,reviewed,
4769,General Patient Education,Know the location of your nearest emergency room.,Tseba sebaka sa kamore ea tšohanyetso e haufi le hao ka ho fetisisa.,WHO,general-patient-education-v1,,reviewed,
2272,Medication Instructions,This medicine may cause a decrease in manganese levels with long-term use.,Moriana ona o ka baka ho fokotseha ha maemo a manganese ka tšebediso ea nako e telele.,WHO,medication-instructions-v1,,reviewed,
4491,General Patient Education,Use insect repellent to protect against mosquito bites.,Sebelisa sesebelisoa sa ho lelekisa likhoasane ho sireletsa ho lomoa ke tsona.,WHO,general-patient-education-v1,,reviewed,
3112,Symptoms and Complaints,I have a pain in my stomach that is worse when I press on it.,Ke na le mahloko maleng a mpe ha ke a kama.,WHO,symptoms-complaints-v1,,reviewed,
1138,Tuberculosis,Pleural effusion in TB occurs when bacteria or immune products irritate the pleural lining of the lungs.,Ho tšoaetsa ha pleural ho TB ho etsahala ha bakteria kapa lihlahisoa tsa tšireletso ea 'mele li khathatsa letlalo la pleural la matšoafo.,NIH,tb-pleural-effusion,,reviewed,
3896,Appointments and Follow-Up,I did not attend because I was afraid of being stigmatised.,Ha ke a tla hobane ke ne ke tšaba ho nyatsuoa.,WHO,appointments-followup-v1,,reviewed,
973,HIV,Switching ART regimens should be guided by viral load results and clinical assessment.,Ho fetohela mananeo a ART ho lokela ho eteletsoa pele ke liphetho tsa viral load le tlhahlobo ea kliniki.,WHO,art-switching,,reviewed,
796,HIV,I have been on ART for six months and my viral load is now undetectable.,Ke holim'a ART ka likhoeli tse tšeletseng mme viral load ea ka joale ha e fumanehe.,clinical_fieldwork,patient-hiv-viral-suppression,,reviewed,
3021,Symptoms and Complaints,I have difficulty breathing and my neck veins are bulging.,Ke na le bothata ba ho hema mme mesela ea molala oa ka e phahama.,WHO,symptoms-complaints-v1,,reviewed,
1712,Tuberculosis,Whole genome sequencing provides the most detailed picture of TB drug resistance.,Ho latelana ha genome yohle ho fana ka setšoantšo se pharalletseng ka ho fetisisa sa khakanyo ea meriana ea TB.,WHO,tb-wgs,,reviewed,
3388,Symptoms and Complaints,I have a rash that is accompanied by scarring.,Ke na le ho ruruha ha letlalo ho tsamaeang le ho sala ha maqeba.,WHO,symptoms-complaints-v1,,reviewed,
37,HIV,Taking ART with food can help reduce nausea.,Ho nka phekolo ea lithibela-mafofore (ART) le lijo ho ka thusa ho fokotsa ho nyekeloa ke pelo (nausea).,NHS,art-side-effects,,reviewed,
454,HIV,Engaging men in HIV prevention and treatment is essential for ending the epidemic.,Ho kenyelletsa banna thibelong ea HIV le phekolo ho bohlokoa bakeng sa ho felisa leruo la lefu.,WHO,hiv-men-engagement,,reviewed,
914,HIV,Workplace HIV policies should be developed in consultation with employees and unions.,Maano a HIV a mafapha a mosebetsi a lokela ho etsoa ka ho buisana le basebetsi le li-union.,ILO,hiv-workplace-policy,,reviewed,
4082,Maternal and Child Health,My baby was taken to the neonatal unit after birth.,Ngoanana wa ka ke ne a tsamaywa kantong ya bana ba bacha ka mora tswalo.,WHO,maternal-child-health-v1,,raw,
1200,Tuberculosis,Loss to follow-up — when a patient stops treatment without completing it — is a major challenge in TB programmes.,Ho lahlehela ho latela — ha mokuloi a emisa phekolo ntle le ho e phetela — ke mathata a maholo mananeo a TB.,WHO,tb-ltfu,,reviewed,
1275,Tuberculosis,The BPaLM regimen adds moxifloxacin to BPaL and is used for pre-XDR-TB.,Moralo oa kalafo oa BPaLM o eketsa moxifloxacin ho BPaL ’me o sebelisoa bakeng sa pre-XDR-TB.,WHO,tb-bpalm,,reviewed,
2376,Medication Instructions,Avoid taking high-dose feverfew supplements at the same time as this medicine.,Hana ho nka lisebelisoa tsa feverfew tsa dose e phahameng ka nako e tšoanang le moriana ona.,WHO,medication-instructions-v1,,reviewed,
38,HIV,Some ART medicines can cause dizziness or headache in the first few weeks.,Meriana e meng ea ART e ka baka ho tsekela kapa ho tšoaroa ke hlooho (dizziness or headache) libekeng tse seng kae tsa pele.,CDC_HIVNexus,art-side-effects,,reviewed,
975,HIV,Lipid profiles should be monitored in patients on certain ART regimens due to cardiovascular risk.,Lipid profiles li lokela ho hlahlojoa ho bakuli ba holim'a mananeo a mang a ART ka lebaka la kotsi ea pelo le madi.,NIH_HIVinfo,art-cardiovascular,,reviewed,
3196,Symptoms and Complaints,I have difficulty speaking and finding the right words.,Ke na le bothata ba ho bua le ho fumana mantsoe a nepahetseng.,WHO,symptoms-complaints-v1,,reviewed,
984,HIV,Anxiety and depression are significantly more common among people living with HIV than in the general population.,Ho tšaba le ho nyamela ho atile haholo ho batho ba phelang le HIV ho feta sechaba ka kakaretso.,SADAG,hiv-mental-health,,reviewed,
3905,Appointments and Follow-Up,I will make sure I attend all future appointments.,Ke tla netefatsa hore ke tla li-appointment tsohle tsa nako e tlang.,WHO,appointments-followup-v1,,reviewed,
4070,Maternal and Child Health,I think I am in labour and need to go to the hospital.,Ke na ke leba hore ke tswa ntlele 'me ke lokela ho ya hospitaleng.,WHO,maternal-child-health-v1,,raw,
1419,Tuberculosis,Reducing alcohol consumption lowers TB risk and improves treatment adherence.,Ho fokotsa tšebediso ea joala ho theohisa kotsi ea TB le ho ntlafatsa ho latela phekolo.,WHO,tb-prevention-alcohol,,reviewed,
3333,Symptoms and Complaints,I have swelling around my eyes.,Ke na le ho ruruha ho potileng mahlo a ka.,WHO,symptoms-complaints-v1,,reviewed,
1561,Tuberculosis,TB preventive therapy reduces the risk of latent TB progressing to active disease.,Phekolo ea thibelo ea TB e fokotsa kotsi ea TB e patileng ea ho tsoela pele ho bolwetse bo sebetsang.,WHO,tb-tpt,,reviewed,
40,HIV,Some HIV medicines can affect your liver and regular liver tests may be needed.,"Meriana e meng ea HIV e ka ama sebete sa hau, 'me ho ka hlokahala hore u etse litlhahlobo tsa kamehla tsa sebete (regular liver tests).",WHO,art-side-effects,,reviewed,
1487,Tuberculosis,Healthcare workers caring for TB patients are at risk of burnout and compassion fatigue.,Basebetsi ba bophelo bo botle ba hlokomelang bakuli ba TB ba leng kotsing ea ho lapala le ho lapala ha boikhutso.,WHO,tb-hcw-burnout,,reviewed,
3884,Appointments and Follow-Up,I did not attend because I was embarrassed about my condition.,Ha ke a tla hobane ke ne ke hlajoa ke maswabi ka boemo ba ka.,WHO,appointments-followup-v1,,reviewed,
170,HIV,Liver disease is a significant cause of illness in people living with HIV.,Lefu la sebete (liver disease) ke sesupo le se baki se seholo sa ho kula har'a batho ba phelang le HIV.,NIH_HIVinfo,hiv-liver-health,,reviewed,
1356,Tuberculosis,"TB can worsen glycaemic control in diabetic patients, creating a bidirectional relationship.","TB e ka mpefatsa taolo ea tsoekere maling ho bakuli ba nang le lefu la tsoekere, e leng se hlahisang kamano e mahlakore a mabeli.",NIH,tb-diabetes-bidirectional,,reviewed,
2786,Symptoms and Complaints,I feel my body is not responding to treatment.,Ke ikutloa 'mele oa ka ha o arabele phekolo.,WHO,symptoms-complaints-v1,,reviewed,
3633,Appointments and Follow-Up,I have come for my kidney function results.,Ke tlile bakeng sa liphetho tsa tšebetso ea lipitso tsa ka.,WHO,appointments-followup-v1,,reviewed,
4749,General Patient Education,You have the right to accept or refuse any proposed treatment.,O na le tokelo ea ho amohela kapa ho hana phekolo efe kafe e khothaletsitsoeng.,WHO,general-patient-education-v1,,reviewed,
4005,Maternal and Child Health,I am eight weeks pregnant and have not yet seen a doctor.,Ke lekaletswe ka matsatsi a mashome a mabili a le mong le ha ke se ke bone ngaka.,WHO,maternal-child-health-v1,,raw,
2683,Medication Instructions,Do not take your medicine with calcium supplements unless instructed.,U se ke ua nka moriana oa hau le lisebelisoa tsa calcium ntle le haeba ho laetsoe.,WHO,medication-instructions-v1,,reviewed,
4705,General Patient Education,Calcium and vitamin D are important for bone health.,Calcium le vitamin D li bohlokoa bakeng sa bophelo ba marapo.,WHO,general-patient-education-v1,,reviewed,
4026,Maternal and Child Health,I was told to take calcium supplements during my pregnancy.,Ke ile ka laelwa ke dule diphepetšo tsa calcium ha ke ne ke le monna-wame.,WHO,maternal-child-health-v1,,raw,
1641,Tuberculosis,Weight gain during TB treatment is a positive sign that the medicines are working.,Ho eketseha ha boima nakong ea phekolo ea TB ke letšoao le molemo la hore meriana e sebetsa.,WHO,tb-weight-gain,,reviewed,
1291,Tuberculosis,Hearing loss from aminoglycosides is often permanent and can be devastating for patients.,Ho lahleheloa ke kutlo ka lebaka la li-aminoglycoside hangata ho ba ha ka ho sa feleng ’me ho ka ba kotsi haholo ho bakuli.,WHO,tb-aminoglycoside-hearing-loss,,reviewed,
1381,Tuberculosis,I was on TB treatment for almost two years — it was the hardest thing I have ever done.,Ke bile phekolong ea lefuba (TB) hoo e ka bang lilemo tse peli — e bile ntho e thata ka ho fetisisa eo ke kileng ka e etsa.,clinical_fieldwork,patient-tb-mdr-duration,,reviewed,
1934,Medication Instructions,"Take one tablet twice daily, morning and evening, with or without food.","Nka pilisi e le ngoe habeli ka letsatsi, hoseng le mantsiboa, le lijo kapa ntle le tsona.",WHO,medication-instructions-v1,,reviewed,
580,HIV,Keep a record of your CD4 count and viral load results over time.,Hlokomela rekoto ya nomoro ya CD4 ya hao le diphetogo tsa viral load ho tswa nako.,NIH_HIVinfo,hiv-self-monitoring,,raw,
4221,Maternal and Child Health,My child has been having eye discharge and redness.,Ngoana oa ka o ntse a na le seretse sa leihlo le bofubedu.,WHO,maternal-child-health-v1,,reviewed,
3161,Symptoms and Complaints,I feel very bloated and have a lot of discomfort.,Ke ikutloa ke tletse moea haholo mme ke na le ho se ikutloe hantle ho hoholo.,WHO,symptoms-complaints-v1,,reviewed,
2031,Medication Instructions,Apply the medicated lip balm to cracked lips four times daily.,Sebelisa lip balm ea moriana molomo o phatlohileng habeli ka letsatsi.,WHO,medication-instructions-v1,,reviewed,
893,HIV,ART reduces the risk of AIDS-defining cancers by restoring immune function.,ART e fokotsa kotsi ea likankere tse hlalositsoeng ke AIDS ka ho busa tšebetso ea tšireletso ea 'mele.,NIH_HIVinfo,hiv-cancer-art,,reviewed,
3952,Appointments and Follow-Up,My doctor explained the results of all my tests clearly.,Ngaka ea ka e hlalositše liphetho tsa litlhahlobo tsohle tsa ka ka hlakiso.,WHO,appointments-followup-v1,,reviewed,
781,HIV,Facility-based adherence clubs reduce clinic congestion and improve patient satisfaction.,Maklabo a ho latela a thehiloeng kamoreng a fokotsa mathata a kliniki le ho ntlafatsa khotsofalo ea bakuli.,DOH_SA,hiv-adherence-clubs,,reviewed,
160,HIV,Always tell your healthcare provider about any traditional or herbal medicines you are taking.,Kamehla bolella mofani oa hau oa tlhokomelo ea bophelo bo botle ka meriana efe kapa efe ea setso kapa ea litlama eo u e nkang.,NIH_HIVinfo,hiv-traditional-medicine,,reviewed,
3,HIV,Starting ART early reduces the risk of serious illness and death.,Ho qala phekolo ea lithibela-mafofore (ART) kapele ho fokotsa kotsi ea ho kula haholo le lefu.,NIH_HIVinfo,art-initiation,,verified,
2264,Medication Instructions,This medicine may cause a decrease in selenium levels with long-term use.,Moriana ona o ka baka ho fokotseha ha maemo a selenium ka tšebediso ea nako e telele.,WHO,medication-instructions-v1,,reviewed,
3217,Symptoms and Complaints,I have been having episodes of sudden severe facial pain.,Ke ntse ke na le linako tsa mahloko a matla a sefahleho ka tšohanyetso.,WHO,symptoms-complaints-v1,,reviewed,
2110,Medication Instructions,Keep the medication in its original foil packaging until use.,Boloka moriana phupung ea foil ea pele ho fihlela ho sebelisoa.,WHO,medication-instructions-v1,,reviewed,
850,HIV,"Adolescents living with HIV face unique challenges including stigma, disclosure, and transition to adult care.","Bacha ba phelang le HIV ba tobana le mathata a ikhethileng ho kenyelletsa kekello, ho senola, le ho fetela tlhokomelong ea batho ba baholo.",UNICEF,hiv-adolescent-challenges,,reviewed,
2738,Symptoms and Complaints,I feel very uncomfortable and cannot sleep.,Ke ikutloa ke sa ikutloe hantle haholo mme ha ke khone ho robala.,WHO,symptoms-complaints-v1,,reviewed,
2467,Medication Instructions,Do not take a double dose of a laxative if you miss one.,U se ke ua nka dose e habeli ea laxative haeba u lahlehetsoe ke e le ngoe.,WHO,medication-instructions-v1,,reviewed,
3651,Appointments and Follow-Up,The doctor asked me how I have been feeling since my last visit.,Ngaka e nkotse hore na ke ikutloa joang ho tloha tsebelisong ea ka ea ho qetela.,WHO,appointments-followup-v1,,reviewed,
1597,Tuberculosis,Healthcare workers are at increased risk of TB exposure and should be regularly screened.,Basebetsi ba bophelo bo botle ba leng kotsing e eketsehileng ea ho hlahisoa TB mme ba lokela ho hlahlobeloa ka mehla.,WHO,tb-healthcare-workers,,reviewed,
1777,Tuberculosis,Early treatment of TB prevents permanent lung damage and improves long-term health outcomes.,Ho phekola TB kapele ho thibela kotsi ea matšoafo e sa foleng le ho ntlafatsa liphetho tsa bophelo bo botle ba nako e telele.,WHO,tb-early-treatment-benefits,,reviewed,
1914,Medication Instructions,"Take two tablets as a single dose, not to be repeated within twenty-four hours.","Nka lipilisi tse peli e le dose e le ngoe, e sa phindoe ka hare ho maho a mashome a mabeli le mane.",WHO,medication-instructions-v1,,reviewed,
1044,Tuberculosis,Unexplained weight loss is a common symptom of TB and other serious illnesses.,Ho lahleheloa ke boima ho sa hlalositsoeng ke letšoao le tloaelehileng la TB le mafu a mang a matla.,WHO,tb-symptoms,,reviewed,
4714,General Patient Education,Regular thyroid function tests help monitor your condition.,Litlhahlobo tsa tšebetso ea thyroid tsa kamehla li thusa ho hlahloba boemo ba hao.,WHO,general-patient-education-v1,,reviewed,
1545,Tuberculosis,Patients with TB and diabetes need careful monitoring as both conditions affect each other.,Bakuli ba nang le TB le tsoekere ba hloka ho hlahlojoa ka hloko hobane maemo a mabeli a angana.,WHO,tb-diabetes,,reviewed,
2737,Symptoms and Complaints,I have been having episodes of shaking and trembling.,Ke ntse ke na le linako tsa ho thothomela le ho thothomela.,WHO,symptoms-complaints-v1,,reviewed,
3707,Appointments and Follow-Up,The nurse reminded me not to share my medication with anyone.,Mooki o nkhumamisitse ho se arolelane moriana oa ka le motho ofe kafe.,WHO,appointments-followup-v1,,reviewed,
4618,General Patient Education,Physical activity after delivery supports postnatal recovery.,Mesebetsi ea 'mele ka mor'a ho belega e tshehetsa ho fola ha ka mor'a ho belega.,WHO,general-patient-education-v1,,reviewed,
54,HIV,Taking your ART correctly every day is the best way to prevent drug resistance.,Ho nka phekolo ea hau ea lithibela-mafofore (ART) ka nepo letsatsi le leng le le leng ke tsela e molemohali ea ho thibela manganga a tšusumetso ea meriana (prevent drug resistance).,WHO,hiv-drug-resistance,,reviewed,
1797,Tuberculosis,Drug-induced hepatitis from TB medicines requires temporary suspension of treatment.,Hepatitis e bakoang ke meriana ea TB e hloka ho emisa phekolo ka nakoana.,WHO,tb-patch-final,,reviewed,
1912,Medication Instructions,Take one tablet every six hours until fever subsides.,Nka pilisi e le ngoe ka maho a tšeletseng ho fihlela feberu e theohela.,WHO,medication-instructions-v1,,reviewed,
2307,Medication Instructions,This medicine may increase the sedative effects of antihistamines.,Moriana ona o ka eketsa litlamorao tsa ho robatsa tsa li-antihistamine.,WHO,medication-instructions-v1,,reviewed,
2554,Medication Instructions,Give the medicine to the child with a small amount of fruit puree if needed.,Fana ka moriana ho ngoana le puree ea lienyane e nyenyane haeba ho hlokeha.,WHO,medication-instructions-v1,,reviewed,
2801,Symptoms and Complaints,I have been feeling very unwell and am not getting better.,Ke ntse ke ikutloa ke sa phela hantle haholo mme ha ke ntlafale.,WHO,symptoms-complaints-v1,,reviewed,
4087,Maternal and Child Health,I was told to keep my stitches clean and dry.,Ke ile ka ba lemotheletswe hore ke tshepe le ke tshepe sefahleho sa ka hantle.,WHO,maternal-child-health-v1,,raw,
4128,Maternal and Child Health,I have been told my haemoglobin is low after delivery.,Nkae ilo nne nka itshele hore madi a ka a hemoglobin ke a tlase morao-matlafatsi.,WHO,maternal-child-health-v1,,raw,
825,HIV,You are doing very well on your HIV treatment and you should continue taking it every day.,U phetha hantle haholo holim'a phekolo ea HIV ea hau mme u lokela ho tsoela pele ho e nka letsatsi le leng le le leng.,clinical_fieldwork,clinician-patient-communication,,reviewed,
4734,General Patient Education,You have the right to receive care regardless of your gender.,O na le tokelo ea ho amohela tlhokomelo ntle le ho sheba bong ba hao.,WHO,general-patient-education-v1,,reviewed,
3179,Symptoms and Complaints,I feel very uncomfortable and my abdomen is very swollen.,Ke ikutloa ke sa ikutloe hantle haholo mme mpa ea ka e ruruhetse haholo.,WHO,symptoms-complaints-v1,,reviewed,
3402,Symptoms and Complaints,I have irregular menstrual periods.,Ke na le linako tsa khoeli tse sa tloaelehang.,WHO,symptoms-complaints-v1,,reviewed,
1390,Tuberculosis,Biomarker research aims to identify blood-based tests that can predict TB progression and treatment response.,Lipatlisiso tsa matšoao a thuto ea bophelo (Biomarker research) li ikemiselitse ho tseba liteko tse thehiloeng maling tse ka pakang ho tsoela pele ha lefuba (TB) le tsela eo mmele o arabang phekolo ka eona.,NIH,tb-biomarkers,,reviewed,
3565,Appointments and Follow-Up,Can I book a same-day appointment?,Na nka buka appointment ea letsatsi le leng?,WHO,appointments-followup-v1,,reviewed,
4877,General Patient Education,Seek help early if you notice changes in your mood or behaviour.,Batla thuso kapele haeba o hona liphetoho maikutlong kapa boitšoarong ba hao.,WHO,general-patient-education-v1,,reviewed,
885,HIV,Cervical cancer screening should be done annually for HIV-positive women.,Ho hlahlobeloa ha kankere ea molala oa sebaka sa ngoana ho lokela ho etsoa selemo le selemo bakeng sa basali ba nang le HIV.,WHO,hiv-cervical-cancer-screening,,reviewed,
3806,Appointments and Follow-Up,I would like to know how long I will be on this treatment.,Ke rata ho tseba nako e kae eo ke tla ba le phekolo ena.,WHO,appointments-followup-v1,,reviewed,
1608,Tuberculosis,Transport support for clinic visits reduces missed appointments among TB patients.,Tshehetso ea lipalangoa bakeng sa litsebeliso tsa kliniki e fokotsa meeto e lahlehileng ho bakuli ba TB.,DOH_SA,tb-transport-support,,reviewed,
1595,Tuberculosis,Homeless people face significant barriers to TB diagnosis and treatment completion.,Batho ba hlokang ntlo ba tobana le meqoqo e kholo ea tlhahlobo ea TB le ho phetela phekolo.,CDC,tb-homeless,,reviewed,
772,HIV,The RV144 trial showed that an HIV vaccine could provide modest protection.,Tlhahlobo ea RV144 e bontšitse hore ente ea HIV e ka fana ka tšireletso e nyenyane.,NIH_HIVinfo,hiv-rv144,,reviewed,
2612,Medication Instructions,Inform your doctor if you develop new symptoms while taking your medicine.,Tsebisa ngaka ea hau haeba u ba le matšoao a mocha ha u nka moriana oa hau.,WHO,medication-instructions-v1,,reviewed,
4662,General Patient Education,Avoid stress and get regular exercise to manage hypertension.,Hana khatello ea maikutlo mme u itlame ka mehla ho laola khatello e phahameng ea mali.,WHO,general-patient-education-v1,,reviewed,
2274,Medication Instructions,This medicine may cause increased sensitivity to environmental allergens.,Moriana ona o ka baka ho amehela haholo ho li-allergen tsa tikoloho.,WHO,medication-instructions-v1,,reviewed,
1869,Medication Instructions,Take one tablet at night for insomnia as directed.,Nka pilisi e le ngoe bosiu bakeng sa ho hloka boroko joalo ka ha ho laetsoe.,WHO,medication-instructions-v1,,reviewed,
1086,Tuberculosis,Delayed TB diagnosis leads to continued transmission and worse patient outcomes.,Ho lieha ha tlhahlobo ea TB ho lebisa ho tsoela pele ha phetisetso le liphetho tse mpe tsa bakuli.,WHO,tb-diagnosis-delay,,reviewed,
11,HIV,ART protects your immune system by keeping your CD4 count high.,Phekolo ea lithibela-mafofore (ART) e ts'ireletsa sesole sa mmele sa hau ka ho boloka boemo ba lisele tsa CD4 bo phahame.,NIH_HIVinfo,art-benefits,,verified,
3612,Appointments and Follow-Up,I am here for my child's immunisation appointment.,Ke teng bakeng sa appointment ea liente tsa ngoana oa ka.,WHO,appointments-followup-v1,,reviewed,
1326,Tuberculosis,All HIV-positive people without active TB should be offered TB preventive therapy.,Batho bohle ba nang le HIV ba se nang TB e sebetsang ba lokela ho fuoa kalafo ea thibelo ea TB.,WHO,tb-tpt-hiv,,reviewed,
3391,Symptoms and Complaints,I have been urinating very frequently.,Ke ntse ke morota hangata haholo.,WHO,symptoms-complaints-v1,,reviewed,
1464,Tuberculosis,"Counselling at TB diagnosis should address fears, stigma, and the patient's support network.","Keletso nako ea tlhahlobo ea TB e lokela ho sebetsana le litšabo, kekello, le marang-rang a tshehetso ea mokuloi.",WHO,tb-diagnosis-counselling,,reviewed,
807,HIV,I do not understand why I need to take cotrimoxazole if I am already on HIV medicine.,Ha ke utloisise hobaneng ke hloka ho nka cotrimoxazole haeba ke se ke le holim'a meriana ea HIV.,clinical_fieldwork,patient-oi-prophylaxis-education,,reviewed,
4261,Maternal and Child Health,I was told to start with soft porridge and mashed vegetables.,Ke boletsoe ho qala ka puthu e boleta le merogo e phatloselitsoeng.,WHO,maternal-child-health-v1,,reviewed,
3986,Appointments and Follow-Up,I will encourage my family members to also attend regular check-ups.,Ke tla khothaletsa maloko a lelapa la ka ho tla litlhahlobong tsa kamehla.,WHO,appointments-followup-v1,,reviewed,
3772,Appointments and Follow-Up,I need to attend my follow-up appointment next Monday.,Ke hloka ho tla appointment ea ka ea ho latela Mantaheng e tlang.,WHO,appointments-followup-v1,,reviewed,
2109,Medication Instructions,Do not store the medication in the freezer unless specifically instructed.,U se ke ua boloka moriana freezer ntle le haeba ho laetsoe ka kotloloho.,WHO,medication-instructions-v1,,reviewed,
4236,Maternal and Child Health,My child has been referred to a speech therapist.,Ngoana oa ka o romeloa ho setsebi sa puo.,WHO,maternal-child-health-v1,,reviewed,
4957,General Patient Education,Take regular breaks to prevent fatigue and injury at work.,Nka maphomelo a kamehla ho thibela ho lapala le likotsi mosebetsing.,WHO,general-patient-education-v1,,reviewed,
2235,Medication Instructions,Contact your doctor if you develop a persistent headache while taking this medicine.,Ikopanye le ngaka ea hau haeba u ba le mahloko a hlooho a tsoelang pele ha u nka moriana ona.,WHO,medication-instructions-v1,,reviewed,
3212,Symptoms and Complaints,I have weakness in my hands and cannot grip things.,Ke na le ho fokotsehela matsoho a ka mme ha ke khone ho tšoara lintho.,WHO,symptoms-complaints-v1,,reviewed,
964,HIV,HIV self-testing kits allow people to test privately at home and receive results within minutes.,Lisebelisoa tsa ho itlhahlobeloa HIV li lumella batho ho itlhahlobeloa ka sephiri lapeng le ho fumana liphetho ka metsotso e mefeng.,WHO,hiv-self-testing,,reviewed,
3416,Symptoms and Complaints,I have been leaking urine when I exercise.,Ke ntse ke tsoa moroto ha ke itlama.,WHO,symptoms-complaints-v1,,reviewed,
3754,Appointments and Follow-Up,I was reminded to note any side effects and report them.,Ke khumamisitsoe ho hona litlamorao tse ling tsohle mme ke li bue.,WHO,appointments-followup-v1,,reviewed,
399,HIV,I have purple spots on my skin that are not going away.,"Ke na mefuta e bulosi ka mmeleng, e sa tsamaee.",clinical_fieldwork,patient-oi-symptoms,,raw,
2633,Medication Instructions,Do not take your medicine with energy drinks unless instructed.,U se ke ua nka moriana oa hau le lino tsa matla ntle le haeba ho laetsoe.,WHO,medication-instructions-v1,,reviewed,
4852,General Patient Education,Sexual health is an important part of your overall health and wellbeing.,Bophelo ba thobalano ke karolo ea bohlokoa ea bophelo ba hao ka bophara le boiketlo.,WHO,general-patient-education-v1,,reviewed,
2997,Symptoms and Complaints,I feel like I cannot get enough air.,Ke ikutloa joalo ka ha ha ke khone ho fumana moea o lekaneng.,WHO,symptoms-complaints-v1,,reviewed,
705,HIV,Herpes zoster or shingles is more common and more severe in people living with HIV.,Herpes zoster kapa shingles e atile haholo ebile e matla ho batho ba phelang le HIV.,NIH_HIVinfo,oi-herpes-zoster,,reviewed,
432,HIV,"Sex workers have the right to access HIV prevention, testing, and treatment services.",Basebetsi ba thobalano ba na le tokelo ea ho fihlella litshebeletso tsa thibelo ea HIV liteko le phekolo.,UNAIDS,hiv-sex-workers,,reviewed,
293,HIV,Support groups provide a safe space for people living with HIV to share experiences.,Makala a thuso a thusa batho ba phelang le HIV ho ba le sebaka se sireletsehile ho tseba mahloko a bona.,UNAIDS,hiv-support-groups,,raw,
4868,General Patient Education,Schizophrenia is a serious mental illness that affects thinking and behaviour.,Schizophrenia ke bolwetse ba kelello bo bobe bo angoa ho nahana le boitšoaro.,WHO,general-patient-education-v1,,reviewed,
146,HIV,HIV-related grief and loss can cause prolonged sadness that requires professional support.,Mahlomola le tahlehelo tse amanang le HIV li ka baka masoabi a nako e telele a hlokang tšehetso le thuso ea litsebi tsa bophelo bo botle ba kelello.,SADAG,hiv-grief,,reviewed,
4394,Maternal and Child Health,I was told that the copper IUD does not contain hormones.,Ke boletsoe hore IUD ea copper ha e na li-hormone.,WHO,maternal-child-health-v1,,reviewed,
2034,Medication Instructions,Apply the cooling gel to the forehead to help reduce fever.,Sebelisa cooling gel phatleng ho thusa ho fokotsa feberu.,WHO,medication-instructions-v1,,reviewed,
4284,Maternal and Child Health,I was referred to an early childhood development centre.,Ke romeloa sentheng sa kholo ea bana ba banyenyane.,WHO,maternal-child-health-v1,,reviewed,
1166,Tuberculosis,"Common side effects of TB treatment include nausea, vomiting, and loss of appetite.","Litlamorao tse tloaelehileng tsa phekolo ea TB li kenyelletsa ho nyakeloa, ho hlatsa, le ho lahleheloa ke takatso ea lijo.",CDC,tb-side-effects,,reviewed,
3501,Appointments and Follow-Up,I would like to book an appointment with the doctor.,Ke rata ho buka appointment le ngaka.,WHO,appointments-followup-v1,,reviewed,
2051,Medication Instructions,Discard any unused portion after twenty-eight days of opening.,Lahlehisa karolo efe kape efe e sa sebelisoa ka mor'a matsatsi a mashome a mabeli le robeli ho bula.,WHO,medication-instructions-v1,,reviewed,
2625,Medication Instructions,Do not take your medicine with juice unless instructed.,U se ke ua nka moriana oa hau le moerane ntle le haeba ho laetsoe.,WHO,medication-instructions-v1,,reviewed,
4379,Maternal and Child Health,I was told that family planning is not only for women.,Ke boletsoe hore ho rererela lelapa ha se bakeng sa basali feela.,WHO,maternal-child-health-v1,,reviewed,
340,HIV,Azithromycin is used to prevent MAC disease in people with very low CD4 counts.,Azithromycin e sebelisoa ho thibela tsebe tsa MAC ho batho ba nang le CD4 e tlase haholo.,NIH_HIVinfo,oi-mac-prevention,,raw,
3880,Appointments and Follow-Up,I did not attend because I was afraid of the test results.,Ha ke a tla hobane ke ne ke tšaba liphetho tsa tlhahlobo.,WHO,appointments-followup-v1,,reviewed,
4633,General Patient Education,Chronic sleep deprivation increases the risk of many health problems.,Ho hloka boroko ho tsoelang pele ho eketsa kotsi ea mathata a mangata a bophelo.,WHO,general-patient-education-v1,,reviewed,
2974,Symptoms and Complaints,I have a sharp pain in my left foot.,Ke na le mahloko a bohale leotong la ka la molema.,WHO,symptoms-complaints-v1,,reviewed,
266,HIV,Workplace HIV programmes can support employees living with HIV.,Programme ya HIV ya setšhaba ya mosebetsi e ka thusa baahi ba mosebetsi ba a na le HIV.,ILO,hiv-workplace,,raw,
2425,Medication Instructions,"Take the missed dose as soon as you remember, then continue your regular dosing schedule.","Nka dose e lahlehileng hang hang ha u hopola, ebe u tsoele pele le lenaneo la hau la kamehla la ho nka moriana.",WHO,medication-instructions-v1,,reviewed,
1263,Tuberculosis,Quarterly cohort analysis of TB treatment outcomes helps programmes identify gaps and improve performance.,Tlhahlobo ea kotara ea lihlopha tsa bakuli mabapi le liphetho tsa kalafo ea TB e thusa mananeo ho tseba likheo le ho ntlafatsa ts'ebetso.,WHO,tb-cohort-analysis,,reviewed,
1772,Tuberculosis,Organ transplant recipients are at increased risk of TB due to immunosuppressive therapy.,Batho ba fumanang litho tse fetisitsoeng ba leng kotsing e eketsehileng ea TB ka lebaka la phekolo ea ho laola tšireletso ea 'mele.,WHO,tb-transplant,,reviewed,
3512,Appointments and Follow-Up,Can I book an appointment for a prenatal check-up?,Na nka buka appointment bakeng sa tlhahlobo ea ho mitsa?,WHO,appointments-followup-v1,,reviewed,
272,HIV,Traditional healers should be engaged as partners in HIV prevention and care.,Bangadi ba setso ba ha ke ba etelletswe pele e le baeti ba kgotla tshehadi ya HIV le tshireletso.,WHO,hiv-traditional-healers,,raw,
697,HIV,Integrating PMTCT with maternal and child health services improves uptake.,Ho kopanya PMTCT le litshebeletso tsa bophelo bo botle ba bomme le bana ho ntlafatsa ho amoheloa.,WHO,pmtct-integration,,reviewed,
748,HIV,Motivational interviewing is an effective counselling approach for improving ART adherence.,Lipotso tsa khothaletso ke mokoa oa keletso o sebetsang ho ntlafatsa ho latela ART.,WHO,hiv-motivational-interviewing,,reviewed,
245,HIV,Hepatitis C can now be cured with direct-acting antiviral medicines.,Hepatitis C joale e ka folisoa ka meriana ea antiviral e sebetsang ka kotloloho.,NIH_HIVinfo,hiv-hepatitis-c-treatment,,reviewed,
318,HIV,Mothers should be supported to make informed choices about infant feeding.,Ba bang ba tla tsebisa ho etsa ditshenyehelo tse ntle tse ntle tsa go dija ngwana.,WHO,pmtct-infant-feeding-counselling,,raw,
477,HIV,Nutritional support programmes improve ART initiation and retention in care.,Mananeo a tshehetso ea phepo a ntlafatsa ho qala ART le ho lula tlhokomelong.,FAO,hiv-nutrition-programmes,,reviewed,
2033,Medication Instructions,Inhale the reliever inhaler at the first sign of breathlessness.,Hema reliever inhaler letšoaong la pele la ho hloka moya.,WHO,medication-instructions-v1,,reviewed,
958,HIV,"HIV is not transmitted by sharing food, utensils, or toilet seats.","HIV ha e fetiseloe ka ho arolelana lijo, lisebelisoa tsa lijo, kapa litoilete.",CDC_HIVNexus,hiv-transmission-myths,,reviewed,
3817,Appointments and Follow-Up,I want to ask if it is safe to take two medications together.,Ke rata ho botsa haeba ho bolokehile ho nka meriana e mebeli hammoho.,WHO,appointments-followup-v1,,reviewed,
814,HIV,I am HIV-positive and I want to know if I can still have a healthy baby.,Ke na le HIV mme ke batla ho tseba hore na ke ka ntse ke ba le ngoana ea phelang hantle.,clinical_fieldwork,patient-pmtct-planning,,reviewed,
4533,General Patient Education,Drink at least eight glasses of water every day.,Noa bonyane ligilase tse robeli tsa metsi letsatsi le leng le le leng.,WHO,general-patient-education-v1,,reviewed,
1915,Medication Instructions,Take one tablet every morning with food for long-term management.,Nka pilisi e le ngoe hoseng hoa hoseng le lijo bakeng sa taolo ea nako e telele.,WHO,medication-instructions-v1,,reviewed,
4603,General Patient Education,Wear comfortable and supportive footwear when exercising.,Apara lieta tse lokelang le tse tshehetsoang ha o itlama.,WHO,general-patient-education-v1,,reviewed,
3488,Symptoms and Complaints,I have a feeling of pressure in my renal calyx.,Ke na le maikutlo a khatello renal calyxeng ea ka.,WHO,symptoms-complaints-v1,,reviewed,
1298,Tuberculosis,The MDR-TB treatment success rate globally is approximately 63%.,Sekhahla sa katleho ea kalafo ea MDR-TB lefatšeng ka bophara se ka ba 63%.,WHO,tb-mdr-success-rate,,reviewed,
4031,Maternal and Child Health,I was told to take my ART medication every day during pregnancy.,Ke ile ka laelwa ke dule ART ka matsatsi ohle ha ke ne ke le monna-wame.,WHO,maternal-child-health-v1,,raw,
1805,Medication Instructions,Take one tablet every twelve hours.,Nka pilisi e le ngoe ka maho a leshome le metso e meli le metso e meli.,WHO,medication-instructions-v1,,reviewed,
759,HIV,Mid-upper arm circumference is used to assess nutritional status in children living with HIV.,Bophara ba bohareng ba lephaka le holimo bo sebelisoa ho lekola boemo ba phepo ho bana ba phelang le HIV.,UNICEF,hiv-muac,,reviewed,
251,HIV,Adolescent girls and young women are disproportionately affected by HIV in sub-Saharan Africa.,Banana le basali ba bacha ba angoa ke HIV ka mokgwa o sa lekanang Afrika e ka tlase ho Sahara.,UNAIDS,hiv-gender,,reviewed,
2462,Medication Instructions,"If you miss a dose of a patch, apply it as soon as you remember.","Haeba u lahlehetsoe ke dose ea patch, e beha hang hang ha u hopola.",WHO,medication-instructions-v1,,reviewed,
546,HIV,"Living well with HIV requires taking medicines, attending clinic appointments, and maintaining a healthy lifestyle.","Go tsamaya hantle le HIV go kwešiša go ja medise, go etela dipookego tsa klinik, le go hlokomela bophelo bjo bo botswa.",WHO,hiv-positive-living,,raw,
3242,Symptoms and Complaints,I have difficulty with my balance and keep falling.,Ke na le bothata ba tekanyo mme ke ntse ke wa.,WHO,symptoms-complaints-v1,,reviewed,
739,HIV,Cash transfer programmes for adolescent girls reduce HIV risk.,Mananeo a ho fetisetsa chelete bakeng sa banana ba bacha a fokotsa kotsi ea HIV.,UNAIDS,hiv-cash-transfers,,reviewed,
311,HIV,Newborns of HIV-positive mothers should receive cotrimoxazole prophylaxis from six weeks.,Bana ba basali ba nang le HIV ba fetohelele ho amohela kotrimoksasoli ya prophylaxis ho tsoa ka beke e tlaletsang mashome a mabedi.,WHO,pmtct-infant-prophylaxis,,raw,
3781,Appointments and Follow-Up,I should transfer my file if I move to another clinic.,Ke lokela ho fetisa faele ea ka haeba ke fetohela klinikeng e nngwe.,WHO,appointments-followup-v1,,reviewed,
2942,Symptoms and Complaints,I have a burning pain in my right knee.,Ke na le mahloko a ho chesa mangoleng a ka a le letona.,WHO,symptoms-complaints-v1,,reviewed,
1132,Tuberculosis,"The immune system forms granulomas to contain TB bacteria, preventing active disease in most people.","Tšireletso ea 'mele e theha li-granuloma ho laola bakteria ea TB, e thibela bolwetse bo sebetsang ho batho ba bangata.",NIH,tb-granuloma,,reviewed,
1450,Tuberculosis,"The WHO End TB Strategy has three pillars: integrated patient-centred care, bold policies, and intensified research.","Leano la WHO la ho Felisa TB le na le mabota a mararo: tlhokomelo e kopaneng e beha mokuloi bohareng, maano a beang pele, le lipatlisiso tse matlisoang.",WHO,tb-end-tb-pillars,,reviewed,
4920,General Patient Education,Community health workers can visit you at home for health support.,Basebetsi ba bophelo ba sechaba ba ka etela lapeng bakeng sa tshehetso ea bophelo bo botle.,WHO,general-patient-education-v1,,reviewed,
16,HIV,A pill organiser can help you remember to take your medicines on time.,"""Sehlophisi sa lipilisi (pill organiser) se ka u thusa ho hopola ho nwa meriana ea hau ka nako e nepahetseng.",NHS,art-adherence-tools,,reviewed,
3233,Symptoms and Complaints,I have been having episodes of sudden severe shoulder pain.,Ke ntse ke na le linako tsa mahloko a matla a hetla ka tšohanyetso.,WHO,symptoms-complaints-v1,,reviewed,
2770,Symptoms and Complaints,I feel my whole body is reacting to something.,Ke ikutloa 'mele oa ka ka bophara o arabela ntho e itseng.,WHO,symptoms-complaints-v1,,reviewed,
3469,Symptoms and Complaints,I have a feeling of urgency related to my renal cortex.,Ke na le maikutlo a ho hloka ka potlako a amanang le renal cortex ea ka.,WHO,symptoms-complaints-v1,,reviewed,
921,HIV,I want to know if I can drink alcohol while taking my HIV medicine.,Ke batla ho tseba hore na ke ka noa joala ha ke nka meriana ea HIV ea ka.,clinical_fieldwork,patient-art-alcohol,,reviewed,
3030,Symptoms and Complaints,I feel a stabbing pain in my chest when I breathe deeply.,Ke ikutloa mahloko a ho hlaba sefubeng ha ke hema ka botebo.,WHO,symptoms-complaints-v1,,reviewed,
1373,Tuberculosis,Social protection programmes can mitigate the economic impact of TB on patients and families.,Mananeo a tšireletso ea sechaba a ka fokotsa mathata a moruo a bakoang ke lefuba (TB) ho bakuli le malapa a bona.,WHO,tb-social-protection-impact,,reviewed,
3588,Appointments and Follow-Up,I need directions to the clinic for my appointment.,Ke hloka litaelo tsa ho ea klinikeng bakeng sa appointment ea ka.,WHO,appointments-followup-v1,,reviewed,
2545,Medication Instructions,Do not give the medicine to a child who is on a low-fat diet without advice.,U se ke ua fana ka moriana ho ngoana ea lijo tse tlase tsa mafura ntle le keletso.,WHO,medication-instructions-v1,,reviewed,
3599,Appointments and Follow-Up,I would like to know if I need an appointment or can walk in.,Ke rata ho tseba haeba ke hloka appointment kapa nka kena feela.,WHO,appointments-followup-v1,,reviewed,
39,HIV,Tell your doctor immediately if you develop a severe rash after starting ART.,Prisang mofani oa hau oa bophelo kapa ngaka kapele-pele haeba u e-ba le lekhopho le matla (severe rash) ka mor'a ho qala phekolo ea lithibela-mafofore (ART).,NIH_HIVinfo,art-side-effects,,reviewed,
364,HIV,Liver function tests should be monitored regularly in people with HIV and hepatitis B.,Methalo ya mafu ea madi ya letsatsi e tla be e tsejoa ka nako le nako ho batho ba nang le HIV le hepatitis B.,WHO,hiv-hbv-monitoring,,raw,
4102,Maternal and Child Health,My baby was given the polio vaccine at birth.,Ngoanana ka mora o ne a nwilwe bolwetse bja polio ha se tsalwe.,WHO,maternal-child-health-v1,,raw,
183,HIV,AIDS stands for Acquired Immunodeficiency Syndrome.,AIDS e emela Acquired Immunodeficiency Syndrome.,CDC_HIVNexus,hiv-basics,,reviewed,
3034,Symptoms and Complaints,I feel a tightness in my throat when I breathe.,Ke ikutloa ho tšoaroa ha molala ha ke hema.,WHO,symptoms-complaints-v1,,reviewed,
2984,Symptoms and Complaints,I have a burning sensation in my right elbow.,Ke na le maikutlo a ho chesa tsualikaneng la ka la le letona.,WHO,symptoms-complaints-v1,,reviewed,
1195,Tuberculosis,Digital adherence technologies such as electronic pill boxes can monitor TB treatment in real time.,Liteknoloji tsa ho latela tsa dijithale joalo ka libokose tsa lipilisi tsa elektroniki li ka hlahloja phekolo ea TB nako ea nnete.,WHO,tb-digital-adherence,,reviewed,
2853,Symptoms and Complaints,I have pain in my neck that makes it hard to turn my head.,Ke na le mahloko molaleng oa ka a etsang hore ho be thata ho retela hlooho ea ka.,WHO,symptoms-complaints-v1,,reviewed,
4543,General Patient Education,Folate-rich foods such as leafy greens are important during pregnancy.,Lijo tse nang le folate joalo ka merogo e tala e bohlokoa nakong ea ho mitsa.,WHO,general-patient-education-v1,,reviewed,
1122,Tuberculosis,"Smoking increases the risk of TB infection, active disease, and death.","Ho tsuba ho eketsa kotsi ea tšoaetso ea TB, bolwetse bo sebetsang, le lefu.",WHO,tb-smoking-risk,,reviewed,
2236,Medication Instructions,This medicine may cause a decrease in magnesium levels.,Moriana ona o ka baka ho fokotseha ha maemo a magnesium.,WHO,medication-instructions-v1,,reviewed,
2668,Medication Instructions,Inform your doctor if you are having difficulty with the storage of your medicine.,Tsebisa ngaka ea hau haeba u na le bothata ba ho boloka moriana oa hau.,WHO,medication-instructions-v1,,reviewed,
3700,Appointments and Follow-Up,The doctor told me to bring a family member to the next visit.,Ngaka e mpoleletse ho tlisa leloko la lelapa tsebelisong e latelang.,WHO,appointments-followup-v1,,reviewed,
3224,Symptoms and Complaints,I have weakness in my tongue and difficulty speaking clearly.,Ke na le ho fokotsehela leleme mme ke na le bothata ba ho bua ka hlakiso.,WHO,symptoms-complaints-v1,,reviewed,
1183,Tuberculosis,"Pill reminders, alarm clocks, and mobile phone apps can help TB patients remember their daily doses.","Litemoso tsa lipilisi, li-alarm, le li-app tsa mohala li ka thusa bakuli ba TB ho hopola li-dose tsa bona tsa letsatsi le leng le le leng.",WHO,tb-adherence-tools,,reviewed,
4185,Maternal and Child Health,I was given therapeutic food for my malnourished child.,Ke ile ka fumana tšeho ya bolwetse ba go feta mmele bakeng sa mwana wa ka.,WHO,maternal-child-health-v1,,raw,
4294,Maternal and Child Health,I was told to protect my child from the sun.,Ke boletsoe ho sireletsa ngoana oa ka ho letsatsi.,WHO,maternal-child-health-v1,,reviewed,
615,HIV,Peer support from other people living with HIV significantly improves ART adherence.,Tshehetso ea bahlankana ho tsoa ho batho ba bang ba phelang le HIV e ntlafatsa ho latela ART haholo.,UNAIDS,hiv-peer-adherence-support,,reviewed,
4909,General Patient Education,Addressing mental health improves outcomes for all chronic conditions.,Ho sebetsana le bophelo ba kelello ho ntlafatsa liphetho bakeng sa maemo ohle a tsoelang pele.,WHO,general-patient-education-v1,,reviewed,
1467,Tuberculosis,Defaulter tracing — following up patients who miss appointments — is a critical nursing responsibility.,Ho latela bahloki ba meeto — ho latela bakuli ba lahlehetseng meeto — ke boikarabello ba bohlokoa ba booki.,DOH_SA,tb-defaulter-tracing,,reviewed,
402,HIV,I am HIV-positive and I am seven months pregnant.,Ke na le HIV mme ke ima likhoeli tse supileng.,clinical_fieldwork,patient-pmtct,,reviewed,
3043,Symptoms and Complaints,I have a cough that is triggered by laughing.,Ke na le ho kohoa ho qalisitsoeng ke ho seka.,WHO,symptoms-complaints-v1,,reviewed,
935,HIV,Your HIV test result today is positive and I want to support you through this.,Sephetho sa tlhahlobo ea HIV ea hau kajeno ke se molemo mme ke rata ho u tshehetsa ka nako ena.,clinical_fieldwork,clinician-patient-communication,,reviewed,
2420,Medication Instructions,"If you miss a dose of an antiepileptic drug, take it as soon as possible.","Haeba u lahlehetsoe ke dose ea moriana oa antiepileptic, e nke kamoo ho khonehang ka potlako.",WHO,medication-instructions-v1,,reviewed,
4861,General Patient Education,One in four people will experience a mental health problem in their lifetime.,Motho e mong ho batho ba bane o tla ikutloa bothata ba bophelo ba kelello bophelong ba hae.,WHO,general-patient-education-v1,,reviewed,
4911,General Patient Education,A mentally healthy community is a productive and thriving community.,Sechaba se phela hantle ka kelello ke sechaba se sebetsang le se holang.,WHO,general-patient-education-v1,,reviewed,
2642,Medication Instructions,Take your medicine with a positive attitude to improve treatment outcomes.,Nka moriana oa hau ka maikutlo a molemo ho ntlafatsa liphetho tsa phekolo.,WHO,medication-instructions-v1,,reviewed,
4018,Maternal and Child Health,I have difficulty sleeping because of my pregnancy.,Ke na le thata e kgotso ya ka ha ke ntse ke robala ka bohlokehi.,WHO,maternal-child-health-v1,,raw,
727,HIV,Harm reduction does not increase drug use and is an evidence-based HIV prevention strategy.,Ho fokotsa kotsi ha ho eketse tšebediso ea meriana mme ke leano la thibelo ea HIV le thehiloeng holim'a bopaki.,UNAIDS,hiv-harm-reduction-evidence,,reviewed,
827,HIV,Pre-test counselling explains the purpose of the HIV test and what the results mean.,Keletso e ntoeng pele ho tlhahlobo e hlalosa morero oa tlhahlobo ea HIV le hore na liphetho li bolela eng.,CDC_HIVNexus,hiv-pre-test-counselling,,reviewed,
1522,Tuberculosis,A chest X-ray can show changes in the lungs that suggest tuberculosis.,X-ray ea sefuba e ka bontša liphetoho matšoafong tse bontšang tuberculosis.,NHS,tb-xray,,reviewed,
4857,General Patient Education,Support services for gender-based violence are available at the clinic.,Litšebeletso tsa tshehetso bakeng sa tlhekefetso e thehiloeng ho bong li fumaneha klinikeng.,WHO,general-patient-education-v1,,reviewed,
2931,Symptoms and Complaints,I have pain in my left leg that is constant.,Ke na le mahloko leotong la ka la molema a tsoelang pele.,WHO,symptoms-complaints-v1,,reviewed,
137,HIV,Testing again after the window period gives a more accurate result.,Ho ikemisetsa ho hlahlobjoa hape ka mor'a hore nako ea fensetere (window period) e fete ho fana ka liphetho tse nepahetseng le ho feta.,CDC_HIVNexus,hiv-testing,,reviewed,
3591,Appointments and Follow-Up,I need to reschedule my appointment due to transport problems.,Ke hloka ho fetola appointment ea ka ka lebaka la mathata a lipalangoa.,WHO,appointments-followup-v1,,reviewed,
629,HIV,My children do not know I have HIV and I am not sure when to tell them.,Bana ba ka ha ba tsebe hore ke na le HIV mme ha ke tsebe nako eo ke tla ba bolella ka eona.,clinical_fieldwork,patient-hiv-family-disclosure,,reviewed,
335,HIV,Oesophageal candidiasis causes difficulty and pain when swallowing.,Oesophageal candidiasis e qobella bohloko le ho hema ha ho nyola.,NIH_HIVinfo,oi-candidiasis,,raw,
391,HIV,Lopinavir/ritonavir is a protease inhibitor used in second-line ART regimens.,Lopinavir/ritonavir ke kabo e etsang ka mokhoa wa ho hanela protease e tsoang ho tseba HIV ho tseba second-line.,WHO,art-lopinavir,,raw,
4388,Maternal and Child Health,I was told that it may take time to fall pregnant after stopping the injection.,Ke boletsoe hore ho ka nka nako ho mitsa ka mor'a ho emisa ente.,WHO,maternal-child-health-v1,,reviewed,
4905,General Patient Education,Communities play an important role in supporting mental health.,Sechaba se bapala karolo ea bohlokoa ho tshehetsa bophelo ba kelello.,WHO,general-patient-education-v1,,reviewed,
3833,Appointments and Follow-Up,I want to ask about my child's vaccination schedule.,Ke rata ho botsa ka lenaneo la liente tsa ngoana oa ka.,WHO,appointments-followup-v1,,reviewed,
1818,Medication Instructions,"Take one tablet every four hours, not exceeding six tablets in twenty-four hours.","Nka pilisi e le ngoe ka maho a mane, u sa fete lipilisi tse tšeletseng ka maho a mashome a mabeli le mane.",WHO,medication-instructions-v1,,reviewed,
401,HIV,I have been having night sweats and losing weight for two months.,Ke bile le molapo oa bosiu le ho lahleheloa ke boima ka likhoeli tse peli.,clinical_fieldwork,patient-hiv-tb-symptoms,,reviewed,
711,HIV,Histoplasmosis is an opportunistic fungal infection that affects people with low CD4 counts.,Histoplasmosis ke tšoaetso ea fungal ea monyetla e angoa batho ba nang le palo e tlase ea CD4.,CDC_HIVNexus,oi-histoplasmosis,,reviewed,
1040,Tuberculosis,TB transmission can be interrupted by early diagnosis and prompt initiation of effective treatment.,Phetisetso ea TB e ka emisoa ka ho fumanoa kapele le ho qala phekolo e sebetsang hang hang.,WHO,tb-transmission-control,,reviewed,
3990,Appointments and Follow-Up,I feel confident about managing my health with regular follow-up.,Ke ikutloa ke na le boitshepo ka ho laola bophelo ba ka ka ho latela ka mehla.,WHO,appointments-followup-v1,,reviewed,
3360,Symptoms and Complaints,I have a rash that is accompanied by swollen lymph nodes.,Ke na le ho ruruha ha letlalo ho tsamaeang le ho ruruha ha li-lymph node.,WHO,symptoms-complaints-v1,,reviewed,
47,HIV,Long-term ART use can affect bone density and your doctor may recommend calcium supplements.,"Tšebeliso ea nako e telele ea ART e ka ama boima ba masapo (bone density), 'me ngaka ea hau e ka khothaletsa hore u nke li-supplement tsa k'halsiamo (calcium supplements).",NIH_HIVinfo,art-long-term,,reviewed,
1562,Tuberculosis,Isoniazid preventive therapy for six months is recommended for people living with HIV.,Phekolo ea thibelo ea isoniazid ka likhoeli tse tšeletseng e khothalletsoa bakeng sa batho ba phelang le HIV.,WHO,tb-ipt,,reviewed,
4800,General Patient Education,Believe in your ability to improve and maintain your health.,Lumela bokgoneng ba hao ba ho ntlafatsa le ho boloka bophelo ba hao.,WHO,general-patient-education-v1,,reviewed,
3643,Appointments and Follow-Up,I have an appointment for my two-week post-discharge check.,Ke na le appointment bakeng sa tlhahlobo ea libeke tse peli ka mor'a ho tloha sepetleleng.,WHO,appointments-followup-v1,,reviewed,
3727,Appointments and Follow-Up,I have been reminded to take my medication every day.,Ke khumamisitsoe ho nka moriana oa ka letsatsi le leng le le leng.,WHO,appointments-followup-v1,,reviewed,
4983,General Patient Education,Antibiotic resistance is a serious global health threat.,Ho hana ha li-antibiotic ke kotsi e matla ea bophelo lefatšeng lohle.,WHO,general-patient-education-v1,,reviewed,
1113,Tuberculosis,TB incidence has been declining globally but the rate of decline is too slow to meet End TB targets.,Palo ea litšoaetso tse ncha tsa TB e theohile lefatšeng lohle empa lebelo la ho theohela le lieha haholo ho fihlela lipheo tsa ho Felisa TB.,WHO,tb-global-report-2023,,reviewed,
2514,Medication Instructions,Give the medicine to the child with a small snack if it causes stomach upset.,Fana ka moriana ho ngoana le sejo se senyenyane haeba se baka ho nyakeloa ha mala.,WHO,medication-instructions-v1,,reviewed,
3609,Appointments and Follow-Up,I am here for my TB treatment appointment.,Ke teng bakeng sa appointment ea phekolo ea TB.,WHO,appointments-followup-v1,,reviewed,
1224,Tuberculosis,TB patients who use alcohol should be counselled about the increased risk of liver toxicity.,Bakuli ba TB ba noang joala ba lokela ho eletsoa ka kotsi e eketsehileng ea chefo sebeteng.,WHO,tb-alcohol-treatment,,reviewed,
4061,Maternal and Child Health,I was told to eat a balanced diet during my pregnancy.,Ke ile ka laledwa hore ke je mosebetsi o otlwanwa ka nako ya bongaka.,WHO,maternal-child-health-v1,,raw,
3024,Symptoms and Complaints,I am coughing up rusty-coloured sputum.,Ke kohoa sputum e mmala oa tšepe e ruruhetse.,WHO,symptoms-complaints-v1,,reviewed,
2422,Medication Instructions,"If you miss a dose of a thyroid medicine, take it the same day if possible.","Haeba u lahlehetsoe ke dose ea moriana oa thyroid, e nke letsatsing le leng leo haeba ho khoneha.",WHO,medication-instructions-v1,,reviewed,
1509,Tuberculosis,Every day I am healthy is a gift — TB taught me not to take my health for granted.,Letsatsi le leng le le leng leo ke phelang hantle ke mpho — TB e nthutile ho se nke bophelo ba ka e le ntho e tloaelehileng.,clinical_fieldwork,patient-tb-gratitude-health,,reviewed,
1751,Tuberculosis,Integrated TB and primary healthcare services reduce patient travel and improve access.,Litshebeletso tse kopaneng tsa TB le tsa tlhokomelo ea bophelo bo botle ea motheo li fokotsa ho tsamaea ha bakuli le ho ntlafatsa phihlello.,WHO,tb-integrated-phc,,reviewed,
4838,General Patient Education,The HPV vaccine protects against cervical cancer.,Ente ea HPV e sireletsa ho kankere ea molala oa mphe.,WHO,general-patient-education-v1,,reviewed,
4097,Maternal and Child Health,I was told to breastfeed my baby every two to three hours.,Ke ile ya laledwa ke go bonyatsa ngwana wa ka hare ho dilemo tse pedi ho isa tse tharo.,WHO,maternal-child-health-v1,,raw,
1800,Tuberculosis,Stevens-Johnson syndrome is a rare but severe skin reaction to some TB medicines.,Stevens-Johnson syndrome ke karabelo ea letlalo e sa tloaelehang empa e matla ho meriana e meng ea TB.,WHO,tb-patch-final,,reviewed,
339,HIV,"Mycobacterium avium complex causes fever, weight loss, and diarrhoea in advanced HIV.","Mycobacterium avium complex e qobella tšoa, ho feta ha bonyane, le ho hema ho batho ba nang le HIV e hlabisitseng.",CDC_HIVNexus,oi-mac,,raw,
216,HIV,A reactive HIV test result means you may have HIV and a confirmatory test is needed.,Sephetho sa hlahlobo ea HIV se nang le karabelo se bolela hore mohlomong u na le HIV mme hlahlobo ea ho netefatsa e hlokeha.,NIH_HIVinfo,hiv-testing,,reviewed,
3664,Appointments and Follow-Up,The doctor discussed my viral load results with me.,Ngaka e buisane le nna ka liphetho tsa viral load ea ka.,WHO,appointments-followup-v1,,reviewed,
1342,Tuberculosis,BCG vaccination should be delayed in newborns receiving isoniazid preventive therapy.,Ente ea BCG e lokela ho chechisoa ho masea a sa tsoa tsoaloa a fumanang kalafo ea thibelo ka isoniazid.,WHO,tb-bcg-ipt-timing,,reviewed,
12,HIV,The goal of ART is to make the viral load undetectable in your blood.,Sepheo sa phekolo ea lithibela-mafofore (ART) ke ho etsa hore bongata ba kokwanahloko (viral load) bo fokotsehe hoo bo ke keng ba hlola bo bonahala maling a hau (undetectable).,CDC_HIVNexus,art-goals,,reviewed,
1521,Tuberculosis,GeneXpert is a rapid molecular test that can detect TB and rifampicin resistance within two hours.,GeneXpert ke tlhahlobo ea molecular ea potlako e ka fumanang TB le khakanyo ea rifampicin ka hare ho maho a mabeli.,WHO,tb-genexpert,,reviewed,
3641,Appointments and Follow-Up,I have come for my annual health review.,Ke tlile bakeng sa ho hlahloba bophelo ba ka ba selemo.,WHO,appointments-followup-v1,,reviewed,
3938,Appointments and Follow-Up,The nurse told me my blood pressure is now under control.,Mooki o mpoleletse hore khatello ea mali ea ka e laoloa joale.,WHO,appointments-followup-v1,,reviewed,
4428,General Patient Education,Stopping smoking improves your lung health and overall wellbeing.,Ho emisa ho tsuba ho ntlafatsa bophelo ba matšoafo a hao le boiketlo ba hao ka bophara.,WHO,general-patient-education-v1,,reviewed,
3005,Symptoms and Complaints,I have difficulty breathing and my lips are turning blue.,Ke na le bothata ba ho hema mme molomo oa ka o fetoha botala.,WHO,symptoms-complaints-v1,,reviewed,
2865,Symptoms and Complaints,I have pain in my wrists and fingers.,Ke na le mahloko liqhekelleng le menwaneng ea ka.,WHO,symptoms-complaints-v1,,reviewed,
3116,Symptoms and Complaints,I feel very sick and cannot keep any food down.,Ke ikutloa ke kula haholo mme ha ke khone ho boloka lijo ka hare.,WHO,symptoms-complaints-v1,,reviewed,
4841,General Patient Education,Women should have a cervical smear test every three years.,Basali ba lokela ho ba le tlhahlobo ea molala oa mphe lilomong tse tharo le 'ngoe le e 'ngoe.,WHO,general-patient-education-v1,,reviewed,
2323,Medication Instructions,This medicine may increase the risk of low blood sugar with insulin.,Moriana ona o ka eketsa kotsi ea ho fokotseha ha tsoekere ea mali le insulin.,WHO,medication-instructions-v1,,reviewed,
2572,Medication Instructions,Give the medicine to the child using a medicine spoon for children over three years.,Fana ka moriana ho ngoana ka ho sebelisa sekhoro sa moriana bakeng sa bana ba fetang lilemo tse tharo.,WHO,medication-instructions-v1,,reviewed,
2914,Symptoms and Complaints,I have a sharp pain in my left shoulder blade.,Ke na le mahloko a bohale leraong la hetla ea ka ea molema.,WHO,symptoms-complaints-v1,,reviewed,
102,HIV,Pre-exposure prophylaxis is a daily medicine that prevents HIV in people at high risk.,Pre-exposure prophylaxis (PrEP) ke moriana o nkoang letsatsi le letsatsi o thibelang HIV ho batho ba kotsing e phahameng ea ho tšoaetsoa.,CDC_HIVNexus,hiv-prep,,reviewed,
3550,Appointments and Follow-Up,I need to book an appointment for an ART treatment review.,Ke hloka ho buka appointment bakeng sa ho hlahloba phekolo ea ART.,WHO,appointments-followup-v1,,reviewed,
1459,Tuberculosis,"TB is a notifiable disease in most countries, requiring healthcare providers to report all cases to health authorities.","TB ke bolwetse bo tsebisahalang linaheng tse ngata, bo hloka hore bafani ba tlhokomelo ea bophelo bo botle ba tsebise liketsahalo tsohle mabusetong a bophelo bo botle.",CDC,tb-notifiable-disease,,reviewed,
172,HIV,I am scared to start taking HIV medicines.,Ke tšohile ho qala ho nka meriana ea HIV.,clinical_fieldwork,patient-hiv-fears,,reviewed,
108,HIV,Blood donations are screened for HIV to protect recipients.,Mali a fanoang a hlahlobeloa HIV ho sireletsa batho ba a amohelang.,WHO,hiv-blood-safety,,reviewed,
4197,Maternal and Child Health,I was told to give my child deworming tablets every six months.,Nne nna ke ile ka laelwa ke mwane mwana wa ka meriana ya go hola dinwe ka dikgwedi tse six.,WHO,maternal-child-health-v1,,raw,
3570,Appointments and Follow-Up,I need to confirm the location of my appointment.,Ke hloka ho netefatsa sebaka sa appointment ea ka.,WHO,appointments-followup-v1,,reviewed,
4992,General Patient Education,Health screening is recommended even when you feel well.,Ho hlahloba bophelo bo botle ho khothaletsoa le ha o ikutloa o phela hantle.,WHO,general-patient-education-v1,,reviewed,
4296,Maternal and Child Health,I was told to ensure my child drinks clean water.,Ke boletsoe ho netefatsa hore ngoana oa ka o noa metsi a hloekileng.,WHO,maternal-child-health-v1,,reviewed,
4064,Maternal and Child Health,I was given information about breastfeeding at my antenatal visit.,Ke ile ya fwisiswa ka mokgwa wa ho nwa ka diena tlasa ho tswa ntlele.,WHO,maternal-child-health-v1,,raw,
3862,Appointments and Follow-Up,I would like to know if my treatment is available for free.,Ke rata ho tseba haeba phekolo ea ka e fumaneha mahala.,WHO,appointments-followup-v1,,reviewed,
4123,Maternal and Child Health,I was referred to a counsellor for postnatal support.,Nkae ilo nne nka tsweetswe ho mokhatisi wa morao-matlafatsi.,WHO,maternal-child-health-v1,,raw,
4630,General Patient Education,Create a regular sleep routine to improve your sleep quality.,Theha mekhoa ea kamehla ea boroko ho ntlafatsa boleng ba boroko ba hao.,WHO,general-patient-education-v1,,reviewed,
61,HIV,Children living with HIV need ART in doses appropriate for their age and weight.,Bana ba phelang le HIV ba hloka phekolo ea lithibela-mafofore (ART) ka litekanyetso tse nepahetseng bakeng sa lilemo le boima ba bona ba mmele (appropriate for their age and weight).,WHO,art-children,,reviewed,
1241,Tuberculosis,Chest X-ray may be repeated at the end of treatment to assess radiological improvement.,X-ray ea sefuba e ka phetoa qetellong ea kalafo ho lekola ntlafalo e bonahalang litšoantšong tsa bongaka,WHO,tb-xray-follow-up,,reviewed,
4638,General Patient Education,A positive attitude supports your health and recovery.,Maikutlo a matle a tshehetsa bophelo ba hao le ho fola.,WHO,general-patient-education-v1,,reviewed,
1041,Tuberculosis,The most common symptom of pulmonary TB is a persistent cough lasting more than two weeks.,Letšoao le atileng ka ho fetisisa la TB ea matšoafo ke ho kohoa ho tsoelang pele ho feta libeke tse peli.,WHO,tb-symptoms,,reviewed,
4188,Maternal and Child Health,I was told to give my child ready-to-use therapeutic food.,Ke ile ka ba lemotheletswe hore ke dule mwana wa ka tšeho ya bolwetse ba go feta mmele e fapaneng.,WHO,maternal-child-health-v1,,raw,
2761,Symptoms and Complaints,I have been feeling very poorly and am not improving.,Ke ntse ke ikutloa ke sa phela hantle haholo mme ha ke ntlafale.,WHO,symptoms-complaints-v1,,reviewed,
2121,Medication Instructions,Do not use the medication if the seal has been broken before purchase.,U se ke ua sebelisa moriana haeba seal e ne e senyehile pele ho reka.,WHO,medication-instructions-v1,,reviewed,
1525,Tuberculosis,Interferon-gamma release assays are blood tests used to diagnose latent TB infection.,Li-assay tsa ho lokolla interferon-gamma ke liteko tsa mali tse sebelisoa ho fumana tšoaetso ea TB e patileng.,WHO,tb-igra,,reviewed,
3522,Appointments and Follow-Up,I would like to book an appointment for a kidney function test.,Ke rata ho buka appointment bakeng sa tlhahlobo ea tšebetso ea lipitso.,WHO,appointments-followup-v1,,reviewed,
154,HIV,People living with HIV have higher energy needs especially when they are ill.,"Batho ba phelang le HIV ba na le tlhoko e phahameng ea matla (energy needs), haholo-holo ha ba kula.",FAO,hiv-nutrition,,reviewed,
2249,Medication Instructions,Seek medical attention if you develop signs of a serious heart reaction.,Batla tlhokomelo ea ngaka haeba u ba le lišoaetso tsa karabelo e matla ea pelo.,WHO,medication-instructions-v1,,reviewed,
482,HIV,People living with HIV should avoid drinking untreated water from rivers or wells.,Batho ba phelang le HIV ba haele morao ho nwa metsi a sa tsosoang a ntle le noka kapa matša.,WHO,hiv-water-safety,,raw,
4234,Maternal and Child Health,My child has been referred to a physiotherapist.,Ngoana oa ka o romeloa ho physiotherapist.,WHO,maternal-child-health-v1,,reviewed,
4306,Maternal and Child Health,I was advised to always consult the clinic before giving any medication.,Ke keletsoeng ho buisana le kliniki kamehla pele ho fa moriana ofe kafe.,WHO,maternal-child-health-v1,,reviewed,
3579,Appointments and Follow-Up,I need to know what to bring to my appointment.,Ke hloka ho tseba se ke se tlisang appointment ea ka.,WHO,appointments-followup-v1,,reviewed,
4126,Maternal and Child Health,I was told my uterus has not contracted properly after delivery.,Nkae ilo nne nka itshele hore sefuba sa ka ha se khutle sentle morao-matlafatsi.,WHO,maternal-child-health-v1,,raw,
3563,Appointments and Follow-Up,I would like to be placed on the waiting list.,Ke rata ho beoa lethathaming la ho ema.,WHO,appointments-followup-v1,,reviewed,
3316,Symptoms and Complaints,I have a rash on my thighs that is very red.,Ke na le ho ruruha ha letlalo liropeng tsa ka ho bofubedu haholo.,WHO,symptoms-complaints-v1,,reviewed,
1763,Tuberculosis,"Together we can end tuberculosis by testing early, treating completely, and supporting each other.","Hammoho re ka felisa tuberculosis ka ho lekoa kapele, ho phekola ka botlalo, le ho tshehetsa e mong le e mong.",WHO,tb-end-tb-message,,reviewed,
3539,Appointments and Follow-Up,Can I make an appointment for a discharge review?,Na nka etsa appointment bakeng sa ho hlahloba ho tloha sepetleleng?,WHO,appointments-followup-v1,,reviewed,
4804,General Patient Education,Both male and female condoms are available at the clinic.,Li-condom tsa banna le tsa basali li fumaneha klinikeng.,WHO,general-patient-education-v1,,reviewed,
751,HIV,HIV-related stigma internalisation is associated with depression and poor treatment outcomes.,Ho amohela kekello e amanang le HIV ho amahanngoa le ho nyamela le liphetho tse mpe tsa phekolo.,UNAIDS,hiv-internalised-stigma,,reviewed,
3620,Appointments and Follow-Up,I am here for my viral load test appointment.,Ke teng bakeng sa appointment ea tlhahlobo ea viral load ea ka.,WHO,appointments-followup-v1,,reviewed,
1786,Tuberculosis,Gastric lavage is used to collect TB samples from young children who swallow their sputum.,Ho hlatsoa mpa ho sebelisoa ho kgotha lisampole tsa TB ho bana ba banyenyane ba metsoang mathe a bona.,WHO,tb-patch-final,,reviewed,
4271,Maternal and Child Health,I was told to give my baby clean safe drinking water.,Ke boletsoe ho fa ngoana oa ka metsi a hloekileng a bolokehileng a ho noa.,WHO,maternal-child-health-v1,,reviewed,
3384,Symptoms and Complaints,I have a rash that is accompanied by darkening of the skin.,Ke na le ho ruruha ha letlalo ho tsamaeang le ho fifala ha letlalo.,WHO,symptoms-complaints-v1,,reviewed,
4349,Maternal and Child Health,I was told to use condoms to prevent both pregnancy and HIV.,Ke boletsoe ho sebelisa li-condom ho thibela ho mitsa le HIV.,WHO,maternal-child-health-v1,,reviewed,
406,HIV,Differentiated service delivery models reduce the burden on health facilities.,Mehlala ea fapaneng ea ho fana ka litshebeletso e fokotsa morwalo oa likamore tsa bophelo bo botle.,WHO,hiv-differentiated-care,,reviewed,
758,HIV,Body mass index should be measured regularly in people living with HIV.,Body mass index e lokela ho lekoloa ka mehla ho batho ba phelang le HIV.,WHO,hiv-bmi-monitoring,,reviewed,
2712,Symptoms and Complaints,I feel very hot and my skin is flushed.,Ke ikutloa ke chesa haholo mme letlalo la ka le bofubedu.,WHO,symptoms-complaints-v1,,reviewed,
2671,Medication Instructions,Do not take your medicine with collagen supplements unless instructed.,U se ke ua nka moriana oa hau le lisebelisoa tsa collagen ntle le haeba ho laetsoe.,WHO,medication-instructions-v1,,reviewed,
3984,Appointments and Follow-Up,I will take my medication as prescribed and keep all my appointments.,Ke tla nka moriana oa ka joalo ka ha ho laetsoe mme ke boloke li-appointment tsohle tsa ka.,WHO,appointments-followup-v1,,reviewed,
98,HIV,Children should be told about their HIV status in an age-appropriate way.,Bana ba lokela ho bolelloa ka boemo ba bona ba HIV ka mokhoa o lumellanang le lilemo tsa bona.,UNICEF,hiv-disclosure-children,,reviewed,
1334,Tuberculosis,Pyridoxine supplementation is recommended for all patients on isoniazid-containing TPT regimens.,Tlatsetso ea pyridoxine e khothaletsoa bakeng sa bakuli bohle ba meralong ea TPT e nang le isoniazid.,WHO,tb-tpt-pyridoxine,,reviewed,
4452,General Patient Education,Always take your medication at the same time every day.,Nka moriana oa hao ka nako e tšoanang letsatsi le leng le le leng kamehla.,WHO,general-patient-education-v1,,reviewed,
2792,Symptoms and Complaints,I feel very sick and cannot look after my children.,Ke ikutloa ke kula haholo mme ha ke khone ho hlokomela bana ba ka.,WHO,symptoms-complaints-v1,,reviewed,
2855,Symptoms and Complaints,I have pain in my hips when I walk.,Ke na le mahloko lethekeng la ka ha ke tsamaea.,WHO,symptoms-complaints-v1,,reviewed,
187,HIV,HIV cannot survive for long outside the human body.,HIV e ke ke ea phela nako e telele kantle ho 'mele oa motho.,WHO,hiv-transmission-facts,,reviewed,
4004,Maternal and Child Health,I would like to book my first antenatal appointment.,Ke batla ho ts'epa lekau la ka la pele la ho kena hospitala ka haufi.,WHO,maternal-child-health-v1,,raw,
2724,Symptoms and Complaints,I feel very weak and cannot get out of bed.,Ke ikutloa ke fokotsehela haholo mme ha ke khone ho tsoa setulong sa boroko.,WHO,symptoms-complaints-v1,,reviewed,
3584,Appointments and Follow-Up,I would like to know how to prepare for my appointment.,Ke rata ho tseba ho itokisetsa joang bakeng sa appointment ea ka.,WHO,appointments-followup-v1,,reviewed,
2059,Medication Instructions,Do not transfer this medicine to another container.,U se ke ua fetisa moriana ona setsing se seng.,WHO,medication-instructions-v1,,reviewed,
1320,Tuberculosis,Efavirenz-based ART is preferred for HIV-positive TB patients on rifampicin-containing treatment.,ART e thehiloeng ho efavirenz e khethoa bakeng sa bakuli ba TB ba nang le HIV ba leng kalafong e nang le rifampicin.,WHO,tb-hiv-efavirenz,,reviewed,
149,HIV,Integrated mental health and HIV care leads to better treatment outcomes.,Tlhokomelo e kopantseng bophelo bo botle ba kelello le ea HIV (integrated mental health and HIV care) e isa ho liphetho tse betere haholo tsa kalafo.,WHO,hiv-mental-health,,reviewed,
29,HIV,A high viral load means the virus is not well controlled.,Bongata bo phahameng ba kokwanahloko (high viral load) bo bolela hore vaerase ha ea laoleha hantle.,CDC_HIVNexus,hiv-monitoring,,reviewed,
4141,Maternal and Child Health,I chose to use the contraceptive implant after delivery.,Ke ile ka kgetha ho sebedisa sephaphathi sa ho ithiba ka morao ga tsoalo.,WHO,maternal-child-health-v1,,raw,
4010,Maternal and Child Health,I have been vomiting every morning since I became pregnant.,Ke qetile ho hana metsing ya ka ya bosiu kaofela tse ke neng ke tswa tseba ke na le haufi.,WHO,maternal-child-health-v1,,raw,
3364,Symptoms and Complaints,I have a rash that is accompanied by hair loss.,Ke na le ho ruruha ha letlalo ho tsamaeang le ho lahleheloa ke moriri.,WHO,symptoms-complaints-v1,,reviewed,
693,HIV,HIV-negative pregnant women with HIV-positive partners should be offered PrEP.,Basali ba mitsi ba se nang HIV ba nang le balekane ba nang le HIV ba lokela ho fanooa PrEP.,WHO,pmtct-prep-serodiscordant,,reviewed,
2867,Symptoms and Complaints,I have pain in my ankles that is swollen.,Ke na le mahloko li-ankele tsa ka tse ruruhetse.,WHO,symptoms-complaints-v1,,reviewed,
3777,Appointments and Follow-Up,I have to bring my clinic card to every visit.,Ke tlameha ho tlisa karete ea ka ea kliniki tsebeliso le 'ngoe le e 'ngoe.,WHO,appointments-followup-v1,,reviewed,
1387,Tuberculosis,Shorter TB treatment regimens are being developed to improve adherence and reduce side effects.,Mananeo a khutšoanyane a phekolo ea lefuba (TB) a ntse a hlahisoa ho ntlafatsa ho khomarela phekolo le ho fokotsa litlamorao tsa meriana.,WHO,tb-shorter-regimens,,reviewed,
1846,Medication Instructions,Take one tablet three times a day for fourteen days.,Nka pilisi e le ngoe habeli ka letsatsi ka matsatsi a leshome le mane.,WHO,medication-instructions-v1,,reviewed,
4731,General Patient Education,You have the right to be treated with dignity and respect.,O na le tokelo ea ho phethoa ka tlotlo le hlompho.,WHO,general-patient-education-v1,,reviewed,
130,HIV,Treating both HIV and TB together saves lives and reduces transmission of both diseases.,Ho phekola HIV le lefu la lefuba (TB) ka nako e le 'ngoe ho pholosa bophelo mme ho fokotsa ho tšoaetsana ha mafu ana ka bobeli.,UNAIDS,hiv-tb-coinfection,,reviewed,
1600,Tuberculosis,"Tuberculosis is a disease, not a sign of weakness or moral failure.","Tuberculosis ke bolwetse, eseng letšoao la ho fokotsehela kapa ho hloleha ha boitšoaro.",UNAIDS,tb-stigma-reduction,,reviewed,
3630,Appointments and Follow-Up,I am here for my diabetes management appointment.,Ke teng bakeng sa appointment ea taolo ea tsoekere ea ka.,WHO,appointments-followup-v1,,reviewed,
4504,General Patient Education,Use condoms consistently to prevent sexually transmitted infections.,Sebelisa li-condom kamehla ho thibela tšoaetso tse fetisanang ka thobalano.,WHO,general-patient-education-v1,,reviewed,
702,HIV,Cotrimoxazole prophylaxis can be stopped once CD4 count rises above 350 on ART.,Prophylaxis ea cotrimoxazole e ka emisoa ha palo ea CD4 e phahama ho feta 350 holim'a ART.,WHO,oi-ctx-stopping,,reviewed,
3983,Appointments and Follow-Up,I understand that regular follow-up is essential for my health.,Ke utloisisa hore ho latela ka mehla ho bohlokoa bakeng sa bophelo ba ka.,WHO,appointments-followup-v1,,reviewed,
3029,Symptoms and Complaints,I have difficulty breathing and feel very tired.,Ke na le bothata ba ho hema mme ke ikutloa ke lapetse haholo.,WHO,symptoms-complaints-v1,,reviewed,
2970,Symptoms and Complaints,I have a dull pain in my left foot.,Ke na le mahloko a fokolang leotong la ka la molema.,WHO,symptoms-complaints-v1,,reviewed,
4357,Maternal and Child Health,I was told to use condoms even if I am on another contraceptive.,Ke boletsoe ho sebelisa li-condom le ha ke ntse ke sebelisa mokhoa o mong oa thibelo ea ho mitsa.,WHO,maternal-child-health-v1,,reviewed,
1709,Tuberculosis,TB cultures can take up to eight weeks to grow in a laboratory.,Li-culture tsa TB li ka nka ho fihla libeke tse robeli ho hola laboratoreng.,WHO,tb-culture-time,,reviewed,
2954,Symptoms and Complaints,I have a burning pain in my left elbow.,Ke na le mahloko a ho chesa tsualikaneng la ka la molema.,WHO,symptoms-complaints-v1,,reviewed,
455,HIV,Harmful gender norms that discourage men from seeking healthcare increase HIV mortality.,Mekhoa ea bong e kotsi e thibelang banna ho batla tlhokomelo ea bophelo e eketsa lefu la HIV.,UNAIDS,hiv-gender-norms,,reviewed,
2869,Symptoms and Complaints,I have pain in my jaw when I chew.,Ke na le mahloko molaleng oa ka ha ke hlafuna.,WHO,symptoms-complaints-v1,,reviewed,
2041,Medication Instructions,Administer the injection and apply gentle pressure to the site afterwards.,Fana ka ente mme u kame butle sebaka ka mor'a moo.,WHO,medication-instructions-v1,,reviewed,
1773,Tuberculosis,TB can cause cavities in the lungs that are visible on chest X-ray.,TB e ka baka likhoba matšoafong tse bonahalang ho X-ray ea sefuba.,NHS,tb-cavitation,,reviewed,
2316,Medication Instructions,Avoid taking potassium supplements at the same time as this medicine.,Hana ho nka lisebelisoa tsa potassium ka nako e tšoanang le moriana ona.,WHO,medication-instructions-v1,,reviewed,
610,HIV,Identifying and addressing barriers to adherence improves treatment outcomes.,Ho tseba le ho sebetsana le meqoqo ea ho latela ho ntlafatsa liphetho tsa phekolo.,WHO,hiv-adherence-barriers,,reviewed,
168,HIV,People living with HIV should avoid prolonged sun exposure and use sunscreen.,Batho ba phelang le HIV ba lokela ho qoba ho lula letsatsing nako e telele mme ba sebelise setlolo se thibelang kotsi ea mahlaseli a letsatsi (sunscreen).,CDC_HIVNexus,hiv-skin-health,,reviewed,
731,HIV,Self-testing kits can be distributed to key populations through outreach programmes.,Lisebelisoa tsa ho itlhahlobeloa li ka abela sechaba se bohlokoa ka mananeo a phono.,WHO,hiv-self-testing-kp,,reviewed,
4249,Maternal and Child Health,My child was given a nebuliser treatment at the clinic.,Ngoana oa ka o filoe phekolo ea nebuliser klinikeng.,WHO,maternal-child-health-v1,,reviewed,
3359,Symptoms and Complaints,I have a change in the appearance of my iris.,Ke na le phetoho bonahaling ba iris ea ka.,WHO,symptoms-complaints-v1,,reviewed,
2075,Medication Instructions,Store the medication in the original blister pack until use.,Boloka moriana phupung ea pele ea blister ho fihlela ho sebelisoa.,WHO,medication-instructions-v1,,reviewed,
4040,Maternal and Child Health,I was referred to the hospital because of a high-risk pregnancy.,Ke ile ke isogetswa hospitaleng ka lebaka la tshihloso e kotsi ya tswalo.,WHO,maternal-child-health-v1,,raw,
3701,Appointments and Follow-Up,The nurse explained the purpose of my next follow-up.,Mooki o hlalositše sepheo sa ho latela ha ka ho tlang.,WHO,appointments-followup-v1,,reviewed,
1623,Tuberculosis,I now tell everyone in my community to go and get tested if they have a cough.,Joale ke bolella bohle sechabeng sa ka ho ea ho hlahlobeloa haeba ba na le ho kohoa.,clinical_fieldwork,patient-tb-advocacy,,reviewed,
588,HIV,HIV programmes should respect and incorporate local cultural practices where appropriate.,Programme ya HIV e swanetse e tšepane le e tsamaisane ditsheho tsa setso kae e tloaelelang.,UNAIDS,hiv-cultural-sensitivity,,raw,
1402,Tuberculosis,BCG vaccination can cause a false positive tuberculin skin test result.,Ente ea BCG e ka baka sephetho sa tlhahlobo ea letlalo ea tuberculin se molemo sa bohata.,CDC,tb-bcg-tst,,reviewed,
3046,Symptoms and Complaints,I feel a pressure in my throat when I breathe.,Ke ikutloa khatello molaleng ha ke hema.,WHO,symptoms-complaints-v1,,reviewed,
3225,Symptoms and Complaints,I have been having episodes of sudden severe abdominal pain with back pain.,Ke ntse ke na le linako tsa mahloko a matla a mpa le mahloko a mokokotlo ka tšohanyetso.,WHO,symptoms-complaints-v1,,reviewed,
1701,Tuberculosis,Ethambutol prevents the development of resistance to other TB drugs.,Ethambutol e thibela ho hlaha ha khakanyo ho meriana e meng ea TB.,WHO,tb-ethambutol,,reviewed,
3089,Symptoms and Complaints,I have had diarrhoea for three days and feel very weak.,Ke na le sehudo matsatsi a mararo mme ke ikutloa ke fokotsehela haholo.,WHO,symptoms-complaints-v1,,reviewed,
4391,Maternal and Child Health,I was told that fertility returns immediately after implant removal.,Ke boletsoe hore bokgoni ba ho ba le bana bo khutla hang hang ka mor'a ho ntšoa ha implant.,WHO,maternal-child-health-v1,,reviewed,
2982,Symptoms and Complaints,I have a dull pain in my right hip.,Ke na le mahloko a fokolang lethekeng la ka la le letona.,WHO,symptoms-complaints-v1,,reviewed,
41,HIV,Fatigue is a common side effect when starting ART and usually improves over time.,"Mokhathala (fatigue) ke phello e tloaelehileng ea lehlakore ha u qala phekolo ea lithibela-mafofore (ART), 'me hangata o ntlafala ha nako e ntse e ea.",NHS,art-side-effects,,reviewed,
1380,Tuberculosis,"My skin turned dark from the TB tablets, and people in my community asked questions.","Letlalo la ka le ile la fetoha le letšo ka baka la lipilisi tsa lefuba (TB), 'me batho ba sechaba sa heso ba ne ba botsa lipotso.",clinical_fieldwork,patient-tb-clofazimine-skin,,reviewed,
2090,Medication Instructions,"Store the capsules in a cool, dry place below 25°C.","Boloka li-capsule sebakeng se batang, se omileng tlase ho 25°C.",WHO,medication-instructions-v1,,reviewed,
2176,Medication Instructions,This medicine may cause a decrease in blood pressure; monitor regularly.,Moriana ona o ka baka ho theohela ha khatello ea mali; hlahloja ka mehla.,WHO,medication-instructions-v1,,reviewed,
3218,Symptoms and Complaints,I have difficulty concentrating and feel very distracted.,Ke na le bothata ba ho tsepamela mme ke ikutloa ke tloaelehile haholo.,WHO,symptoms-complaints-v1,,reviewed,
2886,Symptoms and Complaints,I have a burning pain in my lower back.,Ke na le mahloko a ho chesa mokokotlong oa ka o tlase.,WHO,symptoms-complaints-v1,,reviewed,
75,HIV,Toxoplasmosis can cause brain disease in people with severely weakened immune systems.,Toxoplasmosis e ka baka lefu la boko (brain disease) ho batho ba nang le masole a mmele a fokolang haholo (severely weakened immune systems).,CDC_HIVNexus,opportunistic-infections,,reviewed,
3910,Appointments and Follow-Up,I need someone to accompany me to my appointments.,Ke hloka motho ho nkela li-appointment tsa ka.,WHO,appointments-followup-v1,,reviewed,
4965,General Patient Education,Early diagnosis of dementia allows for better planning and support.,Ho hlahlojoa ha dementia kapele ho lumela ho rererela le ho tshehetsa hantle.,WHO,general-patient-education-v1,,reviewed,
2658,Medication Instructions,Take your medicine with a plan to manage any side effects.,Nka moriana oa hau le leano la ho laola litlamorao tse ling tsohle.,WHO,medication-instructions-v1,,reviewed,
3181,Symptoms and Complaints,I have a burning sensation in my upper abdomen that is constant.,Ke na le maikutlo a ho chesa mpeng ea ka e holimo a tsoelang pele.,WHO,symptoms-complaints-v1,,reviewed,
2077,Medication Instructions,Store the oral drops at room temperature away from direct light.,Boloka litšoelelo tsa molomo ka mocheso oa kamora hole le lesedi la kotloloho.,WHO,medication-instructions-v1,,reviewed,
442,HIV,Migrants and refugees may face barriers to accessing HIV services.,Baahi ba fetang le baphaphathehi ba ka tobana le meqoqo ea ho fihlella litshebeletso tsa HIV.,UNAIDS,hiv-migrants,,reviewed,
4052,Maternal and Child Health,I felt my baby move for the first time today.,Ke ile ka etsa moratuoa ka boraro ka pele ka hjoe.,WHO,maternal-child-health-v1,,raw,
2052,Medication Instructions,"Store at room temperature, away from moisture and heat.","Boloka ka mocheso oa kamora, hole le metsi le mocheso.",WHO,medication-instructions-v1,,reviewed,
2542,Medication Instructions,Give the medicine to the child with a small amount of yoghurt if needed.,Fana ka moriana ho ngoana le yoghurt e nyenyane haeba ho hlokeha.,WHO,medication-instructions-v1,,reviewed,
3307,Symptoms and Complaints,I have floaters in my vision.,Ke na le lintho tse phaphametseng ponong ea ka.,WHO,symptoms-complaints-v1,,reviewed,
1302,Tuberculosis,Infection control measures in health facilities reduce nosocomial transmission of drug-resistant TB.,Mehato ea taolo ea tšoaetso litsing tsa bophelo e fokotsa phetiso ea TB e hananang le meriana e fumanoang litsing tsa tlhokomelo ea bophelo.,CDC,tb-nosocomial-dr,,reviewed,
1782,Tuberculosis,Granulomas are small clusters of immune cells that form around TB bacteria to contain them.,Li-granuloma ke lihlopha tse nyenyane tsa lisele tsa tšireletso ea 'mele tse bopehang haufi le bakteria ea TB ho li laola.,WHO,tb-patch-final,,reviewed,
4815,General Patient Education,Get tested for HIV and STIs regularly if you are sexually active.,Hlahlojoa bakeng sa HIV le li-STI ka mehla haeba o kopana ka thobalano.,WHO,general-patient-education-v1,,reviewed,
3431,Symptoms and Complaints,I have pain in my uterus.,Ke na le mahloko mpheng oa ka.,WHO,symptoms-complaints-v1,,reviewed,
1305,Tuberculosis,Shorter MDR-TB preventive therapy regimens for contacts of MDR-TB patients are under investigation.,Meralo e mekhutšoanyane ea kalafo ea thibelo ea MDR-TB bakeng sa batho ba kileng ba kopana le bakuli ba MDR-TB e ntse e etsoa lipatlisiso.,WHO,tb-mdr-tpt-research,,reviewed,
237,HIV,"Syphilis, gonorrhoea, and herpes can all increase HIV risk.",Syphilis gonorrhoea le herpes li ka eketsa kotsi ea HIV kaofela ha tsona.,WHO,hiv-sti-interaction,,reviewed,
2600,Medication Instructions,Inform your doctor if you cannot afford your medicine so they can help.,Tsebisa ngaka ea hau haeba u ke ke ua reka moriana oa hau e le hore ba ka thusa.,WHO,medication-instructions-v1,,reviewed,
521,HIV,Domestic financing for HIV programmes must increase to ensure sustainability.,Tshebetso ya naha ya programme ya HIV e lokela ho tswelela ho etsa hore e be le tshebetso.,UNAIDS,hiv-domestic-financing,,raw,
2574,Medication Instructions,Give the medicine to the child with a small amount of cooled boiled water if needed.,Fana ka moriana ho ngoana le metsi a beilioeng a phetseng a manyenyane haeba ho hlokeha.,WHO,medication-instructions-v1,,reviewed,
3281,Symptoms and Complaints,I have been having episodes of sudden severe middle finger pain.,Ke ntse ke na le linako tsa mahloko a matla a monwana oa bohareng ka tšohanyetso.,WHO,symptoms-complaints-v1,,reviewed,
3187,Symptoms and Complaints,I have a sharp pain in my right side that radiates to my back.,Ke na le mahloko a bohale lehlakoreng la ka la le letona a isisoang mokokotlong oa ka.,WHO,symptoms-complaints-v1,,reviewed,
2769,Symptoms and Complaints,I have been feeling very sick and need to be seen today.,Ke ntse ke ikutloa ke kula haholo mme ke hloka ho bonoa kajeno.,WHO,symptoms-complaints-v1,,reviewed,
736,HIV,Young women aged 15 to 24 are twice as likely to acquire HIV as young men of the same age.,Basali ba bacha ba lilemo tse 15 ho isa ho 24 ba na le monyetla o habeli ho fumana HIV ho feta banna ba bacha ba lilemo tse tšoanang.,UNAIDS,hiv-young-women,,reviewed,
4704,General Patient Education,Osteoporosis is a condition where bones become weak and brittle.,Osteoporosis ke boemo moo marapo a fokotsehela le ho qhaqhoa habonolo.,WHO,general-patient-education-v1,,reviewed,
4930,General Patient Education,Clean water and sanitation are essential for community health.,Metsi a hloekileng le bohloekileng ke tsa bohlokoa bakeng sa bophelo ba sechaba.,WHO,general-patient-education-v1,,reviewed,
2107,Medication Instructions,Keep the medication away from direct light by storing in a dark cupboard.,Boloka moriana hole le lesedi la kotloloho ka ho o boloka kabinete e lefifi.,WHO,medication-instructions-v1,,reviewed,
2680,Medication Instructions,Inform your doctor if you are having difficulty with the packaging of your medicine.,Tsebisa ngaka ea hau haeba u na le bothata ba phupu ea moriana oa hau.,WHO,medication-instructions-v1,,reviewed,
3230,Symptoms and Complaints,I have difficulty with my hearing and everything sounds muffled.,Ke na le bothata ba ho utloa mme ntho tsohle li utloa li koahetse.,WHO,symptoms-complaints-v1,,reviewed,
2762,Symptoms and Complaints,I feel my condition is serious and I am scared.,Ke ikutloa boemo ba ka bo matla mme ke tšaba.,WHO,symptoms-complaints-v1,,reviewed,
593,HIV,I am HIV-positive and I want to get pregnant next year.,Ke na HIV ebile ke batla ho hlola ka ngwaga o tlang.,clinical_fieldwork,patient-pmtct-planning,,raw,
1304,Tuberculosis,TB preventive therapy with isoniazid does not prevent MDR-TB in contacts of MDR-TB patients.,Kalafo ea thibelo ea TB ka isoniazid ha e thibele MDR-TB ho batho ba kileng ba kopana le bakuli ba MDR-TB.,WHO,tb-mdr-tpt-limitation,,reviewed,
1388,Tuberculosis,Host-directed therapies aim to enhance the immune response to TB bacteria alongside antibiotic treatment.,Litlhare tse lebisitsoeng ho moamoheli (Host-directed therapies) li ikemiselitse ho matlafatsa tšireletso ea mmele khahlanong le baktheria ea lefuba (TB) hammoho le phekolo ea lithibela-mafu.,NIH,tb-host-directed-therapy,,reviewed,
4696,General Patient Education,"Liver disease can be caused by alcohol, hepatitis, and fatty liver.","Bolwetse ba sebete bo ka bakoa ke joala, hepatitis, le sebete se nang le mafura.",WHO,general-patient-education-v1,,reviewed,
4527,General Patient Education,Limit your intake of foods high in sugar and salt.,Fokotsa ho nka lijo tse nang le tsoekere e ngata le letsoai.,WHO,general-patient-education-v1,,reviewed,
3948,Appointments and Follow-Up,My doctor referred me to a specialist for further care.,Ngaka ea ka e nkisitse ngakeng e khethehileng bakeng sa tlhokomelo e eketsehileng.,WHO,appointments-followup-v1,,reviewed,
1891,Medication Instructions,Take two tablets three times daily for three days.,Nka lipilisi tse peli habeli ka letsatsi ka matsatsi a mararo.,WHO,medication-instructions-v1,,reviewed,
2988,Symptoms and Complaints,I have a dull ache in my left wrist.,Ke na le mahloko a fokolang liqhekelleng la ka la molema.,WHO,symptoms-complaints-v1,,reviewed,
4925,General Patient Education,School health programmes provide health education and services to learners.,Mananeo a bophelo bo botle a likolo a fana ka thuto ea bophelo le litšebeletso ho baithuti.,WHO,general-patient-education-v1,,reviewed,
3298,Symptoms and Complaints,I have a rash on my back that is very dry.,Ke na le ho ruruha ha letlalo mokokotlong oa ka ho omileng haholo.,WHO,symptoms-complaints-v1,,reviewed,
905,HIV,The first 95 means 95 percent of people living with HIV know their status.,95 ea pele e bolela hore batho ba 95 pesente ba phelang le HIV ba tseba boemo ba bona.,UNAIDS,hiv-95-95-95,,reviewed,
4610,General Patient Education,Physical activity supports mental health and reduces stress.,Mesebetsi ea 'mele e tshehetsa bophelo ba kelello le ho fokotsa khatello ea maikutlo.,WHO,general-patient-education-v1,,reviewed,
1280,Tuberculosis,Fluoroquinolones such as moxifloxacin and levofloxacin are key drugs in MDR-TB treatment.,Li-fluoroquinolone tse kang moxifloxacin le levofloxacin ke meriana ea bohlokoa kalafong ea MDR-TB.,WHO,tb-fluoroquinolones,,reviewed,
934,HIV,I would like to explain what HIV is and how the treatment works before we begin.,Ke rata ho hlalosa hore na HIV ke eng le hore na phekolo e sebetsa joang pele re qala.,clinical_fieldwork,clinician-patient-communication,,reviewed,
4900,General Patient Education,Crisis support lines are available if you need immediate help.,Mehala ea tshehetso ea crisis e fumaneha haeba o hloka thuso ea potlako.,WHO,general-patient-education-v1,,reviewed,
2309,Medication Instructions,This medicine may interact with thyroid medications; monitor thyroid levels.,Moriana ona o ka kopana le meriana ea thyroid; hlahloja maemo a thyroid.,WHO,medication-instructions-v1,,reviewed,
1556,Tuberculosis,Drug-resistant TB requires treatment at a specialised TB facility.,TB e khakanyeng meriana e hloka phekolo kamoreng ea TB e khethehileng.,DOH_SA,tb-mdr-facility,,reviewed,
4534,General Patient Education,Avoid sugary drinks such as cool drinks and fruit juices.,Hana lino tse nang le tsoekere joalo ka li-cool drink le lijuisi tsa lienyane.,WHO,general-patient-education-v1,,reviewed,
3191,Symptoms and Complaints,I have been having episodes of dizziness and loss of balance.,Ke ntse ke na le linako tsa ho potoloha le ho lahleheloa ke tekanyo.,WHO,symptoms-complaints-v1,,reviewed,
4442,General Patient Education,It is important to seek help if you are feeling depressed or anxious.,Ho bohlokoa ho batla thuso haeba o ikutloa o khutsanyehile kapa o tšohile.,WHO,general-patient-education-v1,,reviewed,
707,HIV,Recurrent bacterial pneumonia is an AIDS-defining illness.,Pneumonia ea bakteria e phindang e phindang ke bolwetse bo hlalositsoeng ke AIDS.,CDC_HIVNexus,oi-bacterial-pneumonia,,reviewed,
4691,General Patient Education,Seek help if you are struggling with alcohol or drug use.,Batla thuso haeba o na le bothata ba ho sebelisa joala kapa lithethefatsi.,WHO,general-patient-education-v1,,reviewed,
3071,Symptoms and Complaints,I have a cough that is triggered by animal fur.,Ke na le ho kohoa ho qalisitsoeng ke moriri oa liphoofolo.,WHO,symptoms-complaints-v1,,reviewed,
746,HIV,"HIV diagnosis can trigger grief, anger, denial, and fear that require professional support.","Ho fuoa HIV ho ka baka maswabi, bohale, ho hana, le tšabo tse hlokang tshehetso ea boqhetseke.",WHO,hiv-diagnosis-emotional-response,,reviewed,
3595,Appointments and Follow-Up,Can I get a free appointment at this clinic?,Na nka fumana appointment ea mahala klinikeng ena?,WHO,appointments-followup-v1,,reviewed,
1940,Medication Instructions,Take two tablets twice daily for three days.,Nka lipilisi tse peli habeli ka letsatsi ka matsatsi a mararo.,WHO,medication-instructions-v1,,reviewed,
4401,General Patient Education,It is important to understand your medical condition.,Ho bohlokoa ho utloisisa boemo ba hao ba bongaka.,WHO,general-patient-education-v1,,reviewed,
2863,Symptoms and Complaints,I have pain in my ears that is getting worse.,Ke na le mahloko matsebeng a ka a mpe.,WHO,symptoms-complaints-v1,,reviewed,
3997,Appointments and Follow-Up,I was told to return to the clinic within forty-eight hours if I feel worse.,Ke boletsoe ho khutla klinikeng ka hare ho lihora tse mashome a mane le metso e robeli haeba ke ikutloa ke mpe.,WHO,appointments-followup-v1,,reviewed,
514,HIV,HIV-positive role models can inspire others to test and start treatment.,Dihlooho tse di hlokang HIV di ka thusa ba bang ba shwaetsang le ho qala tshebetso.,UNAIDS,hiv-role-models,,raw,
82,HIV,People living with HIV should eat a balanced diet rich in fruits and vegetables.,Batho ba phelang le HIV ba lokela ho ja lijo tse nang le phepo e leka-lekaneng (balanced diet) tse nang le litholoana le meroho e mengata.,FAO,hiv-nutrition,,reviewed,
4977,General Patient Education,Together we can build healthier and stronger communities.,Hammoho re ka haha sechaba se phela hantle le se matla.,WHO,general-patient-education-v1,,reviewed,
1309,Tuberculosis,All TB patients should be offered HIV testing at the time of TB diagnosis.,Bakuli bohle ba TB ba lokela ho fuoa tlhahlobo ea HIV nakong eo ba fumanoang ba e-na le TB.,WHO,tb-hiv-cotesting,,reviewed,
4615,General Patient Education,Physical activity is important at every stage of life.,Mesebetsi ea 'mele e bohlokoa molapo o mong le o mong oa bophelo.,WHO,general-patient-education-v1,,reviewed,
915,HIV,"Mining, transport, and agricultural sectors have high HIV prevalence in sub-Saharan Africa.","Likarolo tsa merafo, lipalangoa, le temo li na le palo e phahameng ea HIV Afrika e ka tlase ho Sahara.",ILO,hiv-high-risk-sectors,,reviewed,
3453,Symptoms and Complaints,I have a feeling of burning in my kidneys.,Ke na le maikutlo a ho chesa lipitsong tsa ka.,WHO,symptoms-complaints-v1,,reviewed,
3696,Appointments and Follow-Up,The doctor said I can stop one of my medications.,Ngaka e itse nka emisa e le ngoe ea meriana ea ka.,WHO,appointments-followup-v1,,reviewed,
4805,General Patient Education,Use a new condom every time you have sexual intercourse.,Sebelisa condom e ncha nako le nako ha o kopana ka thobalano.,WHO,general-patient-education-v1,,reviewed,
3157,Symptoms and Complaints,I have a burning sensation in my lower abdomen that is constant.,Ke na le maikutlo a ho chesa mpeng ea ka e tlase a tsoelang pele.,WHO,symptoms-complaints-v1,,reviewed,
2199,Medication Instructions,Contact your doctor if you develop a sore throat while taking this medicine.,Ikopanye le ngaka ea hau haeba u ba le molala o bohloko ha u nka moriana ona.,WHO,medication-instructions-v1,,reviewed,
4233,Maternal and Child Health,My child has been diagnosed with cerebral palsy.,Ngoana oa ka o hlahlojoe ka cerebral palsy.,WHO,maternal-child-health-v1,,reviewed,
775,HIV,Passive immunisation with broadly neutralising antibodies is being studied as HIV prevention.,Ho koahetsoa ka ho se sebetse ka li-antibody tse phanyolang ka bophara ho ithutoa e le thibelo ea HIV.,NIH_HIVinfo,hiv-bnab-prevention,,reviewed,
330,HIV,Fluconazole is used to treat and prevent cryptococcal meningitis.,Fluconazole e tshwanetse e sebelisoa ho tshwaetsa 'me ho thibela cryptococcal meningitis.,WHO,oi-cryptococcal-treatment,,raw,
2055,Medication Instructions,Do not use after the expiry date printed on the label.,U se ke ua sebelisa ka mor'a letsatsi la ho fela le hatisitsoeng lebeleng.,WHO,medication-instructions-v1,,reviewed,
2002,Medication Instructions,Inhale the medication using a spacer device for better lung delivery.,Hema moriana ka ho sebelisa sesebelisoa sa spacer bakeng sa ho fihla hantle matšoafong.,WHO,medication-instructions-v1,,reviewed,
944,HIV,HIV is a manageable chronic condition and not a death sentence.,HIV ke boemo ba nako e telele bo ka laolehang eseng kahlolo ea lefu.,WHO,hiv-health-education,,reviewed,
823,HIV,We are going to test you for TB today because you have been coughing for more than two weeks.,Re tla u hlahlobeloa TB kajeno hobane u kohile nako e fetang libeke tse peli.,clinical_fieldwork,clinician-patient-communication,,reviewed,
4528,General Patient Education,Avoid processed and fast foods as much as possible.,Hana lijo tse entsoeng ka mokhoa oa indasteri le lijo tsa potlako kamoo ho khonehang.,WHO,general-patient-education-v1,,reviewed,
910,HIV,Employers should provide HIV education and testing programmes for their workforce.,Bafani ba mosebetsi ba lokela ho fana ka mananeo a thuto ea HIV le a liteko bakeng sa basebetsi ba bona.,ILO,hiv-workplace-programmes,,reviewed,
2517,Medication Instructions,Do not give the medicine to a child who is premature without dose adjustment.,U se ke ua fana ka moriana ho ngoana ea tsoetsoeng pele ho nako ntle le ho fetola dose.,WHO,medication-instructions-v1,,reviewed,
182,HIV,HIV stands for Human Immunodeficiency Virus.,HIV e emela Human Immunodeficiency Virus.,NIH_HIVinfo,hiv-basics,,reviewed,
165,HIV,People living with HIV should have regular dental check-ups.,Batho ba phelang le HIV ba lokela ho hlahlobana le ngaka ea meno khafetsa (regular dental check-ups).,NIH_HIVinfo,hiv-oral-health,,reviewed,
1524,Tuberculosis,A positive TB skin test does not always mean you have active TB disease.,Sephetho se molemo sa tlhahlobo ea letlalo ea TB ha se bolele kamehla hore u na le bolwetse ba TB bo sebetsang.,CDC,tb-latent,,reviewed,
452,HIV,Economic empowerment of women reduces their vulnerability to HIV.,Ho matlafatsa basali ka moruo ho fokotsa bokoa ba bona ho HIV.,UNAIDS,hiv-gender-economic,,reviewed,
2539,Medication Instructions,Do not give the medicine to a child who is on a low-sodium diet without advice.,U se ke ua fana ka moriana ho ngoana ea lijo tse tlase tsa sodium ntle le keletso.,WHO,medication-instructions-v1,,reviewed,
4138,Maternal and Child Health,I was told to wean my baby at twelve months.,Ke ile ka laelwa ke tsosele ngoanana wa ka ka dilemo tse pedi.,WHO,maternal-child-health-v1,,raw,
4776,General Patient Education,Bring your referral letter to all specialist appointments.,Tlisa lengolo la hao la referral li-appointment tsohle tsa setsebi.,WHO,general-patient-education-v1,,reviewed,
1312,Tuberculosis,"In TB meningitis co-infected patients, ART initiation should be delayed to reduce immune reconstitution risk.","Ho bakuli ba nang le TB meningitis ba nang le tšoaetso e kopaneng, ho qala ART ho lokela ho liehisoa ho fokotsa kotsi ea immune reconstitution.",WHO,tb-hiv-meningitis-art,,reviewed,
3150,Symptoms and Complaints,I have been passing stools that are very dark.,Ke ntse ke fetisa manyelo a lefifi haholo.,WHO,symptoms-complaints-v1,,reviewed,
1112,Tuberculosis,"India, Indonesia, China, the Philippines, and Pakistan account for more than half of global TB cases.","India, Indonesia, China, Philippines, le Pakistan li bua karolo e fetang halofo ea liketsahalo tsa TB lefatšeng lohle.",WHO,tb-high-burden-countries,,reviewed,
4548,General Patient Education,Antioxidant-rich foods protect your body from cell damage.,Lijo tse nang le li-antioxidant li sireletsa 'mele oa hao ho kotsi ea lisele.,WHO,general-patient-education-v1,,reviewed,
4086,Maternal and Child Health,I was stitched after my delivery.,Ke ile ka tsenngwa ka mora tswalo.,WHO,maternal-child-health-v1,,raw,
3490,Symptoms and Complaints,I have a persistent itch all over my body with no visible rash.,Ke na le ho hlohlona ho tsoelang pele 'meleng oa ka ka bophara ntle le ho ruruha ha letlalo ho bonahalang.,WHO,symptoms-complaints-v1,,reviewed,
1288,Tuberculosis,"Clofazimine causes skin discolouration ranging from red-brown to black, which is reversible after stopping the drug.","Clofazimine e baka phetoho ea ’mala oa letlalo ho tloha ho bofubelu bo sootho ho ea ho botšo, e ka khutlelang setloaeling ka mor’a ho emisa moriana.",WHO,tb-clofazimine-skin,,reviewed,
4178,Maternal and Child Health,I was told my child needs a catch-up vaccination schedule.,Nna ke ile ka bolelwa hore ntswa a hlokang tšireletso ya go tsotella.,WHO,maternal-child-health-v1,,raw,
4646,General Patient Education,Regular monitoring of your condition helps detect changes early.,Ho hlahloba boemo ba hao ka mehla ho thusa ho fumana liphetoho kapele.,WHO,general-patient-education-v1,,reviewed,
3681,Appointments and Follow-Up,The nurse booked my next appointment before I left.,Mooki o bukile appointment ea ka e latelang pele ke tsamaea.,WHO,appointments-followup-v1,,reviewed,
4512,General Patient Education,Treat people with infectious diseases with dignity and respect.,Phethela batho ba nang le mahlwetse a tšoaetsang ka tlotlo le hlompho.,WHO,general-patient-education-v1,,reviewed,
4169,Maternal and Child Health,My baby cried a lot after the last vaccination.,Mwana wa ka o ile a tswa thata ka morago ga veksi ya pele.,WHO,maternal-child-health-v1,,raw,
3301,Symptoms and Complaints,I have a sudden loss of vision in my right eye.,Ke na le ho lahleheloa ke pono ka tšohanyetso leihlong la ka la le letona.,WHO,symptoms-complaints-v1,,reviewed,
3311,Symptoms and Complaints,I have pain behind my right eye.,Ke na le mahloko morao ho leihlo la ka la le letona.,WHO,symptoms-complaints-v1,,reviewed,
4557,General Patient Education,Plan your meals in advance to make healthier food choices.,Rererela lijo tsa hao pele ho etsa likhetho tse ntle tsa lijo.,WHO,general-patient-education-v1,,reviewed,
3126,Symptoms and Complaints,I have been passing stools that are very hard and dry.,Ke ntse ke fetisa manyelo a thata haholo le a omileng.,WHO,symptoms-complaints-v1,,reviewed,
328,HIV,"Cryptococcal meningitis presents with severe headache, fever, and neck stiffness.","Cryptococcal meningitis e etsahala ka ho jala hloohong, mafu, 'me mafu a lehlakoreng.",WHO,oi-cryptococcal,,raw,
1791,Tuberculosis,"Renal TB can cause blood in the urine, flank pain, and frequent urination.","TB ea lipitso e ka baka mali morotong, mahloko a mahlakore, le ho morota hangata.",WHO,tb-patch-final,,reviewed,
2491,Medication Instructions,Do not give more than the recommended dose to a child.,U se ke ua fana ka dose e fetang e khothallitsoeng ho ngoana.,WHO,medication-instructions-v1,,reviewed,
2007,Medication Instructions,Apply the topical antibiotic to the wound after cleaning it thoroughly.,Sebelisa antibiotic ea letlalo ntoa ka mor'a ho e hlotsa hantle.,WHO,medication-instructions-v1,,reviewed,
2008,Medication Instructions,Administer the rectal suppository after a bowel movement for best absorption.,Fana ka rectal suppository ka mor'a ho ea ntlong ea thokomelo bakeng sa ho metsoa hantle.,WHO,medication-instructions-v1,,reviewed,
1859,Medication Instructions,Take one tablet four times daily until symptoms resolve.,Nka pilisi e le ngoe habeli ka letsatsi ho fihlela matšoao a fela.,WHO,medication-instructions-v1,,reviewed,
4686,General Patient Education,Seek help early if you are experiencing symptoms of depression.,Batla thuso kapele haeba o ikutloa matšoao a khutsanyetso.,WHO,general-patient-education-v1,,reviewed,
313,HIV,A negative PCR test at six weeks does not rule out HIV if the baby is still breastfeeding.,Tsebo ya PCR e leboea ka beke e tletseng ha e fetele HIV ha e le hore ngwana e sa tsoa ja.,WHO,pmtct-eid,,raw,
833,HIV,Repeat HIV testing in the third trimester is recommended for HIV-negative pregnant women.,Ho phinda ho hlahlobeloa HIV nako ea boraro ea ho ima ho khothalletsoa bakeng sa basali ba mitsi ba se nang HIV.,WHO,hiv-anc-repeat-testing,,reviewed,
3080,Symptoms and Complaints,I am coughing up mucus with a rotten smell.,Ke kohoa mucus e nang le monko oa ho bola.,WHO,symptoms-complaints-v1,,reviewed,
4718,General Patient Education,Use moisturiser regularly to manage dry skin conditions.,Sebelisa moisturiser ka mehla ho laola maemo a letlalo le omileng.,WHO,general-patient-education-v1,,reviewed,
3463,Symptoms and Complaints,I have a feeling of burning in my renal pelvis.,Ke na le maikutlo a ho chesa renal pelviseng ea ka.,WHO,symptoms-complaints-v1,,reviewed,
1202,Tuberculosis,"TB treatment outcomes are worse in patients who are HIV-positive, malnourished, or have drug-resistant TB.","Kalafo ea lefuba e ba le liphetho tse mpe ho bakuli ba phelang le HIV, ba sa fumaneng phepo e nepahetseng, kapa ba nang le lefuba le sa foleng ka meriana e tloaelehileng.",WHO,tb-poor-outcomes,,reviewed,
4392,Maternal and Child Health,I was told that the IUD can remain in place for up to five years.,Ke boletsoe hore IUD e ka lula sebakeng sa yona ho fihlela lilomo tse hlano.,WHO,maternal-child-health-v1,,reviewed,
3548,Appointments and Follow-Up,Can I book an appointment for a family planning consultation?,Na nka buka appointment bakeng sa keletso ea ho rererela lelapa?,WHO,appointments-followup-v1,,reviewed,
4923,General Patient Education,Attend community health days to access free health services.,Tla matsatsing a bophelo ba sechaba ho fihlela litšebeletso tsa bophelo bo botle mahala.,WHO,general-patient-education-v1,,reviewed,
2135,Medication Instructions,Store the medication in a location that maintains a consistent temperature.,Boloka moriana sebakeng se bolokang mocheso o tsitsitseng.,WHO,medication-instructions-v1,,reviewed,
3452,Symptoms and Complaints,I have a feeling of pain in my kidneys.,Ke na le maikutlo a mahloko lipitsong tsa ka.,WHO,symptoms-complaints-v1,,reviewed,
2210,Medication Instructions,This medicine may cause increased appetite; monitor your food intake.,Moriana ona o ka baka ho eketseha ha takatso ea lijo; hlahloja ho ja ha hau.,WHO,medication-instructions-v1,,reviewed,
1902,Medication Instructions,Take two tablets twice daily for the duration of the treatment.,Nka lipilisi tse peli habeli ka letsatsi nako yohle ea phekolo.,WHO,medication-instructions-v1,,reviewed,
1482,Tuberculosis,Screening for depression and anxiety should be integrated into TB care.,Ho hlahlobeloa ha ho nyamela le ho tšaba ho lokela ho kopanyoa le tlhokomelo ea TB.,WHO,tb-mental-health-screening,,reviewed,
778,HIV,Supply chain management is critical to ensure uninterrupted ART supply.,Taolo ea letoto la phano e bohlokoa ho netefatsa phano ea ART e sa emeng.,WHO,hiv-supply-chain,,reviewed,
800,HIV,I am worried about gaining weight since I started the new HIV medicine.,Ke na le khatello ea ho eketseha ha boima ho tloha ha ke qala moriana o mocha oa HIV.,clinical_fieldwork,patient-art-weight-gain,,reviewed,
3715,Appointments and Follow-Up,The nurse told me I can call for my results after two days.,Mooki o mpoleletse hore nka letsetsa bakeng sa liphetho tsa ka ka mor'a matsatsi a mabeli.,WHO,appointments-followup-v1,,reviewed,
3943,Appointments and Follow-Up,My doctor reduced my medication dose after the follow-up.,Ngaka ea ka e fokotse dose ea moriana oa ka ka mor'a ho latela.,WHO,appointments-followup-v1,,reviewed,
55,HIV,If your viral load remains high on ART your doctor may test for drug resistance.,"Haeba boemo ba vaerase maling a hau (viral load) bo lula bo phahame leha u le ho ART, ngaka ea hau e ka etsa tlhahlobo ea manganga a tšusumetso ea meriana (drug resistance test).",NIH_HIVinfo,hiv-drug-resistance,,reviewed,
2973,Symptoms and Complaints,I have pain in my right elbow that is worse when bending.,Ke na le mahloko tsualikaneng la ka la le letona a mpe ha ke khoromela.,WHO,symptoms-complaints-v1,,reviewed,
3336,Symptoms and Complaints,I have a rash on my ears that is very itchy.,Ke na le ho ruruha ha letlalo matsebeng a ka ho hlohlonang haholo.,WHO,symptoms-complaints-v1,,reviewed,
1921,Medication Instructions,Take one capsule every morning and evening with food.,Nka capsule e le ngoe hoseng hoa hoseng le mantsiboa le lijo.,WHO,medication-instructions-v1,,reviewed,
3716,Appointments and Follow-Up,The doctor asked if I have been taking my medication correctly.,Ngaka e botšitse haeba ke ntse ke nka moriana oa ka ka nepo.,WHO,appointments-followup-v1,,reviewed,
4647,General Patient Education,Self-management is an important part of living with a chronic disease.,Ho itaola ke karolo ea bohlokoa ea ho phela le bolwetse ba tsoelang pele.,WHO,general-patient-education-v1,,reviewed,
947,HIV,HIV treatment is free at public health facilities in South Africa.,Phekolo ea HIV ha e lefisoe likamoreng tsa bophelo bo botle tsa sechaba Afrika Boroa.,DOH_SA,hiv-free-treatment,,reviewed,
1702,Tuberculosis,Streptomycin was the first antibiotic found to be effective against tuberculosis.,Streptomycin e ne e le antibiotic ea pele e fumaneoang e sebetsa khahlanong le tuberculosis.,WHO,tb-streptomycin-history,,reviewed,
3294,Symptoms and Complaints,I have a rash on my legs that is very red.,Ke na le ho ruruha ha letlalo maotong a ka ho bofubedu haholo.,WHO,symptoms-complaints-v1,,reviewed,
2162,Medication Instructions,This medicine may cause weight gain; monitor your weight regularly.,Moriana ona o ka baka ho eketseha ha boima; hlahloja boima ba hau ka mehla.,WHO,medication-instructions-v1,,reviewed,
1137,Tuberculosis,Haemoptysis — coughing up blood — results from erosion of blood vessels by TB bacteria in the lungs.,Haemoptysis — ho kohoa mali — e hlaha ho tsoa ho ho senyeha ha methapo ea mali ke bakteria ea TB matšoafong.,NIH,tb-haemoptysis,,reviewed,
988,HIV,Trauma-informed care approaches are essential when supporting HIV-positive survivors of gender-based violence.,Mekhoa ea tlhokomelo e tsebang trauma e bohlokoa ha ho tshehetsa baphonyohi ba nang le HIV ba tlhoriso e thehiloeng holim'a bong.,WHO,hiv-trauma-informed-care,,reviewed,
2550,Medication Instructions,Give the medicine to the child with a small amount of ice cream if needed.,Fana ka moriana ho ngoana le ice cream e nyenyane haeba ho hlokeha.,WHO,medication-instructions-v1,,reviewed,
194,HIV,Receiving a blood transfusion with HIV-infected blood can transmit the virus.,Ho tšeloa mali a nang le tšoaetso ea HIV ho ka fetisa vaerase.,NIH_HIVinfo,hiv-transmission,,reviewed,
3058,Symptoms and Complaints,I feel a tightness in my lungs when I breathe.,Ke ikutloa ho tšoaroa ha matšoafo ha ke hema.,WHO,symptoms-complaints-v1,,reviewed,
3247,Symptoms and Complaints,I have been having episodes of sudden severe finger pain.,Ke ntse ke na le linako tsa mahloko a matla a menwane ka tšohanyetso.,WHO,symptoms-complaints-v1,,reviewed,
1395,Tuberculosis,The BCG vaccine is the only licensed vaccine against tuberculosis.,Ente ea BCG ke eona feela ente e lumelletsoeng ka molao ho loantša lefu la lefuba (TB).,WHO,tb-bcg,,reviewed,
2638,Medication Instructions,Take your medicine with a consistent routine to improve adherence.,Nka moriana oa hau le mokhoa o tsitsitseng ho ntlafatsa ho latela.,WHO,medication-instructions-v1,,reviewed,
769,HIV,HIV latency reversing agents aim to flush the virus out of its reservoir.,Lisebelisoa tsa ho fetola ho patala ha HIV li ikemiseditse ho leleka vaerase polokelong ea eona.,NIH_HIVinfo,hiv-latency-reversing,,reviewed,
4703,General Patient Education,Seek medical attention immediately if you notice any unusual lumps or changes.,Batla tlhokomelo ea bongaka hang hang haeba o hona likhulo kapa liphetoho tse sa tloaelehang.,WHO,general-patient-education-v1,,reviewed,
3091,Symptoms and Complaints,I have severe stomach cramps that come and go.,Ke na le ho tšoaroa ha mala ho matla ho tlang le ho tsamaea.,WHO,symptoms-complaints-v1,,reviewed,
3496,Symptoms and Complaints,I have a lump on my neck that has been growing slowly.,Ke na le sekhulo molaleng oa ka se holang butle.,WHO,symptoms-complaints-v1,,reviewed,
3216,Symptoms and Complaints,I have weakness in my feet and keep tripping.,Ke na le ho fokotsehela maotong a ka mme ke ntse ke khutla.,WHO,symptoms-complaints-v1,,reviewed,
286,HIV,HIV counselling helps people understand their diagnosis and make informed decisions.,Tokiso ya HIV e thusa batho ho kgetha tshepetso ya bona 'me ya ba thusa ho etsa ditshono tse nahanang.,WHO,hiv-counselling,,raw,
4939,General Patient Education,Wear a seatbelt every time you travel in a vehicle.,Apara seatbelt nako le nako ha o tsamaea koloing.,WHO,general-patient-education-v1,,reviewed,
429,HIV,HIV services for key populations must be non-judgmental and confidential.,Litshebeletso tsa HIV bakeng sa sechaba se bohlokoa li lokela ho se ahlole mme li boloke sephiri.,WHO,hiv-key-populations-services,,reviewed,
4449,General Patient Education,Completing your full course of treatment prevents drug resistance.,Ho phetela khoroso yohle ea phekolo ho thibela ho hana ha moriana.,WHO,general-patient-education-v1,,reviewed,
2333,Medication Instructions,This medicine may interact with calcium channel blocker drugs; inform your doctor.,Moriana ona o ka kopana le meriana ea calcium channel blocker; tsebisa ngaka ea hau.,WHO,medication-instructions-v1,,reviewed,
2718,Symptoms and Complaints,I feel bloated and uncomfortable after eating.,Ke ikutloa ke tletse moea le ho se ikutloe hantle ka mor'a ho ja.,WHO,symptoms-complaints-v1,,reviewed,
2080,Medication Instructions,Do not use the medication if it has changed colour or appearance.,U se ke ua sebelisa moriana haeba o fetohile mebala kapa boitšoaro.,WHO,medication-instructions-v1,,reviewed,
3390,Symptoms and Complaints,I have a rash that is accompanied by ulceration.,Ke na le ho ruruha ha letlalo ho tsamaeang le ho eba ha maqeba.,WHO,symptoms-complaints-v1,,reviewed,
723,HIV,TB preventive therapy with isoniazid and rifapentine for one month is as effective as six months of isoniazid.,Phekolo ea thibelo ea TB ka isoniazid le rifapentine ka khoeli e le ngoe e sebetsa joaloka likhoeli tse tšeletseng tsa isoniazid.,WHO,hiv-tb-1hp,,reviewed,
952,HIV,"HIV is not transmitted through saliva, tears, or sweat.","HIV ha e fetiseloe ka mathe, meokho, kapa molapo.",CDC_HIVNexus,hiv-transmission-myths,,reviewed,
4384,Maternal and Child Health,I was told to come to the clinic immediately if I think I am pregnant while on an IUD.,Ke boletsoe ho tla klinikeng hang hang haeba ke nahana hore ke mitsa ha ke ntse ke na le IUD.,WHO,maternal-child-health-v1,,reviewed,
4367,Maternal and Child Health,I was told that I have the right to choose my own contraceptive method.,Ke boletsoe hore ke na le tokelo ea ho khetha mokhoa oa ka oa thibelo ea ho mitsa.,WHO,maternal-child-health-v1,,reviewed,
2263,Medication Instructions,Contact your doctor if you develop a persistent tingling in the body.,Ikopanye le ngaka ea hau haeba u ba le ho hlohlona ho tsoelang pele 'meleng.,WHO,medication-instructions-v1,,reviewed,
990,HIV,Decriminalisation of same-sex relationships and sex work is associated with better HIV outcomes.,Ho tlosa molato likamanoeng tsa bong bo tšoanang le mosebetsi oa thobalano ho amahanngoa le liphetho tse ntle tsa HIV.,UNAIDS,hiv-legal-environment,,reviewed,
3213,Symptoms and Complaints,I have been having episodes of sudden severe neck stiffness.,Ke ntse ke na le linako tsa ho thatafala ha molala ho matla ka tšohanyetso.,WHO,symptoms-complaints-v1,,reviewed,
1760,Tuberculosis,Talking openly about TB in your community helps reduce fear and stigma.,Ho bua ka bokhutšoanyane ka TB sechabeng sa hau ho thusa ho fokotsa tšabo le kekello.,WHO,tb-open-dialogue,,reviewed,
4580,General Patient Education,A healthy diet is one of the most powerful tools for managing your health.,Phepo e ntle ke e le ngoe ea lisebelisoa tse matla ka ho fetisisa tsa ho laola bophelo ba hao.,WHO,general-patient-education-v1,,reviewed,
327,HIV,"Symptoms of PCP include shortness of breath, dry cough, and fever.","Mantsoe a PCP a akaretsoa ke ho se utlwe hape, khoeli e sa tswa, 'me mafu.",NIH_HIVinfo,oi-pcp,,raw,
2609,Medication Instructions,Do not take your medicine if you are breastfeeding without medical advice.,U se ke ua nka moriana oa hau haeba u anyesa ntle le keletso ea ngaka.,WHO,medication-instructions-v1,,reviewed,
1384,Tuberculosis,I am now a TB treatment supporter for others in my community because I know how hard it is.,"Hona joale ke mosebeletsi ea tšehetsang phekolo ea lefuba (TB) bakeng sa ba bang sechabeng sa heso, hobane ke tseba hore na ho thata hakae.",clinical_fieldwork,patient-tb-treatment-supporter,,reviewed,
1725,Tuberculosis,Steroid therapy is recommended for TB meningitis and pericarditis.,Phekolo ea steroid e khothalletsoa bakeng sa TB meningitis le pericarditis.,WHO,tb-steroids,,reviewed,
1087,Tuberculosis,"TB diagnosis requires a combination of clinical assessment, laboratory tests, and imaging.","Tlhahlobo ea TB e hloka kopano ea tlhahlobo ea kliniki, liteko tsa laboratori, le ho nka lifoto.",CDC,tb-diagnosis-approach,,reviewed,
2524,Medication Instructions,Give the medicine to the child with a small amount of juice to improve palatability.,Fana ka moriana ho ngoana le moerane o monyenyane ho ntlafatsa tatso.,WHO,medication-instructions-v1,,reviewed,
342,HIV,"Kaposi sarcoma can also affect the lungs, gut, and lymph nodes.","Kaposi sarcoma e ka fana ka ho hlabisa lehu, sefubeng le mafung.",CDC_HIVNexus,oi-kaposi,,raw,
3702,Appointments and Follow-Up,The doctor said my blood results are within normal range.,Ngaka e itse liphetho tsa mali ea ka li le maemong a tloaelehileng.,WHO,appointments-followup-v1,,reviewed,
148,HIV,Post-traumatic stress disorder is more common in people living with HIV.,Lefu la khatello ea maikutlo ka mor'a ho traumatic (post-traumatic stress disorder - PTSD) le tloaelehile haholo ho batho ba phelang le HIV mme le hloka tlhokomelo e khethehileng.,PMC,hiv-ptsd,,reviewed,
689,HIV,Cotrimoxazole prophylaxis in HIV-exposed infants can be stopped after a negative HIV test at 18 months.,Prophylaxis ea cotrimoxazole ho bana ba hlahisitsoeng HIV e ka emisoa ka mor'a tlhahlobo ea HIV e senyenyane ka likhoeli tse 18.,WHO,pmtct-ctx-stopping,,reviewed,
3433,Symptoms and Complaints,I have pain in my prostate.,Ke na le mahloko prostateng ea ka.,WHO,symptoms-complaints-v1,,reviewed,
1108,Tuberculosis,Prison TB screening on entry and exit is essential to prevent TB spread in correctional facilities.,Ho hlahlobeloa ha TB likotsofatsong ha ho kenoa le ha ho tsoa ho bohlokoa ho thibela phatlalalo ea TB likamoreng tsa ho loka.,WHO,tb-prison-screening,,reviewed,
849,HIV,Workplace disclosure of HIV status is a personal decision and cannot be required by an employer.,Ho senola boemo ba HIV mafapheng a mosebetsi ke qeto ea motho ka bo eena mme ha e khone ho hlokeha ke mofani oa mosebetsi.,ILO,hiv-workplace-disclosure,,reviewed,
967,HIV,Index testing involves offering HIV tests to sexual partners and biological children of a known HIV-positive person.,Tlhahlobo ea index e kenyelletsa ho fana ka liteko tsa HIV ho balekane ba thobalano le bana ba sebele ba motho ea tsebahetseng ea nang le HIV.,WHO,hiv-index-testing,,reviewed,
4728,General Patient Education,Visit the dentist regularly for check-ups and cleaning.,Etela ngaka ea meno ka mehla bakeng sa litlhahlobo le ho hlotsa.,WHO,general-patient-education-v1,,reviewed,
1493,Tuberculosis,My child received the BCG injection at birth and I am glad the nurse explained what it was for.,Ngoana oa ka o fumanoe ente ea BCG ha a tsoaloa mme ke thabile hore mooki o hlalositsa hore e ne e le bakeng sa eng.,clinical_fieldwork,patient-tb-bcg-awareness,,reviewed,
3954,Appointments and Follow-Up,The nurse was very helpful and answered all my questions.,Mooki o ne a thusa haholo mme a araba lipotso tsohle tsa ka.,WHO,appointments-followup-v1,,reviewed,
2204,Medication Instructions,This medicine may cause hot flushes; inform your doctor if they are bothersome.,Moriana ona o ka baka ho chesa ha 'mele; tsebisa ngaka ea hau haeba e ba bothata.,WHO,medication-instructions-v1,,reviewed,
2714,Symptoms and Complaints,I feel nauseous most of the time.,Ke ikutloa ke nyakeloa nako e ngata.,WHO,symptoms-complaints-v1,,reviewed,
662,HIV,Tenofovir alafenamide has fewer kidney and bone side effects than tenofovir disoproxil fumarate.,Tenofovir alafenamide e na le litlamorao tse fokolang tsa lipitso le masapo ho feta tenofovir disoproxil fumarate.,NIH_HIVinfo,art-taf-vs-tdf,,reviewed,
1003,Tuberculosis,TB is one of the leading infectious disease killers worldwide.,TB ke e 'ngoe ea mafu a fetisoang a bolaeang batho ba bangata ka ho fetisisa lefatšeng lohle.,WHO,tb-global-burden,,reviewed,
63,HIV,Older adults living with HIV may need extra monitoring for other health conditions.,Batho ba hotseng ba phelang le HIV ba ka hloka tlhahlobo le tlhokomelo e eketsehileng (extra monitoring) bakeng sa maemo a mang a bophelo kapa mafu a mang.,NIH_HIVinfo,art-older-adults,,reviewed,
285,HIV,I am a healthcare worker and I had a needlestick injury and need PEP.,Ke mmusi wa tsebo ya tšeo 'me ke ile ka ba le tšoaetso ya sethepupele 'me ke hloka PEP.,clinical_fieldwork,patient-pep-request,,raw,
2225,Medication Instructions,Seek medical attention if you develop signs of thyroid problems.,Batla tlhokomelo ea ngaka haeba u ba le lišoaetso tsa mathata a thyroid.,WHO,medication-instructions-v1,,reviewed,
4707,General Patient Education,Arthritis causes pain and stiffness in the joints.,Arthritis e baka mahloko le ho thatafala ha maqhoa.,WHO,general-patient-education-v1,,reviewed,
1880,Medication Instructions,Take two capsules twice daily with food.,Nka li-capsule tse peli habeli ka letsatsi le lijo.,WHO,medication-instructions-v1,,reviewed,
3573,Appointments and Follow-Up,I need to know which department my appointment is in.,Ke hloka ho tseba lefapheng lefe appointment ea ka e leng teng.,WHO,appointments-followup-v1,,reviewed,
4858,General Patient Education,Every person deserves to be in a safe and healthy relationship.,Motho e mong le e mong o lokeloa ke ho ba kamanong e bolokehileng le e phela hantle.,WHO,general-patient-education-v1,,reviewed,
1204,Tuberculosis,End-of-treatment sputum culture is used to confirm TB cure.,Tlhahlobo ea sekhohlela e etsoang qetellong ea kalafo e thusa ho netefatsa hore mokuli o folile lefubeng.,WHO,tb-end-of-treatment,,reviewed,
1991,Medication Instructions,"Apply the medicated patch to the chest or back, not over broken skin.","Beha patch ea moriana sefubeng kapa mokokotlong, eseng holim'a letlalo le senyehileng.",WHO,medication-instructions-v1,,reviewed,
25,HIV,A rising CD4 count means your immune system is recovering on ART.,Palo e ntseng e phahama ea CD4 e bolela hore sesole sa mmele sa hau se ntse se hlaphoheloa ka lebaka la phekolo ea lithibela-mafofore (ART).,CDC_HIVNexus,hiv-monitoring,,reviewed,
4853,General Patient Education,Open communication with your partner about sexual health is important.,Ho buisana ka bolokolohi le molekane oa hao ka bophelo ba thobalano ho bohlokoa.,WHO,general-patient-education-v1,,reviewed,
4103,Maternal and Child Health,My baby's birth was registered at the hospital.,Tswalo ya ngoanana ka yona e regisitwe hospitaleng.,WHO,maternal-child-health-v1,,raw,
4168,Maternal and Child Health,I would like to know the vaccination schedule for my baby.,Ke batla go tseba tsebele ya veksi ya mwana wa ka.,WHO,maternal-child-health-v1,,raw,
763,HIV,Oral nutritional supplements can help people living with HIV meet their energy needs.,Lisebelisoa tsa phepo tsa molomo li ka thusa batho ba phelang le HIV ho fihlela litlhoko tsa bona tsa matla.,FAO,hiv-oral-supplements,,reviewed,
876,HIV,Media campaigns that show people living with HIV as healthy and productive reduce stigma.,Mananeo a media a bontšang batho ba phelang le HIV e le ba phelang hantle le ba sebetsang a fokotsa kekello.,UNAIDS,hiv-media-stigma,,reviewed,
4743,General Patient Education,You have the right to complain if you are not satisfied with your care.,O na le tokelo ea ho ngongorehela haeba ha o khotsofale ka tlhokomelo ea hao.,WHO,general-patient-education-v1,,reviewed,
939,HIV,Your next appointment is in one month and we will check your blood at that visit.,Moeto oa hau o tlang o tla ba ka khoeli e le ngoe mme re tla hlahloba mali a hau letsetsong leo.,clinical_fieldwork,clinician-patient-communication,,reviewed,
2688,Medication Instructions,Inform your doctor if you are having difficulty with the smell of your medicine.,Tsebisa ngaka ea hau haeba u na le bothata ba monko oa moriana oa hau.,WHO,medication-instructions-v1,,reviewed,
3601,Appointments and Follow-Up,I have arrived for my appointment.,Ke fihlile bakeng sa appointment ea ka.,WHO,appointments-followup-v1,,reviewed,
2395,Medication Instructions,"If you miss a dose, take it within two hours of the scheduled time.","Haeba u lahlehetsoe ke dose, e nke ka hare ho maho a mabeli oa nako e reretseng.",WHO,medication-instructions-v1,,reviewed,
4568,General Patient Education,A well-nourished body heals faster and fights disease better.,Mele o nang le phepo e lekaneng o fola kapele mme o loa le bolwetse hantle.,WHO,general-patient-education-v1,,reviewed,
4981,General Patient Education,Never demand antibiotics from your doctor if they are not necessary.,O se ke oa kopa li-antibiotic ngakeng ea hao haeba ha li hlokahaleng.,WHO,general-patient-education-v1,,reviewed,
4125,Maternal and Child Health,I have been having urinary incontinence since delivery.,Ke qetile ho tshwara metsi a ka ha ho tswa morao-matlafatsi.,WHO,maternal-child-health-v1,,raw,
4565,General Patient Education,Inform your doctor if you are struggling to afford nutritious food.,Tsebisa ngaka ea hao haeba o na le bothata ba ho lefella lijo tse nang le phepo.,WHO,general-patient-education-v1,,reviewed,
386,HIV,Dolutegravir is a preferred first-line ART medicine due to its high efficacy and tolerability.,Dolutegravir ke morero o ratoang o lekana la ART o tsoa ho fumana ka lebaka la tshebetso e ntle le ho e tseba.,WHO,art-dolutegravir,,raw,
3878,Appointments and Follow-Up,I could not attend because the clinic was too far away.,Ha ke a khona ho tla hobane kliniki e ne e hole haholo.,WHO,appointments-followup-v1,,reviewed,
4371,Maternal and Child Health,I was told that family planning helps space pregnancies for better health.,Ke boletsoe hore ho rererela lelapa ho thusa ho arohanya likhutsana bakeng sa bophelo bo botle.,WHO,maternal-child-health-v1,,reviewed,
4570,General Patient Education,Do not take your medication on an empty stomach unless instructed.,O se ke oa nka moriana oa hao maleng a se nang letho ntle le ho laeloa.,WHO,general-patient-education-v1,,reviewed,
537,HIV,Drug interactions between ART and medicines for other conditions must be carefully managed.,Maphutha a ditherepe kaha ART le ditherepe tsa merero e meng e tlameha ho tsebjwa ka khotso.,WHO,hiv-drug-interactions,,raw,
2292,Medication Instructions,Avoid taking iron supplements within four hours of this medicine.,Hana ho nka lisebelisoa tsa tšepe ka hare ho maho a mane oa moriana ona.,WHO,medication-instructions-v1,,reviewed,
4666,General Patient Education,"Asthma can be triggered by dust, smoke, pollen, and cold air.","Asthma e ka qalisoa ke lerole, mousi, pollen, le moea o batang.",WHO,general-patient-education-v1,,reviewed,
3875,Appointments and Follow-Up,I forgot about my appointment and did not come.,Ke lebetse appointment ea ka mme ha ke a tla.,WHO,appointments-followup-v1,,reviewed,
937,HIV,These are your HIV medicines and I will explain exactly how and when to take them.,Ena ke meriana ea HIV ea hau mme ke tla hlalosa ka nepo hore na u e nke joang le neng.,clinical_fieldwork,clinician-patient-communication,,reviewed,
3738,Appointments and Follow-Up,I was reminded to fast before my blood test appointment.,Ke khumamisitsoe ho ikitima lijo pele ho appointment ea tlhahlobo ea mali.,WHO,appointments-followup-v1,,reviewed,
4729,General Patient Education,Every person has the right to access healthcare services.,Motho e mong le e mong o na le tokelo ea ho fihlela litšebeletso tsa tlhokomelo ea bophelo bo botle.,WHO,general-patient-education-v1,,reviewed,
2361,Medication Instructions,This medicine may interact with serotonin reuptake inhibitor drugs; inform your doctor.,Moriana ona o ka kopana le meriana ea serotonin reuptake inhibitor; tsebisa ngaka ea hau.,WHO,medication-instructions-v1,,reviewed,
3508,Appointments and Follow-Up,I need to book an appointment for a TB test.,Ke hloka ho buka appointment bakeng sa tlhahlobo ea TB.,WHO,appointments-followup-v1,,reviewed,
202,HIV,Check the expiry date on a condom before using it.,Hlahloba letsatsi la ho felloa ke nako la khohlopo pele u e sebelisa.,WHO,hiv-condom-use,,reviewed,
3209,Symptoms and Complaints,I have been having episodes of sudden loss of speech.,Ke ntse ke na le linako tsa ho lahleheloa ke ho bua ka tšohanyetso.,WHO,symptoms-complaints-v1,,reviewed,
1333,Tuberculosis,TPT uptake among eligible HIV-positive patients remains low in many high-burden countries.,Kamohelo ea TPT har’a bakuli ba nang le HIV ba tšoanelehang e ntse e le tlase linaheng tse ngata tse nang le moroalo o phahameng oa TB.,WHO,tb-tpt-uptake,,reviewed,
3017,Symptoms and Complaints,I have difficulty breathing and my chest is heaving.,Ke na le bothata ba ho hema mme sefuba sa ka se phahama.,WHO,symptoms-complaints-v1,,reviewed,
3503,Appointments and Follow-Up,Can I make an appointment for tomorrow morning?,Na nka etsa appointment bakeng sa hoseng ha maobane?,WHO,appointments-followup-v1,,reviewed,
2709,Symptoms and Complaints,I have a general feeling of being unwell.,Ke na le maikutlo a kakaretso a ho sa phela hantle.,WHO,symptoms-complaints-v1,,reviewed,
4022,Maternal and Child Health,I was diagnosed with gestational diabetes during my pregnancy.,Ke ne ke iloanelwa ke ho na diabetes ya botshelelo ha ke ne ke le monna-wame.,WHO,maternal-child-health-v1,,raw,
1855,Medication Instructions,Take one tablet every day for six months without interruption.,Nka pilisi e le ngoe letsatsi le leng le le leng ka likhoeli tse tšeletseng ntle le ho emisa.,WHO,medication-instructions-v1,,reviewed,
4470,General Patient Education,Avoid sharing personal items such as towels and toothbrushes.,Hana ho arolelana lintho tsa botho joalo ka lithaole le likolobetso tsa meno.,WHO,general-patient-education-v1,,reviewed,
2873,Symptoms and Complaints,I have pain in my elbows that is getting worse.,Ke na le mahloko matsoalikaneng a ka a mpe.,WHO,symptoms-complaints-v1,,reviewed,
3031,Symptoms and Complaints,I have a cough that is triggered by lying down.,Ke na le ho kohoa ho qalisitsoeng ke ho robala.,WHO,symptoms-complaints-v1,,reviewed,
1206,Tuberculosis,TB treatment in children uses weight-based dosing of the same first-line drugs used in adults.,"Bana ba tšoeroeng ke lefuba ba fuoa meriana e tšoanang le ea batho ba baholo, empa palo ea meriana e itšetlehile ka boima ba 'mele ba ngoana.",WHO,tb-paediatric-dosing,,reviewed,
1646,Tuberculosis,Liver function tests should be monitored regularly during TB treatment.,Liteko tsa tšebetso ea sebete li lokela ho hlahlojoa ka mehla nakong ea phekolo ea TB.,WHO,tb-liver-monitoring,,reviewed,
3418,Symptoms and Complaints,I have a sudden urge to urinate that I cannot control.,Ke na le takatso ea ho morota ka tšohanyetso eo ke ke keng ka e laola.,WHO,symptoms-complaints-v1,,reviewed,
3477,Symptoms and Complaints,I have a feeling of urgency related to my renal capsule.,Ke na le maikutlo a ho hloka ka potlako a amanang le renal capsule ea ka.,WHO,symptoms-complaints-v1,,reviewed,
2862,Symptoms and Complaints,I have a sharp pain behind my eyes.,Ke na le mahloko a bohale morao ho mahlo a ka.,WHO,symptoms-complaints-v1,,reviewed,
1793,Tuberculosis,Ocular TB can affect any part of the eye and may cause vision loss if untreated.,TB ea mahlo e ka angoa karolo efe kapa efe ea leihlo mme e ka baka ho lahleheloa ke pono haeba e sa phekoluoe.,WHO,tb-patch-final,,reviewed,
3798,Appointments and Follow-Up,I have to tell the doctor if I vomit after taking my medication.,Ke tlameha ho bolella ngaka haeba ke hlatsa ka mor'a ho nka moriana oa ka.,WHO,appointments-followup-v1,,reviewed,
3369,Symptoms and Complaints,I have a change in the movement of my eye.,Ke na le phetoho mokhoaneng oa ho tsamaea ha leihlo la ka.,WHO,symptoms-complaints-v1,,reviewed,
3368,Symptoms and Complaints,I have a rash that is accompanied by eye redness.,Ke na le ho ruruha ha letlalo ho tsamaeang le bofubedu ba leihlo.,WHO,symptoms-complaints-v1,,reviewed,
3534,Appointments and Follow-Up,I would like to book an appointment for a cervical cancer screening.,Ke rata ho buka appointment bakeng sa ho hlahloba kankere ea molala oa mpheng.,WHO,appointments-followup-v1,,reviewed,
3450,Symptoms and Complaints,I have a feeling of urgency in my urethra.,Ke na le maikutlo a ho hloka ka potlako urethrang ea ka.,WHO,symptoms-complaints-v1,,reviewed,
604,HIV,I want to join a support group for people living with HIV.,Ke batla ho kenela sehlopha sa tshehetso bakeng sa batho ba phelang le HIV.,clinical_fieldwork,patient-hiv-support-group,,reviewed,
3057,Symptoms and Complaints,I have difficulty breathing and feel very nauseous.,Ke na le bothata ba ho hema mme ke ikutloa ke nyakeloa haholo.,WHO,symptoms-complaints-v1,,reviewed,
4532,General Patient Education,Do not skip meals especially breakfast.,O se ke oa tlohela lijo haholo-holo sarapotso.,WHO,general-patient-education-v1,,reviewed,
127,HIV,Rifampicin used in TB treatment can reduce the effectiveness of some ART medicines.,Rifampicin e sebelisoang kalafong ea lefuba (TB) e ka fokotsa matla a meriana e meng ea ART.,WHO,hiv-tb-drug-interactions,,reviewed,
3877,Appointments and Follow-Up,I missed my appointment because of a family emergency.,Ke lahlehetsoe ke appointment ea ka ka lebaka la tšohanyetso ea lelapa.,WHO,appointments-followup-v1,,reviewed,
2936,Symptoms and Complaints,I have a burning sensation in my right foot.,Ke na le maikutlo a ho chesa leotong la ka la le letona.,WHO,symptoms-complaints-v1,,reviewed,
3532,Appointments and Follow-Up,I need to book an appointment for a hearing test.,Ke hloka ho buka appointment bakeng sa tlhahlobo ea kutlo.,WHO,appointments-followup-v1,,reviewed,
2731,Symptoms and Complaints,I have been feeling unwell since I started the new medicine.,Ke ntse ke ikutloa ke sa phela hantle ho tloha ha ke qala moriana o mocha.,WHO,symptoms-complaints-v1,,reviewed,
828,HIV,Post-test counselling provides support and guidance regardless of the HIV test result.,Keletso e ntoeng ka mora tlhahlobo e fana ka tshehetso le tataiso ntle le ho sheba sephetho sa tlhahlobo ea HIV.,CDC_HIVNexus,hiv-post-test-counselling,,reviewed,
1640,Tuberculosis,Monthly clinic visits during TB treatment allow the doctor to monitor your progress.,Litsebeliso tsa kliniki tsa khoeli le khoeli nakong ea phekolo ea TB li lumella ngaka ho hlahloja tsoelo-pele ea hau.,DOH_SA,tb-monthly-visits,,reviewed,
985,HIV,Integrating mental health services into HIV care improves both treatment adherence and quality of life.,Ho kopanya litshebeletso tsa bophelo ba kelello le tlhokomelo ea HIV ho ntlafatsa ho latela phekolo le boleng ba bophelo.,WHO,hiv-mental-health-integration,,reviewed,
3282,Symptoms and Complaints,I have difficulty with my orientation and get lost easily.,Ke na le bothata ba ho tseba ke hokae mme ke lahlehela habonolo.,WHO,symptoms-complaints-v1,,reviewed,
4972,General Patient Education,Access to health information is a right for all community members.,Ho fihlela tlhahisoleseling ea bophelo bo botle ke tokelo ea maloko ohle a sechaba.,WHO,general-patient-education-v1,,reviewed,
2189,Medication Instructions,Seek medical help if you develop a rash with blistering or peeling skin.,Batla thuso ea ngaka haeba u ba le ho ruruha ha letlalo le nang le li-blister kapa ho hlokola ha letlalo.,WHO,medication-instructions-v1,,reviewed,
4613,General Patient Education,Encourage your children to be physically active every day.,Khothaletsa bana ba hao ho ba le mesebetsi ea 'mele letsatsi le leng le le leng.,WHO,general-patient-education-v1,,reviewed,
2444,Medication Instructions,"If you miss a dose of a statin, take it as soon as you remember.","Haeba u lahlehetsoe ke dose ea statin, e nke hang hang ha u hopola.",WHO,medication-instructions-v1,,reviewed,
363,HIV,Stopping tenofovir in people with hepatitis B co-infection can cause a hepatitis flare.,"Ho emisa tenofovir ho batho ba nang le hepatitis B e leng karolo ya tshwaetso, ho ka khathatsa hepatitis ho phahama.",NIH_HIVinfo,hiv-hbv-treatment,,raw,
2350,Medication Instructions,Do not take this medicine with antihistamine drugs without medical advice.,U se ke ua nka moriana ona le meriana ea antihistamine ntle le keletso ea ngaka.,WHO,medication-instructions-v1,,reviewed,
346,HIV,"TB screening at every HIV clinic visit should include asking about cough, fever, weight loss, and night sweats.","Ts'ebe ea TB ha behe e etswe ka ts'ebetsopele ea klinik ea HIV, e akaretse ho botsa ka lefu, mafu, ho fokola ha bonyane le mafu a bosiu.",WHO,hiv-tb-screening,,raw,
815,HIV,I have been living positively with HIV for fifteen years and I am proud of how far I have come.,Ke phela hantle le HIV ka lilemo tse leshome le metso e mehlano mme ke ikantse ka bokgoni ba ka.,clinical_fieldwork,patient-hiv-long-term,,reviewed,
3206,Symptoms and Complaints,I have difficulty controlling my bladder.,Ke na le bothata ba ho laola seboco sa ka.,WHO,symptoms-complaints-v1,,reviewed,
4161,Maternal and Child Health,My baby is due for the ten-week vaccines today.,Ngoanana o tlameha ho ts'ebetswa makhoabo a matsatsi a 10 ka letsatsi lena.,WHO,maternal-child-health-v1,,raw,
4796,General Patient Education,Your health is your most valuable asset — protect and invest in it.,Bophelo ba hao ke thepa ea hao e bohlokoa ka ho fetisisa — sireletsa le ho beha chelete ho yona.,WHO,general-patient-education-v1,,reviewed,
3326,Symptoms and Complaints,I have a rash on my fingers that is peeling.,Ke na le ho ruruha ha letlalo menwaneng ea ka ho hlokohang.,WHO,symptoms-complaints-v1,,reviewed,
4107,Maternal and Child Health,I was told about family planning options after delivery.,Ke ile ka laledwa ka mabaka a ho sireletsa lelapa ka mora ho tswa ha tsalo.,WHO,maternal-child-health-v1,,raw,
2117,Medication Instructions,Store the medication in a place that is not accessible to young children.,Boloka moriana sebakeng se sa fihlelloeng ke bana ba banyenyane.,WHO,medication-instructions-v1,,reviewed,
1835,Medication Instructions,Take one tablet three times daily after food.,Nka pilisi e le ngoe habeli ka letsatsi ka mor'a lijo.,WHO,medication-instructions-v1,,reviewed,
794,HIV,Grandmothers and other extended family members often care for children orphaned by HIV.,Nkhono le maloko a mang a lelapa le leholo hangata a hlokomela bana ba hlokang batsoali ka lebaka la HIV.,UNICEF,hiv-kinship-care,,reviewed,
4947,General Patient Education,Install smoke detectors in your home.,Kenya li-smoke detector ntlong ea hao.,WHO,general-patient-education-v1,,reviewed,
2675,Medication Instructions,Do not take your medicine with glucosamine supplements unless instructed.,U se ke ua nka moriana oa hau le lisebelisoa tsa glucosamine ntle le haeba ho laetsoe.,WHO,medication-instructions-v1,,reviewed,
95,HIV,You are not required by law to disclose your HIV status to your employer.,Ha u tlamelloe ke molao ho bolella mookameli oa hau oa mosebetsi ka boemo ba hau ba HIV.,DOH_SA,hiv-disclosure,,reviewed,
3757,Appointments and Follow-Up,I was told that alcohol can interfere with my medication.,Ke boletsoe hore joala le ka khathatsa moriana oa ka.,WHO,appointments-followup-v1,,reviewed,
2892,Symptoms and Complaints,I have a severe pain in my lower abdomen that is constant.,Ke na le mahloko a matla mpeng ea ka e tlase a tsoelang pele.,WHO,symptoms-complaints-v1,,reviewed,
2372,Medication Instructions,Avoid taking high-dose dong quai supplements at the same time as this medicine.,Hana ho nka lisebelisoa tsa dong quai tsa dose e phahameng ka nako e tšoanang le moriana ona.,WHO,medication-instructions-v1,,reviewed,
4150,Maternal and Child Health,I was told to bring my baby for immunisations at six weeks.,Ke neile tsebiso ya ho leka ngwana ka matsatsi a seng makae gore e ye ho tswa tsebiso.,WHO,maternal-child-health-v1,,raw,
4433,General Patient Education,It is important to keep your vaccinations up to date.,Ho bohlokoa ho boloka liente tsa hao li ntlafetse.,WHO,general-patient-education-v1,,reviewed,
3229,Symptoms and Complaints,I have been having episodes of sudden severe ear pain.,Ke ntse ke na le linako tsa mahloko a matla a tsebe ka tšohanyetso.,WHO,symptoms-complaints-v1,,reviewed,
2854,Symptoms and Complaints,I have a stabbing pain in my chest when I breathe deeply.,Ke na le mahloko a ho hlaba sefubeng ha ke hema ka botebo.,WHO,symptoms-complaints-v1,,reviewed,
2913,Symptoms and Complaints,I have pain in my left wrist that is getting worse.,Ke na le mahloko liqhekelleng la ka la molema a mpe.,WHO,symptoms-complaints-v1,,reviewed,
1866,Medication Instructions,Take one tablet three times daily at eight-hour intervals.,Nka pilisi e le ngoe habeli ka letsatsi ka linako tse arohaneng ka maho a robeli.,WHO,medication-instructions-v1,,reviewed,
1858,Medication Instructions,"Take two tablets as a loading dose, then one tablet daily.","Nka lipilisi tse peli e le loading dose, ebe o nka pilisi e le ngoe letsatsi le leng le le leng.",WHO,medication-instructions-v1,,reviewed,
2646,Medication Instructions,Take your medicine with a supportive network to improve adherence.,Nka moriana oa hau le marang-rang a tshehetso ho ntlafatsa ho latela.,WHO,medication-instructions-v1,,reviewed,
2244,Medication Instructions,This medicine may cause a decrease in folate levels; take a supplement if advised.,Moriana ona o ka baka ho fokotseha ha maemo a folate; nka sesebelisoa haeba ho laetsoe.,WHO,medication-instructions-v1,,reviewed,
2337,Medication Instructions,This medicine may interact with proton pump inhibitor drugs; inform your doctor.,Moriana ona o ka kopana le meriana ea proton pump inhibitor; tsebisa ngaka ea hau.,WHO,medication-instructions-v1,,reviewed,
951,HIV,Mosquitoes and other insects cannot transmit HIV.,Linoha le likhokahane tse ling ha li khone ho fetisela HIV.,CDC_HIVNexus,hiv-transmission-myths,,reviewed,
3069,Symptoms and Complaints,I have difficulty breathing and my breathing is very shallow.,Ke na le bothata ba ho hema mme ho hema ha ka ho fokolang haholo.,WHO,symptoms-complaints-v1,,reviewed,
1121,Tuberculosis,HIV infection is the strongest known risk factor for progression from latent TB to active TB disease.,Tšoaetso ea HIV ke ntlha e tsebahetseng e matla ka ho fetisisa ea kotsi ea ho tsoela pele ho tsoa TB e patileng ho ea ho TB e sebetsang.,WHO,tb-hiv-risk,,reviewed,
2598,Medication Instructions,"Take your medicine with a routine activity to help you remember, such as brushing teeth.","Nka moriana oa hau le mosebetsi oa kamehla ho u thusa ho hopola, joalo ka ho hlatsoa meno.",WHO,medication-instructions-v1,,reviewed,
2205,Medication Instructions,Seek medical help if you develop a high fever with stiff neck and headache.,Batla thuso ea ngaka haeba u ba le feberu e phahameng le molala o thatafetseng le mahloko a hlooho.,WHO,medication-instructions-v1,,reviewed,
420,HIV,Gene therapy approaches are being explored as a potential HIV cure strategy.,Mekhoa ea phekolo ea gene e hlahlojoa e le leano le ka khonehang la pholo ea HIV.,NIH_HIVinfo,hiv-gene-therapy,,reviewed,
923,HIV,I am scared to start HIV treatment because I have heard it has bad side effects.,Ke tšaba ho qala phekolo ea HIV hobane ke utloile hore e na le litlamorao tse mpe.,clinical_fieldwork,patient-art-initiation-fear,,reviewed,
1255,Tuberculosis,I am grateful that TB treatment is free at the government clinic.,Ke leboha hore kalafo ea TB ke mahala tleliniking ea ’muso.,clinical_fieldwork,patient-tb-free-treatment,,reviewed,
478,HIV,Ready-to-use therapeutic food is used to treat severe acute malnutrition in HIV-positive children.,Lijo tsa phekolo tse loketse ho sebelisoa hang li sebelisoa ho phekola ho hloka phepo ho matla ho bana ba nang le HIV.,UNICEF,hiv-paediatric-nutrition,,reviewed,
2036,Medication Instructions,Place the orally disintegrating tablet on the tongue without water.,Beha pilisi e senyehang ka molomo leleme ntle le metsi.,WHO,medication-instructions-v1,,reviewed,
1203,Tuberculosis,Sputum conversion — the change from a positive to a negative sputum culture — is a key indicator of treatment response.,"Ha tlhahlobo ea sekhohlela e fetoha ho tloha ho e bontšang lefuba ho ea ho e sa le bontšeng, sena ke sesupo sa bohlokoa sa hore kalafo ea lefuba e ea sebetsa.",WHO,tb-sputum-conversion,,reviewed,
2627,Medication Instructions,Do not take your medicine with milk unless instructed.,U se ke ua nka moriana oa hau le lebese ntle le haeba ho laetsoe.,WHO,medication-instructions-v1,,reviewed,
4819,General Patient Education,Support is available for people who need help with disclosure.,Tshehetso e fumaneha ho batho ba hlokang thuso ka ho tsebisa.,WHO,general-patient-education-v1,,reviewed,
1971,Medication Instructions,Administer the nebulised solution using a mask or mouthpiece.,Fana ka setšoelo sa nebulised ka ho sebelisa mask kapa mouthpiece.,WHO,medication-instructions-v1,,reviewed,
3111,Symptoms and Complaints,I have been having episodes of vomiting blood.,Ke ntse ke na le linako tsa ho hlatsa mali.,WHO,symptoms-complaints-v1,,reviewed,
4019,Maternal and Child Health,I have been having leg cramps at night during my pregnancy.,Ke na le ho thola mahloko a mafelo a ka bosigo during bohlokehi ba ka.,WHO,maternal-child-health-v1,,raw,
2152,Medication Instructions,This medicine may cause a dry cough; inform your doctor if it becomes bothersome.,Moriana ona o ka baka ho kohoa ho omileng; tsebisa ngaka ea hau haeba e ba bothata.,WHO,medication-instructions-v1,,reviewed,
3688,Appointments and Follow-Up,The doctor told me to monitor my symptoms at home.,Ngaka e mpoleletse ho hlahloba matšoao a ka lapeng.,WHO,appointments-followup-v1,,reviewed,
1998,Medication Instructions,Administer the intravitreal injection only by a trained ophthalmologist.,Fana ka ente ea intravitreal ke ngaka ea mahlo e koetlisitsoeng feela.,WHO,medication-instructions-v1,,reviewed,
4034,Maternal and Child Health,I was screened for TB during my antenatal visit.,Ke ne ke ile ke tshehetsoe ka TB ha selemo sa ka ntle ho antenatal.,WHO,maternal-child-health-v1,,raw,
3055,Symptoms and Complaints,I have a cough that is triggered by changes in weather.,Ke na le ho kohoa ho qalisitsoeng ke liphetoho tsa boemo ba leholimo.,WHO,symptoms-complaints-v1,,reviewed,
1249,Tuberculosis,After two months of treatment I started feeling much better and my cough went away.,"Ka mor’a likhoeli tse peli tsa kalafo ke ile ka qala ho ikutloa ke le betere haholo, ’me khohlela ea ka ea fela.",clinical_fieldwork,patient-tb-improvement,,reviewed,
2193,Medication Instructions,Seek medical attention if you develop signs of kidney problems such as reduced urine output.,Batla tlhokomelo ea ngaka haeba u ba le lišoaetso tsa mathata a lipitso joalo ka ho fokotseha ha moroto.,WHO,medication-instructions-v1,,reviewed,
2713,Symptoms and Complaints,I have been feeling weak and cannot do my usual activities.,Ke ntse ke ikutloa ke fokotsehela mme ha ke khone ho etsa mesebetsi ea ka ea kamehla.,WHO,symptoms-complaints-v1,,reviewed,
993,HIV,Incarcerated individuals have higher HIV prevalence and require access to prevention and treatment services in prisons.,Batho ba khotsofatsoang ba na le palo e phahameng ea HIV mme ba hloka phihlello ea litshebeletso tsa thibelo le phekolo likotsofatsong.,UNAIDS,hiv-prisons,,reviewed,
2191,Medication Instructions,Contact your doctor if you experience shortness of breath while taking this medicine.,Ikopanye le ngaka ea hau haeba u ikutloa u hloka moya ha u nka moriana ona.,WHO,medication-instructions-v1,,reviewed,
3763,Appointments and Follow-Up,I was told that mental health is as important as physical health.,Ke boletsoe hore bophelo ba kelello bo bohlokoa joalo ka bophelo ba 'mele.,WHO,appointments-followup-v1,,reviewed,
3598,Appointments and Follow-Up,Can I book an appointment without a referral?,Na nka buka appointment ntle le referral?,WHO,appointments-followup-v1,,reviewed,
1319,Tuberculosis,TB/HIV co-infected patients benefit from integrated care at a single facility.,Bakuli ba nang le tšoaetso e kopaneng ea TB/HIV ba rua molemo tlhokomelong e kopaneng setsing se le seng.,WHO,tb-hiv-integrated-care,,reviewed,
1864,Medication Instructions,Take one tablet with food to minimise nausea.,Nka pilisi e le ngoe le lijo ho fokotsa ho nyakeloa.,WHO,medication-instructions-v1,,reviewed,
2344,Medication Instructions,Avoid taking high-dose coenzyme Q10 supplements at the same time as this medicine.,Hana ho nka lisebelisoa tsa coenzyme Q10 tsa dose e phahameng ka nako e tšoanang le moriana ona.,WHO,medication-instructions-v1,,reviewed,
2450,Medication Instructions,"If you miss a dose of a pain reliever, take it as soon as you remember.","Haeba u lahlehetsoe ke dose ea moriana oa mahloko, e nke hang hang ha u hopola.",WHO,medication-instructions-v1,,reviewed,
2137,Medication Instructions,"Keep the medication in a clean, dry storage area.","Boloka moriana sebakeng sa ho boloka se hloekileng, se omileng.",WHO,medication-instructions-v1,,reviewed,
1066,Tuberculosis,TB culture can take 2 to 8 weeks to produce results due to the slow growth of Mycobacterium tuberculosis.,Culture ea TB e ka nka libeke tse 2 ho isa ho tse 8 ho hlahisa liphetho ka lebaka la ho hola butle ha Mycobacterium tuberculosis.,CDC,tb-culture-time,,reviewed,
4961,General Patient Education,Remove hazards in the home to prevent falls in older adults.,Ntša likotsi ntlong ho thibela ho wa ha batho ba baholo.,WHO,general-patient-education-v1,,reviewed,
2622,Medication Instructions,Take your medicine as prescribed to achieve the best treatment outcome.,Nka moriana oa hau joalo ka ha ho laetsoe ho fihlela sephetho se seholo sa phekolo.,WHO,medication-instructions-v1,,reviewed,
78,HIV,Kaposi sarcoma is a cancer that can develop in people with advanced HIV disease.,Kaposi sarcoma ke kankere e ka hlahang ho batho ba nang le boemo bo tsoetseng pele ba lefu la HIV (advanced HIV disease).,NIH_HIVinfo,opportunistic-infections,,reviewed,
2899,Symptoms and Complaints,I have pain in my left knee that is swollen and warm.,Ke na le mahloko mangoleng a ka a molema a ruruhetse le ho futhumela.,WHO,symptoms-complaints-v1,,reviewed,
1315,Tuberculosis,Paradoxical TB-IRIS is managed with corticosteroids in severe cases.,Paradoxical TB-IRIS e laoloa ka li-corticosteroid maemong a matla.,WHO,tb-iris-management,,reviewed,
4373,Maternal and Child Health,I was told that having too many pregnancies too close together is risky.,Ke boletsoe hore ho ba le likhutsana tse ngata haholo tse haufi haholo li le kotsi.,WHO,maternal-child-health-v1,,reviewed,
873,HIV,Stigma reduction training for healthcare workers improves quality of HIV care.,Koetliso ea ho fokotsa kekello bakeng sa basebetsi ba bophelo bo botle e ntlafatsa boleng ba tlhokomelo ea HIV.,WHO,hiv-stigma-training,,reviewed,
3851,Appointments and Follow-Up,I want to ask the doctor for a second opinion.,Ke rata ho kopa ngaka maikutlo a bobeli.,WHO,appointments-followup-v1,,reviewed,
4788,General Patient Education,Taking care of your health is your responsibility and your right.,Ho hlokomela bophelo ba hao ke boikarabello ba hao le tokelo ea hao.,WHO,general-patient-education-v1,,reviewed,
2966,Symptoms and Complaints,I have a burning pain in my right ankle.,Ke na le mahloko a ho chesa ankele ea ka ea le letona.,WHO,symptoms-complaints-v1,,reviewed,
3392,Symptoms and Complaints,I have blood in my urine and I am very worried.,Ke na le mali morotong oa ka mme ke na le khathello e kholo.,WHO,symptoms-complaints-v1,,reviewed,
2561,Medication Instructions,Do not give the medicine to a child who is on a shellfish-free diet without checking ingredients.,U se ke ua fana ka moriana ho ngoana ea lijo tse se nang shellfish ntle le ho hlahloba lihlahisoa.,WHO,medication-instructions-v1,,reviewed,
4897,General Patient Education,Be kind to yourself and avoid negative self-talk.,Ba molemo ho uena mme u hane ho itšohla.,WHO,general-patient-education-v1,,reviewed,
2636,Medication Instructions,Inform your doctor if you are having difficulty affording your medicine.,Tsebisa ngaka ea hau haeba u na le bothata ba ho reka moriana oa hau.,WHO,medication-instructions-v1,,reviewed,
3531,Appointments and Follow-Up,I would like to make an appointment for a skin test.,Ke rata ho etsa appointment bakeng sa tlhahlobo ea letlalo.,WHO,appointments-followup-v1,,reviewed,
376,HIV,Advanced HIV disease is defined as a CD4 count below 200 or the presence of an AIDS-defining illness.,Bolwetse bja HIV bjo bogolo bo bja gweka e le ya di-CD4 tse fetelele ka tlase ga 200 goba tswelopele ya bolwetse bja AIDS.,WHO,hiv-advanced-disease,,raw,
1909,Medication Instructions,Take one tablet three times daily with plenty of fluids.,Nka pilisi e le ngoe habeli ka letsatsi le metsi a mangata.,WHO,medication-instructions-v1,,reviewed,
4333,Maternal and Child Health,I received the contraceptive injection three months ago.,Ke amohele ente ea thibelo ea ho mitsa likhoeling tse tharo tse fetileng.,WHO,maternal-child-health-v1,,reviewed,
4380,Maternal and Child Health,I was told that family planning services are available at all public clinics.,Ke boletsoe hore litšebeletso tsa ho rererela lelapa li fumaneha likiliniking tsohle tsa sechaba.,WHO,maternal-child-health-v1,,reviewed,
4028,Maternal and Child Health,I was screened for HIV at my first antenatal appointment.,Ke ile ka etswa skrini ya HIV ka ha ke ntse ke ea kantong ya tšehetso ya batshelelo ya pele.,WHO,maternal-child-health-v1,,raw,
1605,Tuberculosis,Peer support groups help TB patients stay motivated and complete their treatment.,Lihlopha tsa tshehetso ea bahlankana li thusa bakuli ba TB ho lula ba khothalitsoe le ho phetela phekolo ea bona.,WHO,tb-peer-support,,reviewed,
1119,Tuberculosis,Undernutrition is the single largest risk factor for TB globally.,Ho hloka phepo ke ntlha e le 'ngoe e kholo ka ho fetisisa ea kotsi ea TB lefatšeng lohle.,WHO,tb-undernutrition,,reviewed,
3678,Appointments and Follow-Up,The doctor told me to reduce my salt intake.,Ngaka e mpoleletse ho fokotsa ho nka letsoai.,WHO,appointments-followup-v1,,reviewed,
3491,Symptoms and Complaints,I have swollen lymph nodes in my neck that are painful.,Ke na le li-lymph node tse ruruhetse molaleng oa ka tse bohlokang.,WHO,symptoms-complaints-v1,,reviewed,
4865,General Patient Education,Anxiety is a feeling of excessive worry and fear that affects daily life.,Ho tšoha ke maikutlo a ho khathallela le ho tšaba ho feteletseng a angoa bophelo ba letsatsi le leng le le leng.,WHO,general-patient-education-v1,,reviewed,
2959,Symptoms and Complaints,I have pain in my left foot that radiates to my toes.,Ke na le mahloko leotong la ka la molema a isisoang menwaneng ea maoto a ka.,WHO,symptoms-complaints-v1,,reviewed,
1995,Medication Instructions,Administer the injection using a pre-filled syringe as instructed.,Fana ka ente ka ho sebelisa syringe e tletseng pele joalo ka ha ho laetsoe.,WHO,medication-instructions-v1,,reviewed,
4956,General Patient Education,Ergonomics reduces the risk of musculoskeletal injuries at work.,Ergonomics e fokotsa kotsi ea likotsi tsa mochine le marapo mosebetsing.,WHO,general-patient-education-v1,,reviewed,
4356,Maternal and Child Health,I was told to use two methods of contraception for better protection.,Ke boletsoe ho sebelisa mekhoa e mebeli ea thibelo ea ho mitsa bakeng sa tšireletso e ntle.,WHO,maternal-child-health-v1,,reviewed,
2377,Medication Instructions,This medicine may interact with norepinephrine reuptake inhibitor drugs; inform your doctor.,Moriana ona o ka kopana le meriana ea norepinephrine reuptake inhibitor; tsebisa ngaka ea hau.,WHO,medication-instructions-v1,,reviewed,
1343,Tuberculosis,Breastfeeding is encouraged in women on TB treatment as the benefits outweigh the risks.,Ho anyesa ho khothaletsoa ho basali ba leng kalafong ea TB kaha melemo ea hona e feta likotsi.,WHO,tb-breastfeeding-safety,,reviewed,
321,HIV,Community health workers play a vital role in supporting PMTCT programmes.,Baahi ba tshenyeho ba setšhaba ba na le sebaka se seholo motheo wa PMTCT.,WHO,pmtct-community-support,,raw,
1620,Tuberculosis,My family supported me throughout my TB treatment and I am grateful.,Lelapa la ka le ntshehetse nako yohle ea phekolo ea TB ea ka mme ke leboha.,clinical_fieldwork,patient-tb-family-support,,reviewed,
3714,Appointments and Follow-Up,The doctor told me the results will be ready in three days.,Ngaka e mpoleletse hore liphetho li tla lula li lokile matsatsing a mararo.,WHO,appointments-followup-v1,,reviewed,
2061,Medication Instructions,"Keep away from direct heat, moisture, and sunlight.","Boloka hole le mocheso oa kotloloho, metsi, le letsatsi.",WHO,medication-instructions-v1,,reviewed,
2220,Medication Instructions,This medicine may cause a decrease in libido; inform your doctor.,Moriana ona o ka baka ho fokotseha ha takatso ea thobalano; tsebisa ngaka ea hau.,WHO,medication-instructions-v1,,reviewed,
1674,Tuberculosis,"Abdominal TB can cause pain, swelling, and digestive problems.","TB ea mpa e ka baka mahloko, ho ruruha, le mathata a ho kena ha lijo.",NHS,tb-abdominal,,reviewed,
261,HIV,Ending AIDS as a public health threat by 2030 is a global goal.,Ho felisa AIDS e le kotsi ea bophelo bo botle ba sechaba ka 2030 ke sepheo sa lefatše lohle.,UNAIDS,hiv-global-goals,,reviewed,
4418,General Patient Education,Regular check-ups help detect health problems early.,Litlhahlobo tsa kamehla li thusa ho fumana mathata a bophelo kapele.,WHO,general-patient-education-v1,,reviewed,
2040,Medication Instructions,Apply the topical steroid cream in a thin layer and do not cover with a bandage.,Sebelisa cream ea steroid ea letlalo ka lera le petšo mme u se ke ua koahela ka bandage.,WHO,medication-instructions-v1,,reviewed,
902,HIV,HIV incidence has declined significantly in sub-Saharan Africa over the past two decades.,Palo ea litšoaetso tse ncha tsa HIV e theohile haholo Afrika e ka tlase ho Sahara ka lilemo tse mashome a mabeli tse fetileng.,UNAIDS,hiv-incidence-trends,,reviewed,
3745,Appointments and Follow-Up,I was told to call ahead if I cannot make my appointment.,Ke boletsoe ho letsetsa pele haeba ha ke khone ho tla appointment ea ka.,WHO,appointments-followup-v1,,reviewed,
2027,Medication Instructions,Inhale the medication and hold your breath for five to ten seconds.,Hema moriana mme u tšoare moya oa hau ka metsotso e mehlano ho isa ho e leshome.,WHO,medication-instructions-v1,,reviewed,
1918,Medication Instructions,"Take one tablet every twelve hours, ensuring you do not miss a dose.","Nka pilisi e le ngoe ka maho a leshome le metso e meli le metso e meli, u netefatse hore ha u lahleheloe ke dose.",WHO,medication-instructions-v1,,reviewed,
1829,Medication Instructions,Take one tablet in the morning on an empty stomach.,Nka pilisi e le ngoe hoseng ka mala a se nang lijo.,WHO,medication-instructions-v1,,reviewed,
1574,Tuberculosis,Smoking increases the risk of developing active tuberculosis.,Ho tsuba ho eketsa kotsi ea ho ba le tuberculosis e sebetsang.,WHO,tb-smoking,,reviewed,
4395,Maternal and Child Health,I was told that the copper IUD can also be used as emergency contraception.,Ke boletsoe hore IUD ea copper le yona e ka sebelisoa joalo ka thibelo ea ho mitsa ea tšohanyetso.,WHO,maternal-child-health-v1,,reviewed,
4209,Maternal and Child Health,My child was tested for TB at the clinic.,Ngoana oa ka o hlahlojoe bakeng sa TB klinikeng.,WHO,maternal-child-health-v1,,reviewed,
225,HIV,Mobile HIV testing units bring testing services to communities.,Liqenehelo tsa HIV tse tsamaelang li tlisa litshebeletso tsa liteko sechabeng.,UNAIDS,hiv-community-testing,,reviewed,
724,HIV,TB preventive therapy should be given to all household contacts of TB patients who are HIV-positive.,Phekolo ea thibelo ea TB e lokela ho fanoa ho batho bohle ba kopanang le bakuli ba TB ba nang le HIV malapa.,WHO,hiv-tb-tpt-contacts,,reviewed,
4486,General Patient Education,Wear a mask if you have a respiratory illness.,Apara mask haeba o na le bolwetse ba ho hema.,WHO,general-patient-education-v1,,reviewed,
1142,Tuberculosis,"Standard first-line TB treatment consists of four drugs: isoniazid, rifampicin, pyrazinamide, and ethambutol.","Phekolo ea kamehla ea mola oa pele ea TB e bopiloe ke meriana e mene: isoniazid, rifampicin, pyrazinamide, le ethambutol.",WHO,tb-first-line,,reviewed,
2763,Symptoms and Complaints,I have been having episodes of sudden vomiting.,Ke ntse ke na le linako tsa ho hlatsa ka tšohanyetso.,WHO,symptoms-complaints-v1,,reviewed,
847,HIV,Assisted disclosure involves a healthcare worker helping a patient tell their partner about their HIV status.,Ho senola ka thuso ho kenyelletsa mosebetsi oa bophelo bo botle ea thusang mokuloi ho bolella molekane oa hae ka boemo ba hae ba HIV.,WHO,hiv-assisted-disclosure,,reviewed,
2552,Medication Instructions,Give the medicine to the child using a calibrated syringe for infants under two years.,Fana ka moriana ho ngoana ka ho sebelisa syringe e lekotsoeng bakeng sa bana ba tlase ho lilemo tse peli.,WHO,medication-instructions-v1,,reviewed,
2929,Symptoms and Complaints,I have pain in my right leg that radiates to my foot.,Ke na le mahloko leotong la ka la le letona a isisoang leotong la ka.,WHO,symptoms-complaints-v1,,reviewed,
118,HIV,HIV-positive mothers should continue ART after delivery to protect their own health.,Bo-'m'e ba phelang le HIV ba lokela ho tsoela pele ka ART ka mor'a ho beleha ho sireletsa bophelo ba bona.,WHO,pmtct-postpartum,,reviewed,
646,HIV,Most ART medicines should be stored at room temperature away from heat and moisture.,Meriana e mengata ea ART e lokela ho bolokoa mocheso oa kamora ntle le mocheso le mongobo.,CDC_HIVNexus,art-storage,,reviewed,
4,HIV,Your doctor will choose the best ART regimen based on your health and other medicines you take.,Ngaka ea hau e tla khetha moralo o motle oa phekolo ea lithibela-mafofore (ART regimen) ho latela bophelo ba hau le meriana e meng eo u e nwang.,NIH_HIVinfo,art-initiation,,verified,
4171,Maternal and Child Health,My baby has a swollen arm after the injection.,Mwana wa ka o na le lenao le lekwerekwete ka morago ga injection.,WHO,maternal-child-health-v1,,raw,
468,HIV,Antidepressant medicines can be used safely in people living with HIV.,Meriana ea ho loa nyamela e ka sebelisoa ka polokeho ho batho ba phelang le HIV.,NIH_HIVinfo,hiv-depression-treatment,,reviewed,
6,HIV,You must take ART every day for the rest of your life.,U lokela ho nwa phekolo ea lithibela-mafofore (ART) letsatsi le leng le le leng bophelo bohle ba hau.,WHO,art-adherence,,reviewed,
920,HIV,I have been on HIV treatment for two years and I have never missed a dose.,Ke holim'a phekolo ea HIV ka lilemo tse peli mme ha ke eso lahleheloe ke dose le e le 'ngoe.,clinical_fieldwork,patient-art-adherence,,reviewed,
2596,Medication Instructions,Inform your pharmacist if you are running low on medicine to avoid gaps in treatment.,Tsebisa pharmacist ea hau haeba moriana oa hau o se o fihla qetellong ho hana maqeba phekolo.,WHO,medication-instructions-v1,,reviewed,
1064,Tuberculosis,GeneXpert is now the recommended initial diagnostic test for TB in most high-burden countries.,GeneXpert joale ke tlhahlobo ea pele ea ho fumana bolwetse e khothalletsoa bakeng sa TB linaheng tse ngata tse nang le morwalo o moholo.,WHO,tb-genexpert,,reviewed,
2591,Medication Instructions,Do not stop taking your medicine because of mild side effects without advice.,U se ke ua emisa ho nka moriana oa hau ka lebaka la litlamorao tse bonolo ntle le keletso.,WHO,medication-instructions-v1,,reviewed,
243,HIV,People living with HIV should be vaccinated against hepatitis B if not already immune.,Batho ba phelang le HIV ba lokela ho koahetsoa khahlanong le hepatitis B haeba ba sa sireleltsoe.,CDC_HIVNexus,hiv-hepatitis-b-vaccine,,reviewed,
1161,Tuberculosis,Rifampicin is a potent inducer of liver enzymes and can reduce the effectiveness of many other medications.,Rifampicin ke moqhosi o matla oa li-enzyme tsa sebete mme e ka fokotsa bokgoni ba meriana e mengata e meng.,NIH,tb-rifampicin-interactions,,reviewed,
2871,Symptoms and Complaints,I have pain in my calves when I walk.,Ke na le mahloko maotong a ka a holimo ha ke tsamaea.,WHO,symptoms-complaints-v1,,reviewed,
3736,Appointments and Follow-Up,I was reminded to bring my clinic card to every appointment.,Ke khumamisitsoe ho tlisa karete ea ka ea kliniki appointment le 'ngoe le e 'ngoe.,WHO,appointments-followup-v1,,reviewed,
2398,Medication Instructions,Do not take extra medicine to make up for a forgotten dose.,U se ke ua nka moriana o eketsehileng ho ntšetsa pele dose e lebeletseng.,WHO,medication-instructions-v1,,reviewed,
3518,Appointments and Follow-Up,Can I schedule an appointment for a diabetes check?,Na nka rerela appointment bakeng sa tlhahlobo ea tsoekere?,WHO,appointments-followup-v1,,reviewed,
3422,Symptoms and Complaints,I have dark brown urine.,Ke na le moroto o lefifi o tšoeu-bosoeu.,WHO,symptoms-complaints-v1,,reviewed,
2564,Medication Instructions,Give the medicine to the child using a medicine cup for children over five years.,Fana ka moriana ho ngoana ka ho sebelisa mohope oa moriana bakeng sa bana ba fetang lilemo tse hlano.,WHO,medication-instructions-v1,,reviewed,
1606,Tuberculosis,Disclosing your TB diagnosis to trusted family members can help you get the support you need.,Ho senola tlhahlobo ea TB ea hau ho maloko a lelapa a tšepahalang ho ka u thusa ho fumana tshehetso eo u e hlokang.,CDC,tb-disclosure,,reviewed,
4829,General Patient Education,Mutual faithfulness between tested partners reduces HIV risk.,Botsepeli bo tšoanang lipakeng tsa baratwi ba hlahlojotsoeng bo fokotsa kotsi ea HIV.,WHO,general-patient-education-v1,,reviewed,
2325,Medication Instructions,This medicine may interact with beta-blocker drugs; inform your doctor.,Moriana ona o ka kopana le meriana ea beta-blocker; tsebisa ngaka ea hau.,WHO,medication-instructions-v1,,reviewed,
2710,Symptoms and Complaints,I feel cold and shivery even in warm weather.,Ke ikutloa ke batile le ho thothomela le ha boemo ba leholimo bo futhumele.,WHO,symptoms-complaints-v1,,reviewed,
4399,Maternal and Child Health,I was told that family planning helps me plan for my future.,Ke boletsoe hore ho rererela lelapa ho nthusa ho rererela bokamoso ba ka.,WHO,maternal-child-health-v1,,reviewed,
1313,Tuberculosis,Immune reconstitution inflammatory syndrome (IRIS) can occur when ART is started in TB/HIV patients.,Lefu la ho ruruha le bakoang ke ho tsosolosoa ha sesole sa ’mele (IRIS) le ka hlaha ha ART e qalisoa ho bakuli ba nang le TB/HIV.,NIH,tb-iris,,reviewed,
3449,Symptoms and Complaints,I have a feeling of pressure in my urethra.,Ke na le maikutlo a khatello urethrang ea ka.,WHO,symptoms-complaints-v1,,reviewed,
3813,Appointments and Follow-Up,I want to ask the nurse about my next vaccination.,Ke rata ho botsa mooki ka ente ea ka e latelang.,WHO,appointments-followup-v1,,reviewed,
4656,General Patient Education,Wear comfortable shoes to protect your feet if you have diabetes.,Apara lieta tse lokelang ho sireletsa maoto a hao haeba o na le tsoekere.,WHO,general-patient-education-v1,,reviewed,
2363,Medication Instructions,This medicine may increase the risk of hepatotoxicity with other liver-toxic drugs.,Moriana ona o ka eketsa kotsi ea hepatotoxicity le meriana e meng e kotsi ea sebete.,WHO,medication-instructions-v1,,reviewed,
1976,Medication Instructions,Use the oral syringe to measure the correct dose for children.,Sebelisa syringe ea molomo ho lekola dose e nepahetseng bakeng sa bana.,WHO,medication-instructions-v1,,reviewed,
3515,Appointments and Follow-Up,Can I make an appointment for a mental health consultation?,Na nka etsa appointment bakeng sa keletso ea bophelo ba kelello?,WHO,appointments-followup-v1,,reviewed,
1762,Tuberculosis,"TB affects everyone — rich and poor, young and old.","TB e angoa bohle — bafumi le bafutsana, bacha le ba baholo.",WHO,tb-universal-impact,,reviewed,
2740,Symptoms and Complaints,I feel my body is not working properly.,Ke ikutloa 'mele oa ka ha o sebetse hantle.,WHO,symptoms-complaints-v1,,reviewed,
4845,General Patient Education,Gonorrhoea and chlamydia are bacterial infections that are treatable.,Gonorrhoea le chlamydia ke tšoaetso tsa baekteria tse ka alafoang.,WHO,general-patient-education-v1,,reviewed,
2473,Medication Instructions,"Take the missed dose as soon as you remember, but never take two doses at once.","Nka dose e lahlehileng hang hang ha u hopola, empa u se ke oa nka li-dose tse peli ka nako e le ngoe.",WHO,medication-instructions-v1,,reviewed,
4008,Maternal and Child Health,I have been told to come for antenatal care every month.,Ke ile ka laelwa ke tle ke kene hospitala ka haufi ka la every month.,WHO,maternal-child-health-v1,,raw,
1494,Tuberculosis,"I was tested for latent TB because my husband had active TB, and I was given tablets to prevent it.","Ke hlahlobelitsoe TB e patileng hobane monna oa ka o ne a na le TB e sebetsang, mme ke fuoe lipilisi ho e thibela.",clinical_fieldwork,patient-tb-ltbi-treatment,,reviewed,
4207,Maternal and Child Health,My child was diagnosed with malaria and given treatment.,Ngoana oa ka o hlahlojoe ka malaria mme o filoe phekolo.,WHO,maternal-child-health-v1,,reviewed,
2159,Medication Instructions,Contact your doctor if you experience muscle pain or weakness.,Ikopanye le ngaka ea hau haeba u ikutloa u na le mahloko a mochine kapa ho fokotsehela.,WHO,medication-instructions-v1,,reviewed,
1170,Tuberculosis,Peripheral neuropathy — tingling or numbness in the hands and feet — is a side effect of isoniazid.,Neuropathy ea maphethelo — ho hlohlona kapa ho fofa matsoho le maoto — ke tlhamorao ea isoniazid.,CDC,tb-peripheral-neuropathy,,reviewed,
4517,General Patient Education,Ask your community health worker for health advice and support.,Botsa mosebetsi oa bophelo ba sechaba oa hao keletso ea bophelo le tshehetso.,WHO,general-patient-education-v1,,reviewed,
233,HIV,An employer cannot dismiss an employee solely because of their HIV status.,Mofani oa mosebetsi ha a khone ho leleka mosebetsi ka lebaka la boemo ba hae ba HIV feela.,DOH_SA,hiv-employment-rights,,reviewed,
67,HIV,Sex workers living with HIV have the same right to ART as all other people.,Batho ba rekisang ka mmele ba phelang le HIV ba na le tokelo e tšoanang ea ho fumana phekolo ea lithibela-mafofore (ART) joaloka batho ba bang bohle.,UNAIDS,art-key-populations,,reviewed,
1604,Tuberculosis,Depression is common among TB patients and can negatively affect treatment adherence.,Ho nyamela ho atile ho bakuli ba TB mme ho ka angoa ho latela phekolo ka tsela e mpe.,WHO,tb-depression,,reviewed,
3284,Symptoms and Complaints,I have weakness in my left foot and cannot flex my ankle.,Ke na le ho fokotsehela leotong la ka la molema mme ha ke khone ho khoromela ankele ea ka.,WHO,symptoms-complaints-v1,,reviewed,
3597,Appointments and Follow-Up,I need to bring my referral letter to the appointment.,Ke hloka ho tlisa lengolo la referral appointment.,WHO,appointments-followup-v1,,reviewed,
126,HIV,Drug interactions between TB medicines and ART must be carefully managed.,Likamano pakeng tsa meriana ea lefuba (TB) le ea ART li lokela ho tsamaisoa ka hloko e kholo ho qoba lits'enyehelo kapa ho fokotsa matla a tsona.,NIH_HIVinfo,hiv-tb-treatment,,reviewed,
1297,Tuberculosis,Only about 4 in 10 people with MDR-TB are currently diagnosed and enrolled on treatment.,Ke batho ba ka bang 4 ho ba 10 feela ba nang le MDR-TB bao hajoale ba hlahlojoang ’me ba kenngoa kalafong.,WHO,tb-mdr-treatment-gap,,reviewed,
1977,Medication Instructions,Administer the eye ointment along the inner lower eyelid.,Fana ka eye ointment ka hare ho sefahleho sa tlase sa leihlo.,WHO,medication-instructions-v1,,reviewed,
4518,General Patient Education,Report disease outbreaks in your community to the health authorities.,Bua ka ho atatela ha mahlwetse sechababeng sa hao ho ba ba nang le matla a bophelo bo botle.,WHO,general-patient-education-v1,,reviewed,
4482,General Patient Education,Avoid eating food that has been left out for more than two hours.,Hana ho ja lijo tse siileng kantle ho fetang lihora tse peli.,WHO,general-patient-education-v1,,reviewed,
2076,Medication Instructions,Do not freeze reconstituted antibiotics.,U se ke ua khatisa li-antibiotic tse busitoeng.,WHO,medication-instructions-v1,,reviewed,
3087,Symptoms and Complaints,I have a cough that is triggered by cleaning products.,Ke na le ho kohoa ho qalisitsoeng ke lihlahisoa tsa ho hlotsa.,WHO,symptoms-complaints-v1,,reviewed,
4346,Maternal and Child Health,I was told emergency contraception must be taken within seventy-two hours.,Ke boletsoe hore thibelo ea ho mitsa ea tšohanyetso e tlameha ho nkoa ka hare ho lihora tse mashome a supileng le metso e mebeli.,WHO,maternal-child-health-v1,,reviewed,
3346,Symptoms and Complaints,I have a rash on my lower back that is very itchy.,Ke na le ho ruruha ha letlalo mokokotlong oa ka o tlase ho hlohlonang haholo.,WHO,symptoms-complaints-v1,,reviewed,
4465,General Patient Education,Wash your hands after handling raw meat or poultry.,Hlatsoa matsoho a hao ka mor'a ho sebetsa le nama e hloekileng kapa manong.,WHO,general-patient-education-v1,,reviewed,
2798,Symptoms and Complaints,I feel my body is very weak and I need help.,Ke ikutloa 'mele oa ka o fokotsehela haholo mme ke hloka thuso.,WHO,symptoms-complaints-v1,,reviewed,
919,HIV,I did not know that HIV medicine could make me gain weight and I am concerned.,Ha ke a tseba hore meriana ea HIV e ka etsa hore ke nehe boima mme ke na le khatello.,clinical_fieldwork,patient-art-weight,,reviewed,
1647,Tuberculosis,Vision testing should be done before and during ethambutol treatment.,Ho lekoa ha pono ho lokela ho etsoa pele le nakong ea phekolo ea ethambutol.,NHS,tb-vision-monitoring,,reviewed,
365,HIV,Hepatitis C co-infection accelerates liver disease in people living with HIV.,Hepatitis C e leng karolo ya tshwaetso e sokela mafu a madi ya letsatsi ho batho ba phelang le HIV.,WHO,hiv-hcv-coinfection,,raw,
3288,Symptoms and Complaints,I have a rash on my body that is very itchy.,Ke na le ho ruruha ha letlalo 'meleng oa ka ho hlohlonang haholo.,WHO,symptoms-complaints-v1,,reviewed,
2126,Medication Instructions,Store the medication in the original bottle with the desiccant sachet included.,Boloka moriana botloleng ea pele le sachet ea desiccant e kentsoe.,WHO,medication-instructions-v1,,reviewed,
4124,Maternal and Child Health,I have been experiencing pain during intercourse after delivery.,Ke qetile dibaka ha nako ya go bapala moroto ka mora ho tswa.,WHO,maternal-child-health-v1,,raw,
526,HIV,Cardiovascular disease is a leading cause of death in people living with HIV on long-term ART.,Mafolofolo a cardiovascular ke moahi wa pele wa lefu ho batho ba phelang le HIV ka ART e elong.,NIH_HIVinfo,hiv-cardiovascular,,raw,
56,HIV,Second-line ART is used when the first regimen stops working.,Phekolo ea bobeli ea lithibela-mafofore (second-line ART) e sebelisoa ha mofuta oa pele oa phekolo (first regimen) o khaotsa ho bereka.,WHO,hiv-drug-resistance,,reviewed,
639,HIV,Patients who understand why they take ART are more likely to adhere to treatment.,Bakuli ba utloisisang hore na ba nkang ART ke hobaneng ba na le monyetla o moholo oa ho latela phekolo.,WHO,art-health-literacy,,reviewed,
303,HIV,Cotrimoxazole prophylaxis should be given to all HIV-exposed infants from six weeks of age.,Kotrimoksasoli ya prophylaxis e fetohelele ho ba le bana ba nang le HIV ho tsoa ka beke e tlaletsang mashome a mabedi a bocha.,WHO,hiv-paediatric-prophylaxis,,raw,
2767,Symptoms and Complaints,I have been having episodes of sudden fatigue.,Ke ntse ke na le linako tsa ho lapala ka tšohanyetso.,WHO,symptoms-complaints-v1,,reviewed,
1277,Tuberculosis,Delamanid is a nitroimidazole drug used in the treatment of MDR-TB.,Delamanid ke moriana oa nitroimidazole o sebelisoang kalafong ea MDR-TB.,WHO,tb-delamanid,,reviewed,
2056,Medication Instructions,Store the suspension in the refrigerator and discard after fourteen days.,Boloka suspension friji mme u lahlehise ka mor'a matsatsi a leshome le mane.,WHO,medication-instructions-v1,,reviewed,
3645,Appointments and Follow-Up,I have come for my end-of-treatment review.,Ke tlile bakeng sa ho hlahloba qetellong ea phekolo ea ka.,WHO,appointments-followup-v1,,reviewed,
4144,Maternal and Child Health,I was referred to the family planning clinic for further advice.,Ke ile ya romelwa kwenye kantora ya kgotso ya lelapa gore ke tle ke fumane tsebiso e e oketsegileng.,WHO,maternal-child-health-v1,,raw,
2879,Symptoms and Complaints,I have pain in my pelvis that is severe.,Ke na le mahloko pelviseng ea ka a matla.,WHO,symptoms-complaints-v1,,reviewed,
4203,Maternal and Child Health,I was shown how to prepare oral rehydration solution at home.,Ke bontšitsoe ho lokisa sesebelisoa sa ho noa sa ho khutlisa metsi lapeng.,WHO,maternal-child-health-v1,,reviewed,
2287,Medication Instructions,Do not take this medicine with grapefruit juice as it affects absorption.,U se ke ua nka moriana ona le moerane oa grapefruit hobane o angoa ho metsoa.,WHO,medication-instructions-v1,,reviewed,
2262,Medication Instructions,This medicine may cause increased production of hormones.,Moriana ona o ka baka ho eketseha ha tlhahiso ea li-hormone.,WHO,medication-instructions-v1,,reviewed,
2297,Medication Instructions,This medicine may interact with cholesterol-lowering drugs; inform your doctor.,Moriana ona o ka kopana le meriana e theohisang cholesterol; tsebisa ngaka ea hau.,WHO,medication-instructions-v1,,reviewed,
1754,Tuberculosis,Laboratory quality assurance ensures accurate and reliable TB test results.,Netefatso ea boleng ba laboratori e netefatsa liphetho tsa liteko tsa TB tse nepahetseng le tse tšepahalang.,WHO,tb-lab-quality,,reviewed,
1969,Medication Instructions,Dissolve the powder in 200ml of water and drink immediately.,Nyamesa phutholoho ho 200ml ea metsi mme u noe hang hang.,WHO,medication-instructions-v1,,reviewed,
4352,Maternal and Child Health,My partner would like information about a vasectomy.,Molekane oa ka o rata tlhahisoleseling ka vasectomy.,WHO,maternal-child-health-v1,,reviewed,
3118,Symptoms and Complaints,I have a pain in my upper right abdomen after eating.,Ke na le mahloko mpeng ea ka e holimo ea le letona ka mor'a ho ja.,WHO,symptoms-complaints-v1,,reviewed,
2394,Medication Instructions,Do not double up on your dose if you miss one; just continue as normal.,U se ke ua phindolla dose ea hau haeba u lahlehetsoe ke e le ngoe; tsoela pele feela joalo ka kamehla.,WHO,medication-instructions-v1,,reviewed,
524,HIV,Compulsory licensing allows countries to produce or import generic HIV medicines.,Layensing e sa feleng e lumella linaha ho etsa kapa ho ntshetsa pele ditherefu tsa generic tsa HIV.,MSF,hiv-compulsory-licensing,,raw,
3901,Appointments and Follow-Up,I missed my follow-up because I was discharged late from hospital.,Ke lahlehetsoe ke ho latela hobane ke ne ke ntšitsoe sepetleleng ka morao.,WHO,appointments-followup-v1,,reviewed,
3123,Symptoms and Complaints,I have been having episodes of vomiting bile.,Ke ntse ke na le linako tsa ho hlatsa bile.,WHO,symptoms-complaints-v1,,reviewed,
4157,Maternal and Child Health,I was told to go to the clinic if my baby has difficulty breathing.,Nkeile ka hloho ho ea kae klinikhe ha ngoanana a na le bohloko ba ho tswa.,WHO,maternal-child-health-v1,,raw,
1970,Medication Instructions,Insert the vaginal tablet as high as possible using the applicator provided.,Kenya pilisi ea vaginal ho phahama kamoo ho khonehang ka ho sebelisa applicator e fanoeng.,WHO,medication-instructions-v1,,reviewed,
672,HIV,VMMC is recommended as part of a comprehensive HIV prevention package in high-prevalence settings.,VMMC e khothalletsoa e le karolo ea sephutho se pharalletseng sa thibelo ea HIV libakeng tse nang le palo e phahameng.,WHO,hiv-vmmc,,reviewed,
4189,Maternal and Child Health,I was given advice on how to prepare nutritious meals for my child.,Ke ile ka fumana tšeho hore ke tsamaye ka dula dino tse nne tse nne bakeng sa mwana wa ka.,WHO,maternal-child-health-v1,,raw,
667,HIV,Zidovudine can cause anaemia and bone marrow suppression.,Zidovudine e ka baka anaemia le ho laoloa ha bone marrow.,NIH_HIVinfo,art-zidovudine-side-effects,,reviewed,
4339,Maternal and Child Health,I had an IUD inserted at the clinic last year.,Ke kentsoe IUD klinikeng selomong se fetileng.,WHO,maternal-child-health-v1,,reviewed,
1888,Medication Instructions,Take one tablet twice daily for two weeks.,Nka pilisi e le ngoe habeli ka letsatsi ka libeke tse peli.,WHO,medication-instructions-v1,,reviewed,
3267,Symptoms and Complaints,I have been having episodes of sudden severe heel pain.,Ke ntse ke na le linako tsa mahloko a matla a serethe ka tšohanyetso.,WHO,symptoms-complaints-v1,,reviewed,
281,HIV,I have been on ART for two years and my CD4 count has gone up.,Ke leka ART ka lilemo tse pedi mme CD4 count ya ka e oketse.,clinical_fieldwork,patient-hiv-treatment-response,,raw,
1720,Tuberculosis,People with TB and liver disease need close monitoring of liver function tests.,Batho ba nang le TB le bolwetse ba sebete ba hloka ho hlahlojoa ka hloko ha liteko tsa tšebetso ea sebete.,WHO,tb-liver-monitoring,,reviewed,
2948,Symptoms and Complaints,I have a burning sensation in my left knee.,Ke na le maikutlo a ho chesa mangoleng a ka a molema.,WHO,symptoms-complaints-v1,,reviewed,
900,HIV,Eastern and southern Africa has the highest HIV burden of any region in the world.,Afrika Bochabela le Boroa e rwala morwalo o moholo ka ho fetisisa oa HIV ho feta sebaka sefe kapa sefe lefatšeng.,UNAIDS,hiv-regional-burden,,reviewed,
4851,General Patient Education,Healthcare workers treat all STI patients with confidentiality and respect.,Basebetsi ba tlhokomelo ea bophelo bo botle ba phethela bakuloi bohle ba li-STI ka sephiri le hlompho.,WHO,general-patient-education-v1,,reviewed,
761,HIV,Nausea from ART can be managed by eating small frequent meals.,Ho nyakeloa ho tsoang ho ART ho ka laoloa ka ho ja lijo tse nyenyane ka mehla.,NHS,hiv-nausea-management,,reviewed,
1907,Medication Instructions,"Take one tablet every day for twenty-eight days, then take a seven-day break.","Nka pilisi e le ngoe letsatsi le leng le le leng ka matsatsi a mashome a mabeli le robeli, ebe o khutsa matsatsi a supileng.",WHO,medication-instructions-v1,,reviewed,
4043,Maternal and Child Health,I was given a birth plan at my antenatal visit.,Ke ile ya arwa tsebo ya tswalo ha ya kena kantong ya tswalo pele.,WHO,maternal-child-health-v1,,raw,
3824,Appointments and Follow-Up,I would like to know if I can drink alcohol in small amounts.,Ke rata ho tseba haeba nka noa joala hanyane.,WHO,appointments-followup-v1,,reviewed,
4139,Maternal and Child Health,I was given family planning advice at my postnatal visit.,Ke ile ka laelwa ka tsebelepele ya lapeng ka ya ka morao ga tsoalo.,WHO,maternal-child-health-v1,,raw,
3819,Appointments and Follow-Up,I want to ask the doctor about pain I have been experiencing.,Ke rata ho botsa ngaka ka mahloko ao ke ntseng ke a ikutloa.,WHO,appointments-followup-v1,,reviewed,
4301,Maternal and Child Health,I was told to keep my child's immunisations up to date.,Ke boletsoe ho boloka liente tsa ngoana oa ka li ntlafetse.,WHO,maternal-child-health-v1,,reviewed,
2594,Medication Instructions,Take your medicine even on days when you feel well.,Nka moriana oa hau le matsatsing ao u ikutloang u phela hantle.,WHO,medication-instructions-v1,,reviewed,
4165,Maternal and Child Health,My child is due for the eighteen-month booster vaccines.,Mwana wa ka o tlile go eta veksi ya dipholisi tse di kayang.,WHO,maternal-child-health-v1,,raw,
3032,Symptoms and Complaints,I am coughing up thick yellow mucus.,Ke kohoa mucus e teteaneng e tšoeu-tala.,WHO,symptoms-complaints-v1,,reviewed,
3580,Appointments and Follow-Up,Can I bring my medical records to the appointment?,Na nka tlisa lirekoto tsa ka tsa bongaka appointment?,WHO,appointments-followup-v1,,reviewed,
2833,Symptoms and Complaints,I have been feeling very sick and need to be hospitalised.,Ke ntse ke ikutloa ke kula haholo mme ke hloka ho kenngoa sepetlele.,WHO,symptoms-complaints-v1,,reviewed,
3473,Symptoms and Complaints,I have a feeling of urgency related to my renal medulla.,Ke na le maikutlo a ho hloka ka potlako a amanang le renal medulla ea ka.,WHO,symptoms-complaints-v1,,reviewed,
138,HIV,Couples should test for HIV together to support each other.,Banyalani kapa baratani ba lokela ho hlahlobeloa HIV hammoho ho tšehetsana le ho ba matla mmoho.,WHO,hiv-couples-testing,,reviewed,
2181,Medication Instructions,Seek medical help if you develop a severe headache that does not go away.,Batla thuso ea ngaka haeba u ba le mahloko a matla a hlooho a sa felong.,WHO,medication-instructions-v1,,reviewed,
2129,Medication Instructions,Store the medication in a clearly labelled container to avoid confusion.,Boloka moriana setsing se nang le lebeleng le hlakile ho hana tsieleho.,WHO,medication-instructions-v1,,reviewed,
3178,Symptoms and Complaints,I have a pain in my abdomen that is worse when I breathe.,Ke na le mahloko mpeng ea ka a mpe ha ke hema.,WHO,symptoms-complaints-v1,,reviewed,
4368,Maternal and Child Health,I was told that my partner's consent is not required for family planning.,Ke boletsoe hore tumelo ea molekane oa ka ha e hlokahaleng bakeng sa ho rererela lelapa.,WHO,maternal-child-health-v1,,reviewed,
4262,Maternal and Child Health,I was advised to introduce one new food at a time.,Ke keletsoeng ho kenya lijo tse ncha e le ngoe ka nako.,WHO,maternal-child-health-v1,,reviewed,
4345,Maternal and Child Health,I had unprotected intercourse last night and need emergency contraception.,Ke ile ka ba le thobalano e sa sireletstoa bosiu bo fetileng mme ke hloka thibelo ea ho mitsa ea tšohanyetso.,WHO,maternal-child-health-v1,,reviewed,
1332,Tuberculosis,"Household contacts of TB patients, especially children under five, should receive TB preventive therapy.","Batho ba lulang le bakuli ba TB ka tlung e le ’ngoe, haholo-holo bana ba ka tlase ho lilemo tse hlano, ba lokela ho fumana kalafo ea thibelo ea TB.",WHO,tb-tpt-contacts,,reviewed,
2018,Medication Instructions,Place the tablet on the tongue and swallow with water.,Beha pilisi leleme mme u e metse le metsi.,WHO,medication-instructions-v1,,reviewed,
2483,Medication Instructions,Do not give aspirin to children under twelve years of age.,U se ke ua fana ka aspirin ho bana ba tlase ho lilemo tse leshome le metso e meli.,WHO,medication-instructions-v1,,reviewed,
1359,Tuberculosis,Hepatitis B and C co-infection increases the risk of hepatotoxicity during TB treatment.,Tšoaetso e kopaneng ea hepatitis B le C e eketsa kotsi ea chefo sebeteng nakong ea kalafo ea TB.,WHO,tb-hepatitis-coinfection,,reviewed,
1330,Tuberculosis,The 3-month daily isoniazid and rifampicin (3HR) regimen is another short TPT option.,Moralo oa likhoeli tse 3 oa isoniazid le rifampicin tse nooang letsatsi le letsatsi (3HR) ke khetho e ’ngoe e khuts’oane ea TPT.,WHO,tb-3hr-tpt,,reviewed,
2151,Medication Instructions,Stop taking this medicine if you develop yellowing of the skin or eyes.,Emisa ho nka moriana ona haeba u ba le ho pheela ha letlalo kapa mahlo.,WHO,medication-instructions-v1,,reviewed,
2123,Medication Instructions,Store the medication in a cool location during hot weather.,Boloka moriana sebakeng se batang nakong ea boemo ba leholimo bo chesang.,WHO,medication-instructions-v1,,reviewed,
3982,Appointments and Follow-Up,I am committed to attending all my future follow-up appointments.,Ke ikemiseditse ho tla li-appointment tsohle tsa ho latela tsa nako e tlang.,WHO,appointments-followup-v1,,reviewed,
1253,Tuberculosis,"There were days when I wanted to stop taking the tablets because I felt better, but I remembered what the nurse said.","Ho ne ho e-na le matsatsi ao ke neng ke batla ho khaotsa ho noa lipilisi hobane ke ne ke ikutloa ke le betere, empa ka hopola seo mooki a neng a se buile.",clinical_fieldwork,patient-tb-adherence-motivation,,reviewed,
3279,Symptoms and Complaints,I have been having episodes of sudden severe index finger pain.,Ke ntse ke na le linako tsa mahloko a matla a monwana oa ho supa ka tšohanyetso.,WHO,symptoms-complaints-v1,,reviewed,
3375,Symptoms and Complaints,I have a change in the position of my eyelid.,Ke na le phetoho sebakeng sa sefahleho sa leihlo la ka.,WHO,symptoms-complaints-v1,,reviewed,
2815,Symptoms and Complaints,I have been having episodes of sudden rash.,Ke ntse ke na le linako tsa ho ruruha ha letlalo ka tšohanyetso.,WHO,symptoms-complaints-v1,,reviewed,
1849,Medication Instructions,Take one tablet every eight hours for ten days.,Nka pilisi e le ngoe ka maho a robeli ka matsatsi a leshome.,WHO,medication-instructions-v1,,reviewed,
3038,Symptoms and Complaints,I feel a burning sensation in my chest when I breathe.,Ke ikutloa maikutlo a ho chesa sefubeng ha ke hema.,WHO,symptoms-complaints-v1,,reviewed,
389,HIV,Efavirenz can cause neuropsychiatric side effects including vivid dreams and dizziness.,Efavirenz e ka etsa masoba a mokelikara a ho se tsebe a akaretsang lithabo tse ntle le ho lala mahlo.,NIH_HIVinfo,art-efavirenz,,raw,
236,HIV,Having another sexually transmitted infection increases the risk of getting or transmitting HIV.,Ho ba le tšoaetso e 'ngoe e fetisoang ka thobalano ho eketsa kotsi ea ho fumana kapa ho fetisela HIV.,CDC_HIVNexus,hiv-sti-interaction,,reviewed,
1078,Tuberculosis,Lumbar puncture is performed to diagnose TB meningitis by examining cerebrospinal fluid.,Ho toboa mokokotlo ho etsoa ho fumana TB meningitis ka ho hlahloba metsi a boko le mokokotlo.,NIH,tb-lumbar-puncture,,reviewed,
1985,Medication Instructions,Place the effervescent tablet in water and wait until fully dissolved.,Beha pilisi ea effervescent metsin mme u eme ho fihlela e nyamela ka botlalo.,WHO,medication-instructions-v1,,reviewed,
4364,Maternal and Child Health,I was told that condoms are the only method that prevents STIs.,Ke boletsoe hore li-condom ke mokhoa o le mong feela o thibelang li-STI.,WHO,maternal-child-health-v1,,reviewed,
3963,Appointments and Follow-Up,I was advised to check my blood pressure at home daily.,Ke keletsoeng ho lekola khatello ea mali lapeng letsatsi le leng le le leng.,WHO,appointments-followup-v1,,reviewed,
771,HIV,Therapeutic vaccines aim to boost the immune response to control HIV without ART.,Liente tsa phekolo li ikemiseditse ho matlafatsa karabelo ea tšireletso ea 'mele ho laola HIV ntle le ART.,NIH_HIVinfo,hiv-therapeutic-vaccine,,reviewed,
2166,Medication Instructions,This medicine may cause mood changes; inform your doctor if you feel depressed.,Moriana ona o ka baka liphetoho tsa maikutlo; tsebisa ngaka ea hau haeba u ikutloa u nyametse.,WHO,medication-instructions-v1,,reviewed,
674,HIV,Oral PrEP using tenofovir and emtricitabine is highly effective when taken daily.,PrEP ea molomo e sebelisang tenofovir le emtricitabine e sebetsa hantle haholo ha e nkoa letsatsi le leng le le leng.,WHO,hiv-oral-prep,,reviewed,
250,HIV,School-based HIV education programmes can reduce risky behaviour in young people.,Mananeo a thuto ea HIV a thehiloeng sekolong a ka fokotsa maitshwaro a kotsi ho bacha.,UNICEF,hiv-school-education,,reviewed,
1575,Tuberculosis,Alcohol use weakens the immune system and increases TB risk.,Tšebediso ea joala e fokotsehisa tšireletso ea 'mele le ho eketsa kotsi ea TB.,WHO,tb-alcohol,,reviewed,
3420,Symptoms and Complaints,I have swelling in my ankles and feet.,Ke na le ho ruruha li-ankele le maotong a ka.,WHO,symptoms-complaints-v1,,reviewed,
2082,Medication Instructions,Keep the medication in a dry place with low humidity.,Boloka moriana sebakeng se omileng se nang le boemo bo tlase ba metsi moeeng.,WHO,medication-instructions-v1,,reviewed,
1824,Medication Instructions,Take two capsules three times a day with meals.,Nka li-capsule tse peli habeli ka letsatsi le lijo.,WHO,medication-instructions-v1,,reviewed,
717,HIV,A negative W4SS screen in a person living with HIV indicates low risk of active TB.,Tlhahlobo ea W4SS e senyenyane ho motho ea phelang le HIV e bontša kotsi e tlase ea TB e sebetsang.,WHO,hiv-tb-w4ss,,reviewed,
4669,General Patient Education,Use your preventer inhaler every day as prescribed.,Sebelisa inhaler ea hao ea ho thibela letsatsi le leng le le leng joalo ka ha ho laetsoe.,WHO,general-patient-education-v1,,reviewed,
2049,Medication Instructions,Keep this medicine out of reach of children.,Boloka moriana ona hole le bana.,WHO,medication-instructions-v1,,reviewed,
4179,Maternal and Child Health,I have brought my child for a growth monitoring visit.,Ke ile ka ntswa heno gore a tsebe ho bapala ha a nne.,WHO,maternal-child-health-v1,,raw,
2725,Symptoms and Complaints,I have been having chills and shaking.,Ke ntse ke na le ho batela le ho thothomela.,WHO,symptoms-complaints-v1,,reviewed,
4522,General Patient Education,A balanced diet includes foods from all the major food groups.,Phepo e lekaneng e kenyelletsa lijo ho tsoa lihlopheng tsohle tse kholo tsa lijo.,WHO,general-patient-education-v1,,reviewed,
1461,Tuberculosis,Community health workers extend TB services to patients who cannot regularly attend health facilities.,Basebetsi ba bophelo bo botle ba sechaba ba atolosa litshebeletso tsa TB ho bakuli ba ke ke ba etela likamore tsa bophelo bo botle ka mehla.,WHO,tb-chw-role,,reviewed,
1669,Tuberculosis,Men are more likely than women to develop active tuberculosis.,Banna ba na le monyetla o moholo ho feta basali oa ho ba le tuberculosis e sebetsang.,WHO,tb-gender,,reviewed,
2757,Symptoms and Complaints,I have been feeling very unwell and cannot go to work.,Ke ntse ke ikutloa ke sa phela hantle haholo mme ha ke khone ho ea mosebetsing.,WHO,symptoms-complaints-v1,,reviewed,
2001,Medication Instructions,Apply the medicated tape to the corn or callus and leave for forty-eight hours.,Sebelisa tepe ea moriana corn kapa callus mme u e siee ka maho a mashome a mane le robeli.,WHO,medication-instructions-v1,,reviewed,
405,HIV,I have difficulty swallowing and I think it is related to my HIV.,Ke na le bothata ba ho metsa mme ke nahana hore bo amana le HIV ea ka.,clinical_fieldwork,patient-oi-symptoms,,reviewed,
385,HIV,Pain management is an important component of care for people with advanced HIV disease.,Tshireletso ya ho thibela lefu ke karolo e eketsehileng ya tshebetso bakeng sa batho ba nang le HIV e pharalletseng.,WHO,hiv-pain-management,,raw,
4536,General Patient Education,Avoid alcohol or drink only in moderation.,Hana joala kapa noa feela ka tekanyo.,WHO,general-patient-education-v1,,reviewed,
2153,Medication Instructions,"Seek medical attention if you develop swelling of the face, lips, or throat.","Batla tlhokomelo ea ngaka haeba u ba le ho ruruha ha sefahleho, menoana ea molomo, kapa molala.",WHO,medication-instructions-v1,,reviewed,
1634,Tuberculosis,Respiratory protection for healthcare workers is the last line of defence against TB transmission.,Tšireletso ea ho hema bakeng sa basebetsi ba bophelo bo botle ke mola oa ho qetela oa tšireletso khahlanong le phetisetso ea TB.,WHO,tb-respiratory-protection,,reviewed,
4587,General Patient Education,Physical activity improves your sleep quality.,Mesebetsi ea 'mele e ntlafatsa boleng ba boroko ba hao.,WHO,general-patient-education-v1,,reviewed,
3926,Appointments and Follow-Up,I need to register at the new clinic as soon as possible.,Ke hloka ho ngolisa klinikeng e ncha kamoo ho khonehang ka potlako.,WHO,appointments-followup-v1,,reviewed,
4159,Maternal and Child Health,I was told to go to the clinic if my baby is very pale or yellow.,Nkeile ka hloho ho ea kae klinikhe ha ngoanana a le montsho kapa a le seretse.,WHO,maternal-child-health-v1,,raw,
224,HIV,HIV testing for children exposed to HIV should follow the national testing schedule.,Ho hlahlobeloa HIV ha bana ba hlahisitsoeng HIV ho lokela ho latela leano la naha la liteko.,WHO,pmtct-infant-testing,,reviewed,
2194,Medication Instructions,This medicine may cause a burning sensation at the injection site.,Moriana ona o ka baka maikutlo a ho chesa sebakeng sa ente.,WHO,medication-instructions-v1,,reviewed,
3137,Symptoms and Complaints,I feel very bloated and have difficulty passing wind.,Ke ikutloa ke tletse moea haholo mme ke na le bothata ba ho fetisa moea.,WHO,symptoms-complaints-v1,,reviewed,
1825,Medication Instructions,"Take one tablet daily for fourteen days, then reassess.","Nka pilisi e le ngoe letsatsi le leng le le leng ka matsatsi a leshome le mane, ebe o lekola hape.",WHO,medication-instructions-v1,,reviewed,
4601,General Patient Education,Warm up before exercising and cool down afterwards.,Itokisetse pele ho itlama mme o khutse ka mor'a moo.,WHO,general-patient-education-v1,,reviewed,
798,HIV,I hide my HIV medicine in a different container so my family does not see it.,Ke pata meriana ea HIV ea ka sengoteng se seng hore lelapa la ka le se e bone.,clinical_fieldwork,patient-hiv-disclosure,,reviewed,
2872,Symptoms and Complaints,I have a burning pain in my feet at night.,Ke na le mahloko a ho chesa maotong a ka bosiu.,WHO,symptoms-complaints-v1,,reviewed,
10,HIV,People on ART can live long and healthy lives.,Batho ba phelang ka phekolo ea lithibela-mafofore (ART) ba ka phela bophelo bo bolelele le bo nang le bophelo bo botle.,UNAIDS,art-benefits,,reviewed,
1945,Medication Instructions,Swallow the tablet whole with a full glass of water.,Metsa pilisi ka botlalo le mohope o tletseng oa metsi.,WHO,medication-instructions-v1,,reviewed,
1839,Medication Instructions,Take one tablet four times daily for three days.,Nka pilisi e le ngoe habeli ka letsatsi ka matsatsi a mararo.,WHO,medication-instructions-v1,,reviewed,
256,HIV,Approximately 39 million people were living with HIV globally in 2022.,Ho ne ho ena le batho ba ka bang limilione tse 39 ba phelang le HIV lefatšeng lohle ka 2022.,UNAIDS,hiv-global-statistics,,reviewed,
4509,General Patient Education,Reduce your number of sexual partners to lower your risk of infection.,Fokotsa palo ea baratwi ba hao ba thobalano ho fokotsa kotsi ea tšoaetso.,WHO,general-patient-education-v1,,reviewed,
1582,Tuberculosis,Immune reconstitution inflammatory syndrome can occur when ART is started during TB treatment.,Syndrome ea ho bola ha tšireletso ea 'mele e ka etsahala ha ART e qaloa nakong ea phekolo ea TB.,WHO,tb-iris,,reviewed,
2957,Symptoms and Complaints,I have pain in my right foot that radiates to my toes.,Ke na le mahloko leotong la ka la le letona a isisoang menwaneng ea maoto a ka.,WHO,symptoms-complaints-v1,,reviewed,
925,HIV,I have been taking my HIV medicine with traditional herbs and I want to know if that is safe.,Ke ntse ke nka meriana ea HIV ea ka le meriana ea setso mme ke batla ho tseba hore na ho bolokehile.,clinical_fieldwork,patient-traditional-medicine,,reviewed,
4430,General Patient Education,Regular hand washing prevents the spread of infections.,Ho hlatsoa matsoho ka mehla ho thibela ho atatela ha tšoaetso.,WHO,general-patient-education-v1,,reviewed,
2509,Medication Instructions,Do not give the medicine to a child who is underweight without dose adjustment.,U se ke ua fana ka moriana ho ngoana ea boima bo tlase ntle le ho fetola dose.,WHO,medication-instructions-v1,,reviewed,
3776,Appointments and Follow-Up,I must remember to take my medication before the appointment.,Ke tlameha ho hopola ho nka moriana oa ka pele ho appointment.,WHO,appointments-followup-v1,,reviewed,
4137,Maternal and Child Health,I was told to continue breastfeeding alongside solid foods.,Ke ile ka laelwa ke se ke tlohele ke mmele ka ngoanana wa ka ha a ntse a ja dithoto tsa mmala.,WHO,maternal-child-health-v1,,raw,
2780,Symptoms and Complaints,I feel very ill and need to be admitted to hospital.,Ke ikutloa ke kula haholo mme ke hloka ho kenngoa sepetlele.,WHO,symptoms-complaints-v1,,reviewed,
540,HIV,Chronic kidney disease is more common in people living with HIV.,Chronic kidney disease ke e 'ngoe ea tsebo ea batho ba phelang le HIV.,NIH_HIVinfo,hiv-kidney,,raw,
2746,Symptoms and Complaints,I feel my whole body is swollen.,Ke ikutloa 'mele oa ka ka bophara o ruruhetse.,WHO,symptoms-complaints-v1,,reviewed,
4499,General Patient Education,Seek medical attention for wounds that do not heal.,Batla tlhokomelo ea bongaka bakeng sa maqeba a sa foleng.,WHO,general-patient-education-v1,,reviewed,
4572,General Patient Education,Some medications must be taken on an empty stomach to be absorbed properly.,Meriana e meng e tlameha ho nkoa maleng a se nang letho ho nkoa hantle.,WHO,general-patient-education-v1,,reviewed,
1146,Tuberculosis,TB treatment must be completed in full even if symptoms improve before the end of treatment.,Phekolo ea TB e lokela ho phethoa ka botlalo le haeba matšoao a ntlafala pele ho qetela ha phekolo.,CDC,tb-treatment-completion,,reviewed,
668,HIV,Stavudine is no longer recommended due to serious long-term side effects.,Stavudine ha e sa khothalletsoa ka lebaka la litlamorao tse matla tsa nako e telele.,WHO,art-stavudine,,reviewed,
3020,Symptoms and Complaints,I am coughing up dark brown mucus.,Ke kohoa mucus e lefifi e tšoeu-bosoeu.,WHO,symptoms-complaints-v1,,reviewed,
358,HIV,People with HIV who have been treated for TB remain at high risk of TB recurrence.,Batho ba na HIV ba ileng ba feto-fetwa TB ba tswelela ba hlokang kotsi e kgolo ya ho feto-fetwa ha TB.,WHO,hiv-tb-recurrence,,raw,
2832,Symptoms and Complaints,I feel very unwell and need a comprehensive examination.,Ke ikutloa ke sa phela hantle haholo mme ke hloka tlhahlobo e phethahetseng.,WHO,symptoms-complaints-v1,,reviewed,
2784,Symptoms and Complaints,I feel very unwell and cannot care for myself.,Ke ikutloa ke sa phela hantle haholo mme ha ke khone ho itlhokomela.,WHO,symptoms-complaints-v1,,reviewed,
1354,Tuberculosis,TB patients should be educated about cough hygiene to protect their household contacts.,Bakuli ba TB ba lokela ho rutoa ka bohloeki ba ho khohlela ho sireletsa batho ba lulang le bona malapeng.,WHO,tb-cough-hygiene-education,,reviewed,
471,HIV,ART can slow the progression of HIV-associated neurocognitive disorder.,ART e ka khutsufatsa tsoelo-pele ea bolwetse ba neurocognitive bo amanang le HIV.,NIH_HIVinfo,hiv-hand-treatment,,reviewed,
2704,Symptoms and Complaints,I have been sweating a lot at night.,Ke ntse ke tsoa molapo o mongata bosiu.,WHO,symptoms-complaints-v1,,reviewed,
3331,Symptoms and Complaints,I have itching in my eyes that is constant.,Ke na le ho hlohlona mahlong a ka ho tsoelang pele.,WHO,symptoms-complaints-v1,,reviewed,
3638,Appointments and Follow-Up,I am here to discuss my scan results with the doctor.,Ke teng ho buisana le ngaka ka liphetho tsa scan ea ka.,WHO,appointments-followup-v1,,reviewed,
1397,Tuberculosis,BCG vaccination protects infants and young children against severe forms of TB including TB meningitis and miliary TB.,Ente ea BCG e ts'ireletsa maseea le bana ba banyenyane khahlanong le mefuta e kotsi ea lefuba (TB) ho kenyelletsoa le ho ruruha ha lera la boko ka lebaka la lefuba (TB meningitis) le lefuba le nametseng mmele oohle (miliary TB).,WHO,tb-bcg-efficacy,,reviewed,
3585,Appointments and Follow-Up,I need to know if my appointment will be long.,Ke hloka ho tseba haeba appointment ea ka e tla nka nako e telele.,WHO,appointments-followup-v1,,reviewed,
4487,General Patient Education,Dispose of waste properly to prevent the spread of disease.,Lahla molapo ka nepo ho thibela ho atatela ha bolwetse.,WHO,general-patient-education-v1,,reviewed,
3377,Symptoms and Complaints,I have a change in the movement of my eyelid.,Ke na le phetoho mokhoaneng oa ho tsamaea ha sefahleho sa leihlo la ka.,WHO,symptoms-complaints-v1,,reviewed,
1257,Tuberculosis,TB drug stockouts at facility level are a major cause of treatment interruption.,Ho haella ha meriana ea TB setsing sa bophelo ke sesosa se seholo sa ho sitisoa ha kalafo.,WHO,tb-drug-stockouts,,reviewed,
3513,Appointments and Follow-Up,I would like to schedule an appointment for a vaccination.,Ke rata ho rerela appointment bakeng sa ente.,WHO,appointments-followup-v1,,reviewed,
1251,Tuberculosis,My family supported me every day by reminding me to take my medication.,Lelapa la ka le ile la ntšehetsa letsatsi le leng le le leng ka ho nkhopotsa ho noa meriana ea ka.,clinical_fieldwork,patient-tb-family-support,,reviewed,
4808,General Patient Education,Water-based lubricants are safe to use with condoms.,Li-lubricant tse thehiloeng ho metsi li bolokehile ho sebelisa le li-condom.,WHO,general-patient-education-v1,,reviewed,
4299,Maternal and Child Health,I was told to wash my child's hands before meals.,Ke boletsoe ho hlatsoa matsoho a ngoana oa ka pele ho lijo.,WHO,maternal-child-health-v1,,reviewed,
3285,Symptoms and Complaints,I have been having episodes of sudden severe little finger pain.,Ke ntse ke na le linako tsa mahloko a matla a monwana o monyenyane oa sepata ka tšohanyetso.,WHO,symptoms-complaints-v1,,reviewed,
2934,Symptoms and Complaints,I have a dull pain in my left elbow.,Ke na le mahloko a fokolang tsualikaneng la ka la molema.,WHO,symptoms-complaints-v1,,reviewed,
4176,Maternal and Child Health,I would like to know if my child's vaccinations are up to date.,Ke batla ho tseba hore tšireletso tsa ntswa di tsotelle.,WHO,maternal-child-health-v1,,raw,
1853,Medication Instructions,Take one capsule once daily with the main meal.,Nka capsule e le ngoe ka nako e le ngoe letsatsi le leng le le leng le lijo tsa bohlokoa.,WHO,medication-instructions-v1,,reviewed,
4870,General Patient Education,Mental health conditions are caused by a combination of factors.,Maemo a bophelo ba kelello a bakoa ke kopano ea lintlha tse fapaneng.,WHO,general-patient-education-v1,,reviewed,
2106,Medication Instructions,Do not freeze the oral suspension.,U se ke ua khatisa oral suspension.,WHO,medication-instructions-v1,,reviewed,
134,HIV,HIV self-testing kits allow people to test themselves in private.,Lisebelisoa tsa ho itlhahloba HIV (HIV self-testing kits) li lumella batho ho itlhahloba ba le boeena le lekunutung.,WHO,hiv-self-testing,,reviewed,
929,HIV,I want to know how long I will need to take HIV medicine.,Ke batla ho tseba hore na ke tla hloka ho nka meriana ea HIV nako e kae.,clinical_fieldwork,patient-art-duration,,reviewed,
824,HIV,Your baby's HIV test has come back negative which is wonderful news.,Tlhahlobo ea HIV ea ngoana oa hau e khutlile e senyenyane e leng taba e monate haholo.,clinical_fieldwork,clinician-patient-communication,,reviewed,
4544,General Patient Education,Vitamin D from sunlight and food is important for bone health.,Vitamin D ho tsoa leseling la letsatsi le lijong e bohlokoa bakeng sa bophelo ba marapo.,WHO,general-patient-education-v1,,reviewed,
1532,Tuberculosis,The continuation phase of TB treatment uses isoniazid and rifampicin for four months.,Nako ea ho tsoela pele ea phekolo ea TB e sebelisa isoniazid le rifampicin ka likhoeli tse nne.,WHO,tb-treatment-regimen,,reviewed,
1215,Tuberculosis,"Adolescents with TB face unique challenges including school disruption, stigma, and adherence difficulties.","Bacha ba tšoeroeng ke lefuba ba ka ba le mathata a kang ho fetoa ke sekolo, ho khetholloa ke batho, le ho thatafalloa ke ho noa meriana ka nepo.",UNICEF,tb-adolescent-challenges,,reviewed,
505,HIV,My husband left me when I told him I have HIV.,Motho wa ka o mpontšang ha ke mo tsebisa hore ke na HIV.,clinical_fieldwork,patient-hiv-disclosure-consequences,,raw,
4286,Maternal and Child Health,I was advised to read to my child every day.,Ke keletsoeng ho balela ngoana oa ka letsatsi le leng le le leng.,WHO,maternal-child-health-v1,,reviewed,
1997,Medication Instructions,Apply the wound gel directly to the wound bed before covering.,Sebelisa wound gel ka kotloloho sebakeng sa ntoa pele ho koahela.,WHO,medication-instructions-v1,,reviewed,
3073,Symptoms and Complaints,I have difficulty breathing and my breathing is very rapid.,Ke na le bothata ba ho hema mme ho hema ha ka ho potlakile haholo.,WHO,symptoms-complaints-v1,,reviewed,
1959,Medication Instructions,Use the measuring spoon provided to ensure the correct dose.,Sebelisa sekhoro sa ho lekola se fanoeng ho netefatsa dose e nepahetseng.,WHO,medication-instructions-v1,,reviewed,
1385,Tuberculosis,New TB vaccine candidates are in clinical trials and may improve on the protection offered by BCG.,"Liente tse ncha tse lekoang tsa lefuba (TB) li mehatong ea liteko tsa meriana, 'me li ka khona ho ntlafatsa tšireletso e fanoang ke BCG.",WHO,tb-vaccine-research,,reviewed,
895,HIV,Peripheral neuropathy causes burning and tingling in the feet and is common in people living with HIV.,Neuropathy ea maphethelo e baka ho chesa le ho hlohlona maotong mme e atile ho batho ba phelang le HIV.,NIH_HIVinfo,hiv-peripheral-neuropathy,,reviewed,
456,HIV,"Access to HIV prevention, testing, and treatment is a fundamental human right.",Ho fihlella thibelo ea HIV liteko le phekolo ke tokelo ea motheo ea botho.,UNAIDS,hiv-human-rights,,reviewed,
4880,General Patient Education,Counselling helps you understand and manage your thoughts and feelings.,Keletso e thusa ho utloisisa le ho laola menahano le maikutlo a hao.,WHO,general-patient-education-v1,,reviewed,
3710,Appointments and Follow-Up,The doctor told me to take my medication with food.,Ngaka e mpoleletse ho nka moriana oa ka le lijo.,WHO,appointments-followup-v1,,reviewed,
4619,General Patient Education,Exercise with a friend or family member for motivation and safety.,Itlame le motsoalle kapa leloko la lelapa bakeng sa khothaletso le polokeho.,WHO,general-patient-education-v1,,reviewed,
4269,Maternal and Child Health,I was told to give my baby fruits and vegetables every day.,Ke boletsoe ho fa ngoana oa ka lienyane le merogo letsatsi le leng le le leng.,WHO,maternal-child-health-v1,,reviewed,
3523,Appointments and Follow-Up,I need to make an appointment for a liver function test.,Ke hloka ho etsa appointment bakeng sa tlhahlobo ea tšebetso ea sebete.,WHO,appointments-followup-v1,,reviewed,
4135,Maternal and Child Health,I was told to continue breastfeeding while on ART.,Ke ile ka laelwa ke se ke tlohele ke mmele ha ke ntse ke tseba ditshenyeho.,WHO,maternal-child-health-v1,,raw,
3603,Appointments and Follow-Up,I have an appointment at ten o'clock this morning.,Ke na le appointment ka hora ea leshome hoseng hona.,WHO,appointments-followup-v1,,reviewed,
714,HIV,Severe IRIS may require corticosteroid treatment.,IRIS e matla e ka hloka phekolo ea corticosteroid.,WHO,iris-severe,,reviewed,
4187,Maternal and Child Health,My child was admitted to hospital for malnutrition treatment.,Mwana wa ka ile a tsenngwa hospitaleng bakeng sa tšeho ya bolwetse ba go feta mmele.,WHO,maternal-child-health-v1,,raw,
2215,Medication Instructions,Contact your doctor if you develop confusion or disorientation while taking this medicine.,Ikopanye le ngaka ea hau haeba u ba le tsieleho kapa ho lahlehela ha u nka moriana ona.,WHO,medication-instructions-v1,,reviewed,
2924,Symptoms and Complaints,I have a burning sensation in my right hand.,Ke na le maikutlo a ho chesa sepateng sa ka sa le letona.,WHO,symptoms-complaints-v1,,reviewed,
1811,Medication Instructions,Take one tablet every six hours as needed for pain.,Nka pilisi e le ngoe ka maho a tšeletseng ha ho hlokeha bakeng sa mahloko.,WHO,medication-instructions-v1,,reviewed,
3487,Symptoms and Complaints,I have a feeling of burning in my renal calyx.,Ke na le maikutlo a ho chesa renal calyxeng ea ka.,WHO,symptoms-complaints-v1,,reviewed,
3142,Symptoms and Complaints,I have a pain in my abdomen that is worse after eating.,Ke na le mahloko mpeng ea ka a mpe ka mor'a ho ja.,WHO,symptoms-complaints-v1,,reviewed,
1828,Medication Instructions,Take two tablets at night before sleeping.,Nka lipilisi tse peli bosiu pele ho robala.,WHO,medication-instructions-v1,,reviewed,
1156,Tuberculosis,Isoniazid inhibits mycolic acid synthesis in the TB bacterial cell wall.,Isoniazid e thibela tlhahiso ea mycolic acid leboteng la lisele tsa bakteria ea TB.,NIH,tb-isoniazid,,reviewed,
1325,Tuberculosis,TB preventive therapy (TPT) reduces the risk of latent TB progressing to active TB disease.,Kalafo ea thibelo ea TB (TPT) e fokotsa kotsi ea hore TB e ipatileng e tsoele pele ho ba lefu la TB le sebetsang.,WHO,tb-tpt,,reviewed,
4313,Maternal and Child Health,I was told to protect my child from abuse and neglect.,Ke boletsoe ho sireletsa ngoana oa ka ho tlhekefetso le ho lahleloa.,WHO,maternal-child-health-v1,,reviewed,
511,HIV,Traditional leaders play an important role in shaping community attitudes towards HIV.,Baetapele ba setšo ba na le tšhemong e kholo kateng tsa ho ahlamahlama sechabeng ka HIV.,WHO,hiv-traditional-leaders,,raw,
1681,Tuberculosis,Prolonged close contact with an infectious TB patient increases the risk of transmission.,Ho kopana haufi nako e telele le mokuloi oa TB ea fetisoang ho eketsa kotsi ea phetisetso.,WHO,tb-close-contact,,reviewed,
500,HIV,I am transgender and I need HIV treatment that works with my hormone therapy.,Ke ngwaneso le ke hloka tšireletso ea HIV e tla sebetsana le mantsiboea a ka.,clinical_fieldwork,patient-transgender-hiv,,raw,
4537,General Patient Education,Read food labels to understand what you are eating.,Bala lilebele tsa lijo ho utloisisa se o se jang.,WHO,general-patient-education-v1,,reviewed,
1857,Medication Instructions,Take one tablet every night at bedtime for two weeks.,Nka pilisi e le ngoe bosiu bo bong le bo bong nako ea ho robala ka libeke tse peli.,WHO,medication-instructions-v1,,reviewed,
1389,Tuberculosis,Artificial intelligence is being applied to TB diagnosis through automated sputum smear reading and chest X-ray analysis.,Bohlale ba maiketsetso (AI) bo ntse bo sebelisoa tlhahlobong ea lefuba (TB) ka ho bala ka ho iketsa ha litšila tsa mathe (sputum smear) le ho hlahloba linepe tsa sefuba tsa X-ray,WHO,tb-ai-diagnostics,,reviewed,
3720,Appointments and Follow-Up,The doctor told me to take my medication at the same time every day.,Ngaka e mpoleletse ho nka moriana oa ka ka nako e tšoanang letsatsi le leng le le leng.,WHO,appointments-followup-v1,,reviewed,
2387,Medication Instructions,"If you miss a dose, continue with the next dose at the usual time.","Haeba u lahlehetsoe ke dose, tsoela pele le dose e latelang ka nako ea kamehla.",WHO,medication-instructions-v1,,reviewed,
3237,Symptoms and Complaints,I have been having episodes of sudden severe knee pain.,Ke ntse ke na le linako tsa mahloko a matla a mangolo ka tšohanyetso.,WHO,symptoms-complaints-v1,,reviewed,
1541,Tuberculosis,Directly Observed Treatment ensures a healthcare worker watches you take each dose.,Phekolo e Shebilloeng ka Kotloloho e netefatsa hore mosebetsi oa bophelo bo botle o u sheba ha u nka dose le 'ngoe le e 'ngoe.,WHO,tb-dot,,reviewed,
1218,Tuberculosis,Breastfeeding is safe for women on standard first-line TB treatment.,Ho anyesa ho bolokehile ho basali ba noang meriana e tloaelehileng ea mantlha ea kalafo ea lefuba (TB).,WHO,tb-breastfeeding,,reviewed,
2682,Medication Instructions,Take your medicine with a diary to record each dose taken.,Nka moriana oa hau le buka ea letsatsi ho ngola dose le 'ngoe le e 'ngoe e nkiloeng.,WHO,medication-instructions-v1,,reviewed,
2994,Symptoms and Complaints,I have a persistent dry cough that will not go away.,Ke na le ho kohoa ho omileng ho tsoelang pele ho sa feleng.,WHO,symptoms-complaints-v1,,reviewed,
1192,Tuberculosis,Stigma and fear of disclosure are major barriers to TB treatment adherence.,Kekello le tšabo ea ho senola ke meqoqo e meholo ea ho latela phekolo ea TB.,UNAIDS,tb-stigma-adherence,,reviewed,
1543,Tuberculosis,"Treatment supporters can be family members, community health workers, or clinic staff.","Batshehetsi ba phekolo ba ka ba maloko a lelapa, basebetsi ba bophelo bo botle ba sechaba, kapa basebetsi ba kliniki.",WHO,tb-treatment-supporter,,reviewed,
3302,Symptoms and Complaints,I have a rash on my feet that is very sore.,Ke na le ho ruruha ha letlalo maotong a ka ho bohlokang haholo.,WHO,symptoms-complaints-v1,,reviewed,
3325,Symptoms and Complaints,I have a thick yellow discharge from my eyes.,Ke na le seretse se teteaneng se tšoeu-tala se tsoang mahlong a ka.,WHO,symptoms-complaints-v1,,reviewed,
2540,Medication Instructions,Give the medicine to the child using a syringe for accurate dosing in infants.,Fana ka moriana ho ngoana ka ho sebelisa syringe bakeng sa ho nka dose ka nepo ho bana ba banyenyane.,WHO,medication-instructions-v1,,reviewed,
954,HIV,HIV can be transmitted from a mother to her baby through breastfeeding if the mother is not on ART.,HIV e ka fetiseloa ho tsoa ho mme ho ea ho ngoana oa hae ka ho anyesa haeba mme a sa le holim'a ART.,WHO,hiv-mtct,,reviewed,
4331,Maternal and Child Health,I was referred to a specialist for fertility treatment.,Ke romeloa ngakeng e khethehileng bakeng sa phekolo ea ho ba le bana.,WHO,maternal-child-health-v1,,reviewed,
733,HIV,Decriminalisation of sex work is associated with reduced HIV risk and better health outcomes.,Ho tlosa molato mosebetsing oa thobalano ho amahanngoa le ho fokotsa kotsi ea HIV le liphetho tse ntle tsa bophelo bo botle.,UNAIDS,hiv-sex-work-decriminalisation,,reviewed,
1157,Tuberculosis,Rifampicin inhibits bacterial RNA polymerase and is the most important drug in TB treatment.,Rifampicin e thibela RNA polymerase ea bakteria mme ke moriana o bohlokoa ka ho fetisisa ho phekolo ea TB.,NIH,tb-rifampicin,,reviewed,
3295,Symptoms and Complaints,I have swollen eyelids that are very itchy.,Ke na le lifahleho tsa mahlo tse ruruhetse tse hlohlonang haholo.,WHO,symptoms-complaints-v1,,reviewed,
2983,Symptoms and Complaints,I have pain in my left ankle that is worse when running.,Ke na le mahloko ankele ea ka ea molema a mpe ha ke matha.,WHO,symptoms-complaints-v1,,reviewed,
2157,Medication Instructions,Seek medical help if you develop severe stomach pain while taking this medicine.,Batla thuso ea ngaka haeba u ba le mahloko a matla a mpa ha u nka moriana ona.,WHO,medication-instructions-v1,,reviewed,
1063,Tuberculosis,GeneXpert MTB/RIF is a rapid molecular test that detects TB and rifampicin resistance within two hours.,GeneXpert MTB/RIF ke tlhahlobo ea molecular ea potlako e fumanang TB le khakanyo ea rifampicin ka hare ho maho a mabeli.,WHO,tb-genexpert,,reviewed,
2617,Medication Instructions,Do not take your medicine with food if the instructions say to take it on an empty stomach.,U se ke ua nka moriana oa hau le lijo haeba litaelo li re o nke ka mala a se nang lijo.,WHO,medication-instructions-v1,,reviewed,
1168,Tuberculosis,Skin rash during TB treatment may indicate a drug hypersensitivity reaction requiring medical review.,Ho ruruha ha letlalo nakong ea phekolo ea TB ho ka bontša karabelo ea ho amehela haholo ke moriana e hlokang tlhahlobo ea ngaka.,WHO,tb-skin-rash,,reviewed,
3223,Symptoms and Complaints,I have been having episodes of sudden severe chest pain with arm numbness.,Ke ntse ke na le linako tsa mahloko a matla a sefuba le ho fofa ha lephaka ka tšohanyetso.,WHO,symptoms-complaints-v1,,reviewed,
3637,Appointments and Follow-Up,I have come to get my test results.,Ke tlile ho fumana liphetho tsa tlhahlobo ea ka.,WHO,appointments-followup-v1,,reviewed,
2939,Symptoms and Complaints,I have pain in my left knee that radiates to my shin.,Ke na le mahloko mangoleng a ka a molema a isisoang leotong la ka la pele.,WHO,symptoms-complaints-v1,,reviewed,
4492,General Patient Education,Sleep under a mosquito net to prevent malaria.,Robala tlasa nete ea likhoasane ho thibela malaria.,WHO,general-patient-education-v1,,reviewed,
3141,Symptoms and Complaints,I have been having episodes of nausea and vomiting.,Ke ntse ke na le linako tsa ho nyakeloa le ho hlatsa.,WHO,symptoms-complaints-v1,,reviewed,
144,HIV,People living with HIV who have mental health problems are less likely to stay on treatment.,Batho ba phelang le HIV ba nang le mathata a bophelo bo botle ba kelello ba na le monyetla o fokolang oa ho tsoela pele kapa ho khomarela kalafo ea bona.,PMC,hiv-mental-health-adherence,,reviewed,
3578,Appointments and Follow-Up,I would like to bring an interpreter to my appointment.,Ke rata ho tlisa mofetoleli appointment ea ka.,WHO,appointments-followup-v1,,reviewed,
2783,Symptoms and Complaints,I have been having episodes of sudden weight loss.,Ke ntse ke na le linako tsa ho lahleheloa ke boima ka tšohanyetso.,WHO,symptoms-complaints-v1,,reviewed,
718,HIV,CRP testing can be added to TB screening in people living with HIV.,Ho lekoa ha CRP ho ka eketsooa ho hlahlobeloa ha TB ho batho ba phelang le HIV.,WHO,hiv-tb-crp,,reviewed,
1820,Medication Instructions,Take one capsule with your evening meal.,Nka capsule e le ngoe le lijo tsa mantsiboa.,WHO,medication-instructions-v1,,reviewed,
2503,Medication Instructions,Do not give the medicine to a child who has a known contraindication.,U se ke ua fana ka moriana ho ngoana ea nang le contraindication e tsebahalang.,WHO,medication-instructions-v1,,reviewed,
4361,Maternal and Child Health,I was told that vomiting can reduce the effectiveness of the pill.,Ke boletsoe hore ho hlatsa ho ka fokotsa bokgoni ba pilisi.,WHO,maternal-child-health-v1,,reviewed,
4172,Maternal and Child Health,I was told a mild fever after vaccination is normal.,Nna ke ile ka bolelwa hore khoeli e nnyane ka morago ga tšireletso ke tsotelle.,WHO,maternal-child-health-v1,,raw,
396,HIV,I have a very bad headache and stiff neck and I have HIV.,"Ke na le ho jala haholo lefifing mohlare o halasha, 'me ke na HIV.",clinical_fieldwork,patient-oi-symptoms,,raw,
4837,General Patient Education,Cervical cancer is caused by the human papillomavirus.,Kankere ea molala oa mphe e bakoa ke human papillomavirus.,WHO,general-patient-education-v1,,reviewed,
4493,General Patient Education,Wear long sleeves and trousers in areas with many mosquitoes.,Apara mahalapa a matelele le sekhahla sebakeng se nang le likhoasane tse ngata.,WHO,general-patient-education-v1,,reviewed,
1366,Tuberculosis,Many people with TB hide their diagnosis from family and employers due to fear of discrimination.,Batho ba bangata ba nang le TB ba pata tlhahlobo ea bona ho ba lelapa le bahiri ka lebaka la tšabo ea khethollo.,WHO,tb-stigma-disclosure,,reviewed,
4559,General Patient Education,Involve your family in preparing healthy meals.,Kenyelletsa lelapa la hao ho lokisa lijo tse ntle.,WHO,general-patient-education-v1,,reviewed,
596,HIV,I have been on the same HIV medicine for seven years and I want to know if there are better options.,Ke dutse tšhebetšo e itseng ya HIV ke yona e kgolo ka lilemo tse tlano 'me ke batla ho tseba ha ho na mabapi ao a khethehileng.,clinical_fieldwork,patient-art-switch,,raw,
3953,Appointments and Follow-Up,I was satisfied with the care I received at my appointment.,Ke khotsofetse ke tlhokomelo eo ke e amohelang appointment ea ka.,WHO,appointments-followup-v1,,reviewed,
2915,Symptoms and Complaints,I have pain in my right elbow that is swollen.,Ke na le mahloko tsualikaneng la ka la le letona le ruruhetse.,WHO,symptoms-complaints-v1,,reviewed,
2327,Medication Instructions,This medicine may increase the risk of bleeding with antiplatelet drugs.,Moriana ona o ka eketsa kotsi ea ho tsoa mali le meriana ea antiplatelet.,WHO,medication-instructions-v1,,reviewed,
3767,Appointments and Follow-Up,I was told that my treatment is confidential.,Ke boletsoe hore phekolo ea ka ke sephiri.,WHO,appointments-followup-v1,,reviewed,
3441,Symptoms and Complaints,I have pain in my bladder.,Ke na le mahloko sebocong sa ka.,WHO,symptoms-complaints-v1,,reviewed,
3852,Appointments and Follow-Up,I would like to know if I can be referred to a specialist.,Ke rata ho tseba haeba nka romeloa ngakeng e khethehileng.,WHO,appointments-followup-v1,,reviewed,
4133,Maternal and Child Health,My baby tested negative for HIV at the six-week test.,Ngoanana wa ka o ile a nyahamiswe e seng ya HIV mo beching e tlisitseng.,WHO,maternal-child-health-v1,,raw,
4592,General Patient Education,Exercise reduces the risk of heart disease and stroke.,Ho itlama ho fokotsa kotsi ea bolwetse ba pelo le stroke.,WHO,general-patient-education-v1,,reviewed,
2144,Medication Instructions,Nausea and vomiting are common side effects that usually improve after a few days.,Ho nyakeloa le ho hlatsa ke litlamorao tse tloaelehileng tse hangata li ntlafala ka mor'a matsatsi a mang.,WHO,medication-instructions-v1,,reviewed,
1572,Tuberculosis,Good nutrition strengthens the immune system and reduces the risk of developing active TB.,Phepo e ntle e matlafatsa tšireletso ea 'mele le ho fokotsa kotsi ea ho ba le TB e sebetsang.,WHO,tb-nutrition-prevention,,reviewed,
4080,Maternal and Child Health,My baby was born healthy and crying.,Ngwana ha a tsalwe a ne a le molemo 'me a le a nyela.,WHO,maternal-child-health-v1,,raw,
1123,Tuberculosis,Alcohol use disorder is associated with increased TB risk and poor treatment outcomes.,Bolwetse ba tšebediso ea joala bo amahanngoa le kotsi e eketsehileng ea TB le liphetho tse mpe tsa phekolo.,WHO,tb-alcohol-risk,,reviewed,
2787,Symptoms and Complaints,I have been having episodes of sudden confusion.,Ke ntse ke na le linako tsa ho tsieleha ka tšohanyetso.,WHO,symptoms-complaints-v1,,reviewed,
2968,Symptoms and Complaints,I have a sharp pain in my right foot.,Ke na le mahloko a bohale leotong la ka la le letona.,WHO,symptoms-complaints-v1,,reviewed,
2505,Medication Instructions,Do not give the medicine to a child who is taking other medicines without advice.,U se ke ua fana ka moriana ho ngoana ea nkang meriana e meng ntle le keletso.,WHO,medication-instructions-v1,,reviewed,
3466,Symptoms and Complaints,I have a feeling of pain in my renal cortex.,Ke na le maikutlo a mahloko renal cortexeng ea ka.,WHO,symptoms-complaints-v1,,reviewed,
676,HIV,Dapivirine vaginal ring is a PrEP option for women that releases medicine slowly over one month.,Sephaphe sa dapivirine sa sebaka sa thobalano ke khetho ea PrEP bakeng sa basali se lokollang moriana butle ka khoeli e le ngoe.,WHO,hiv-dapivirine-ring,,reviewed,
2809,Symptoms and Complaints,I have been feeling very sick and need a blood test.,Ke ntse ke ikutloa ke kula haholo mme ke hloka tlhahlobo ea mali.,WHO,symptoms-complaints-v1,,reviewed,
3349,Symptoms and Complaints,I have a distortion in my vision.,Ke na le ho phaphalatseha ha pono ea ka.,WHO,symptoms-complaints-v1,,reviewed,
729,HIV,Drop-in centres provide HIV services to key populations in a safe and non-judgmental environment.,Lisentare tsa ho kenela li fana ka litshebeletso tsa HIV ho sechaba se bohlokoa tikolohong e bolokehileng e sa ahloleng.,UNAIDS,hiv-drop-in-centres,,reviewed,
413,HIV,Electronic health records improve the tracking and management of HIV patients.,Lirekhoto tsa bophelo bo botle tsa elektroniki li ntlafatsa ho latela le ho laola bakuli ba HIV.,WHO,hiv-health-information,,reviewed,
3147,Symptoms and Complaints,I have been having episodes of severe abdominal pain.,Ke ntse ke na le linako tsa mahloko a matla a mpa.,WHO,symptoms-complaints-v1,,reviewed,
1517,Tuberculosis,Loss of appetite is frequently reported by patients with active tuberculosis.,Ho lahleheloa ke takatso ea lijo ho buelloa hangata ke bakuli ba nang le tuberculosis e sebetsang.,NHS,tb-appetite,,reviewed,
826,HIV,Provider-initiated testing and counselling normalises HIV testing in clinical settings.,Liteko le keletso tse qalilloeng ke mofani li etsa hore ho hlahlobeloa HIV ho be tloaelo libakeng tsa kliniki.,WHO,hiv-pitc,,reviewed,
3268,Symptoms and Complaints,I have weakness in my left arm and cannot carry things.,Ke na le ho fokotsehela lephakeng la ka la molema mme ha ke khone ho tšoarisa lintho.,WHO,symptoms-complaints-v1,,reviewed,
3975,Appointments and Follow-Up,I was given iron and folate supplements at my antenatal visit.,Ke filoe lithupelo tsa tšepe le folate tsebelisong ea ka ea ho mitsa.,WHO,appointments-followup-v1,,reviewed,
617,HIV,Nurse-initiated ART has expanded access to treatment in under-resourced settings.,ART e qalilloeng ke baoki e atolositsa phihlello ea phekolo libakeng tse hlokang mehloli.,DOH_SA,hiv-nurse-initiated-art,,reviewed,
115,HIV,With effective ART the risk of mother-to-child HIV transmission can be reduced to less than one percent.,"Ka kalafo e sebetsang ea ART, kotsi ea hore 'm'e a fetisetse HIV ho ngoana oa hae e ka fokotsoa ho ba ka tlase ho liperesente tse le 'ngoe (1%).",WHO,pmtct-art,,reviewed,
418,HIV,The HIV reservoir consists of cells that harbour dormant HIV and are not eliminated by ART.,Polokelo ea HIV e bopiloe ke lisele tse bolokang HIV e robetseng mme e sa felisoe ke ART.,NIH_HIVinfo,hiv-reservoir,,reviewed,
3070,Symptoms and Complaints,I feel a squeezing sensation in my lungs when I breathe.,Ke ikutloa maikutlo a ho kama matšoafong ha ke hema.,WHO,symptoms-complaints-v1,,reviewed,
1626,Tuberculosis,"Having TB and HIV at the same time was overwhelming, but the clinic team helped me cope.","Ho ba le TB le HIV ka nako e le ngoe e ne e le thata haholo, empa sehlopha sa kliniki se nthusitse ho mamella.",clinical_fieldwork,patient-tb-hiv-coinfection,,reviewed,
4951,General Patient Education,Call for emergency help immediately in a life-threatening situation.,Letsetsa thuso ea tšohanyetso hang hang boemong ba kotsi ea bophelo.,WHO,general-patient-education-v1,,reviewed,
4186,Maternal and Child Health,My child has been diagnosed with severe acute malnutrition.,Mwana wa ka ile a ahwaletšwa e le ya bolwetse ba go feta mmele ka ntle.,WHO,maternal-child-health-v1,,raw,
2897,Symptoms and Complaints,I have pain in my neck and shoulders that is constant.,Ke na le mahloko molaleng le mahetleng a ka a tsoelang pele.,WHO,symptoms-complaints-v1,,reviewed,
4672,General Patient Education,Smoking is the leading cause of chronic obstructive pulmonary disease.,Ho tsuba ke sesosa se seholo sa bolwetse ba matšoafo ba thibelo ba tsoelang pele.,WHO,general-patient-education-v1,,reviewed,
2083,Medication Instructions,Store the tablets in a container with a desiccant to prevent moisture damage.,Boloka lipilisi setsing se nang le desiccant ho thibela kotsi ea metsi.,WHO,medication-instructions-v1,,reviewed,
754,HIV,Disclosure of HIV status to a supportive person is associated with better mental health outcomes.,Ho senola boemo ba HIV ho motho ea tshehelang ho amahanngoa le liphetho tse ntle tsa bophelo ba kelello.,WHO,hiv-disclosure-mental-health,,reviewed,
2547,Medication Instructions,Do not give the medicine to a child who is on a low-carbohydrate diet without advice.,U se ke ua fana ka moriana ho ngoana ea lijo tse tlase tsa carbohydrate ntle le keletso.,WHO,medication-instructions-v1,,reviewed,
3970,Appointments and Follow-Up,My doctor told me to drink at least eight glasses of water daily.,Ngaka ea ka e mpoleletse ho noa bonyane ligilase tse robeli tsa metsi letsatsi le leng le le leng.,WHO,appointments-followup-v1,,reviewed,
3374,Symptoms and Complaints,I have a rash that is accompanied by peeling skin.,Ke na le ho ruruha ha letlalo ho tsamaeang le ho hlokohela ha letlalo.,WHO,symptoms-complaints-v1,,reviewed,
4108,Maternal and Child Health,I was given a contraceptive injection six weeks after delivery.,Ke ile ka amohelela tšhingwa ya mmele ya ho sireletsa lelapa mara tšhingwana ka mora ho tswa ha tsalo.,WHO,maternal-child-health-v1,,raw,
2445,Medication Instructions,"Take the missed dose as soon as possible, unless it is nearly time for the next dose.","Nka dose e lahlehileng kamoo ho khonehang ka potlako, ntle le haeba e se e le haufinyane le nako ea dose e latelang.",WHO,medication-instructions-v1,,reviewed,
4381,Maternal and Child Health,I was told to come back to the clinic if I experience any problems.,Ke boletsoe ho khutla klinikeng haeba ke ikutloa mathata afe kafe.,WHO,maternal-child-health-v1,,reviewed,
1067,Tuberculosis,Chest X-ray is used to support TB diagnosis by identifying lung abnormalities.,X-ray ea sefuba e sebelisoa ho tshehetsa tlhahlobo ea TB ka ho tseba ho sa tloaelehang ha matšoafo.,WHO,tb-chest-xray,,reviewed,
3914,Appointments and Follow-Up,I need help understanding my appointment schedule.,Ke hloka thuso ho utloisisa lenaneo la li-appointment tsa ka.,WHO,appointments-followup-v1,,reviewed,
3499,Symptoms and Complaints,I feel a burning sensation when I pass urine.,Ke ikutloa maikutlo a ho chesa ha ke morota.,WHO,symptoms-complaints-v1,,reviewed,
2739,Symptoms and Complaints,I have been feeling very sick and need to see a doctor urgently.,Ke ntse ke ikutloa ke kula haholo mme ke hloka ho bona ngaka ka potlako.,WHO,symptoms-complaints-v1,,reviewed,
4001,Maternal and Child Health,I think I am pregnant and would like to confirm.,Ke dumela ke hlola 'me ke kopa ho tseba hore na ke hlola.,WHO,maternal-child-health-v1,,raw,
1569,Tuberculosis,Treating latent TB infection is an important strategy for eliminating tuberculosis.,Ho phekola tšoaetso ea TB e patileng ke leano le bohlokoa la ho felisa tuberculosis.,WHO,tb-latent-treatment,,reviewed,
2428,Medication Instructions,"If you miss a dose of an antidepressant, take it as soon as you remember.","Haeba u lahlehetsoe ke dose ea antidepressant, e nke hang hang ha u hopola.",WHO,medication-instructions-v1,,reviewed,
3747,Appointments and Follow-Up,I was told that my next appointment is very important.,Ke boletsoe hore appointment ea ka e latelang e bohlokoa haholo.,WHO,appointments-followup-v1,,reviewed,
4640,General Patient Education,Volunteering and helping others can improve your mental health.,Ho ikela mabitleng le ho thusa ba bang ho ka ntlafatsa bophelo ba hao ba kelello.,WHO,general-patient-education-v1,,reviewed,
1688,Tuberculosis,"TB screening involves checking for symptoms, risk factors, and sometimes a chest X-ray.","Ho hlahlobeloa ha TB ho kenyelletsa ho hlahloba matšoao, lintlha tsa kotsi, le nako tse itseng X-ray ea sefuba.",WHO,tb-screening,,reviewed,
852,HIV,Adolescents should be involved in decisions about their HIV care.,Bacha ba lokela ho kenyelletsooa liqetong mabapi le tlhokomelo ea bona ea HIV.,UNICEF,hiv-adolescent-participation,,reviewed,
3547,Appointments and Follow-Up,I need to make an appointment for a health education session.,Ke hloka ho etsa appointment bakeng sa session ea thuto ea bophelo bo botle.,WHO,appointments-followup-v1,,reviewed,
896,HIV,"HIV-associated neurocognitive disorder affects memory, concentration, and daily functioning.","Bolwetse ba neurocognitive bo amanang le HIV bo angoa ho hopola, ho tsepamisa kelello, le tšebetso ea letsatsi le leng le le leng.",NIH_HIVinfo,hiv-hand,,reviewed,
4593,General Patient Education,Regular physical activity reduces the risk of certain cancers.,Mesebetsi ea 'mele ea kamehla e fokotsa kotsi ea kankere tse ling.,WHO,general-patient-education-v1,,reviewed,
336,HIV,Fluconazole is used to treat candidiasis in people living with HIV.,Fluconazole e sebelisoa ho tlosa candidiasis ho batho ba phelang le HIV.,WHO,oi-candidiasis-treatment,,raw,
2840,Symptoms and Complaints,I feel very sick and need to be reviewed by a doctor.,Ke ikutloa ke kula haholo mme ke hloka ho hlahlojoa hape ke ngaka.,WHO,symptoms-complaints-v1,,reviewed,
3088,Symptoms and Complaints,I am coughing up mucus with a musty smell.,Ke kohoa mucus e nang le monko oa ho bola ha nako e telele.,WHO,symptoms-complaints-v1,,reviewed,
1349,Tuberculosis,Natural ventilation through open windows and doors is a cost-effective TB infection control measure.,Moea oa tlhaho ka lifensetere le mamati a bulehileng ke mohato oa taolo ea tšoaetso ea TB o sa jeleng chelete e ngata.,WHO,tb-natural-ventilation,,reviewed,
1016,Tuberculosis,"Spinal TB, also known as Pott's disease, can cause vertebral destruction and paralysis if untreated.","TB ea mokokotlo, e tsebahala hape e le bolwetse ba Pott, e ka baka ho senyeha ha masapo a mokokotlo le ho fofotsoa haeba e sa phekoluoe.",NIH,tb-spinal,,reviewed,
2817,Symptoms and Complaints,I have been feeling very poorly and need support.,Ke ntse ke ikutloa ke sa phela hantle haholo mme ke hloka tshehetso.,WHO,symptoms-complaints-v1,,reviewed,
1632,Tuberculosis,Administrative controls such as fast-tracking TB patients reduce exposure in waiting areas.,Taolo ea tsamaiso joalo ka ho potlakisa bakuli ba TB e fokotsa ho hlahisoa libakeng tsa ho ema.,WHO,tb-administrative-controls,,reviewed,
2490,Medication Instructions,"Give the correct dose based on your child's weight, not age.","Fana ka dose e nepahetseng ho latela boima ba ngoana oa hau, eseng lilemo.",WHO,medication-instructions-v1,,reviewed,
3731,Appointments and Follow-Up,I explained that I could not afford transport to the clinic.,Ke hlalositše hore ha ke a khona ho reka lipalangoa tsa ho ea klinikeng.,WHO,appointments-followup-v1,,reviewed,
3252,Symptoms and Complaints,I have weakness in my left side and cannot use my left hand.,Ke na le ho fokotsehela lehlakoreng la ka la molema mme ha ke khone ho sebelisa sepata sa ka sa molema.,WHO,symptoms-complaints-v1,,reviewed,
4635,General Patient Education,"Deep breathing, meditation, and yoga can help reduce stress.","Ho hema ka botebo, ho nahanisisa, le yoga li ka thusa ho fokotsa khatello ea maikutlo.",WHO,general-patient-education-v1,,reviewed,
2071,Medication Instructions,"Keep the medicine away from children by storing it in a high, locked cupboard.","Boloka moriana hole le bana ka ho o boloka kabinete e phahameng, e koaletsoeng.",WHO,medication-instructions-v1,,reviewed,
4453,General Patient Education,Store your medication in a cool dry place away from sunlight.,Boloka moriana oa hao sebakeng se batang se omileng hole le leseli la letsatsi.,WHO,general-patient-education-v1,,reviewed,
4883,General Patient Education,Take your mental health medication every day as prescribed.,Nka moriana oa bophelo ba kelello letsatsi le leng le le leng joalo ka ha ho laetsoe.,WHO,general-patient-education-v1,,reviewed,
1636,Tuberculosis,Sputum collection should be done outdoors or in a well-ventilated area to reduce transmission risk.,Ho kgotha mathe ho lokela ho etsoa kantle kapa sebakeng se nang le moea o lekaneng ho fokotsa kotsi ea phetisetso.,WHO,tb-sputum-collection,,reviewed,
2480,Medication Instructions,"If you miss a dose of a topical medicine, apply it as soon as you remember.","Haeba u lahlehetsoe ke dose ea moriana oa letlalo, e sebelise hang hang ha u hopola.",WHO,medication-instructions-v1,,reviewed,
2266,Medication Instructions,This medicine may cause increased sensitivity to medications taken together.,Moriana ona o ka baka ho amehela haholo ho meriana e nkuoang hammoho.,WHO,medication-instructions-v1,,reviewed,
2960,Symptoms and Complaints,I have a burning sensation in my right ankle.,Ke na le maikutlo a ho chesa ankele ea ka ea le letona.,WHO,symptoms-complaints-v1,,reviewed,
4732,General Patient Education,You have the right to receive care regardless of your background.,O na le tokelo ea ho amohela tlhokomelo ntle le ho sheba morao oa hao.,WHO,general-patient-education-v1,,reviewed,
3060,Symptoms and Complaints,I am coughing up mucus with a salty taste.,Ke kohoa mucus e nang le tatso ea letsoai.,WHO,symptoms-complaints-v1,,reviewed,
2142,Medication Instructions,Stop taking this medicine and seek medical help if you develop a severe rash.,Emisa ho nka moriana ona mme u batla thuso ea ngaka haeba u ba le ho ruruha ha letlalo ho matla.,WHO,medication-instructions-v1,,reviewed,
3119,Symptoms and Complaints,I feel very uncomfortable and my abdomen is rigid.,Ke ikutloa ke sa ikutloe hantle haholo mme mpa ea ka e thatafetse.,WHO,symptoms-complaints-v1,,reviewed,
4726,General Patient Education,Brush and floss your teeth daily to prevent gum disease.,Kolobetsa le floss meno a hao letsatsi le leng le le leng ho thibela bolwetse ba meno.,WHO,general-patient-education-v1,,reviewed,
4046,Maternal and Child Health,I was told to go to the hospital if my waters break.,Ke ile ya tsibiswa ke tsamaye kongpong e kgabong ha metsi a ka ya tswalo a oela.,WHO,maternal-child-health-v1,,raw,
3357,Symptoms and Complaints,I have a decrease in eye pressure.,Ke na le ho fokotseha ha khatello ea leihlo.,WHO,symptoms-complaints-v1,,reviewed,
2745,Symptoms and Complaints,I have been feeling ill for a long time and am worried.,Ke ntse ke ikutloa ke kula nako e telele mme ke na le khathello.,WHO,symptoms-complaints-v1,,reviewed,
3507,Appointments and Follow-Up,I would like to make an appointment for a blood test.,Ke rata ho etsa appointment bakeng sa tlhahlobo ea mali.,WHO,appointments-followup-v1,,reviewed,
1680,Tuberculosis,You cannot get TB from shaking hands or touching surfaces.,Ha u khone ho fumana TB ka ho tobana ka matsoho kapa ho ama likaroloana.,CDC,tb-transmission-myths,,reviewed,
4250,Maternal and Child Health,My child has been diagnosed with eczema.,Ngoana oa ka o hlahlojoe ka eczema.,WHO,maternal-child-health-v1,,reviewed,
3148,Symptoms and Complaints,I have a pain in my lower abdomen that is worse when I press on it.,Ke na le mahloko mpeng ea ka e tlase a mpe ha ke e kama.,WHO,symptoms-complaints-v1,,reviewed,
2295,Medication Instructions,This medicine may increase the risk of bleeding when taken with aspirin.,Moriana ona o ka eketsa kotsi ea ho tsoa mali ha o nkoa le aspirin.,WHO,medication-instructions-v1,,reviewed,
581,HIV,Traditional beliefs about HIV must be addressed sensitively in HIV education.,Tshireletso ya setso ya HIV e tshwanetse go tsebiwa ka ho hloka tsotelle ho ithutelo ya HIV.,WHO,hiv-cultural-context,,raw,
1471,Tuberculosis,Weight gain during TB treatment is a positive indicator of treatment response.,Ho eketseha ha boima nakong ea phekolo ea TB ke sesupo se molemo sa karabelo ea phekolo.,WHO,tb-weight-gain,,reviewed,
4071,Maternal and Child Health,My contractions are coming every five minutes.,Konkepele ya ka e tla ngatalele ka maliboho a mashome a mahlano.,WHO,maternal-child-health-v1,,raw,
3344,Symptoms and Complaints,I have a rash on my inner thighs that is very moist.,Ke na le ho ruruha ha letlalo liropeng tsa ka tsa ka hare ho metsi haholo.,WHO,symptoms-complaints-v1,,reviewed,
4584,General Patient Education,Exercise helps maintain a healthy weight.,Ho itlama ho thusa ho boloka boima bo botle.,WHO,general-patient-education-v1,,reviewed,
3673,Appointments and Follow-Up,The nurse checked my temperature at the appointment.,Mooki o hlahlobile mocheso oa ka appointment.,WHO,appointments-followup-v1,,reviewed,
560,HIV,Cat litter boxes should be cleaned by someone else if you are HIV-positive with a low CD4 count.,"Dipate tsa kare e tšwelaletsweng e etselewe ke motho e mong, ha u le motho u nang le HIV le CD4 e tlase.",CDC_HIVNexus,hiv-toxoplasmosis-prevention,,raw,
2850,Symptoms and Complaints,I have a throbbing headache on one side of my head.,Ke na le mahloko a ho otla hlooho lehlakoreng le le leng la hlooho ea ka.,WHO,symptoms-complaints-v1,,reviewed,
513,HIV,Parents and caregivers should be supported to talk to their children about HIV.,Babusi le ba thusang ho thusa bana ba bona ka HIV.,UNICEF,hiv-parent-education,,raw,
1082,Tuberculosis,Stool-based GeneXpert testing is an emerging non-invasive method for diagnosing TB in children.,Ho lekoa ha GeneXpert ho thehiloeng holim'a manyolo ke mokoa o sa keneng ka hare o hlahang oa ho fumana TB ho bana.,WHO,tb-stool-genexpert,,reviewed,
1665,Tuberculosis,Only about five to ten percent of people with latent TB will develop active disease.,Batho ba mahlano ho isa ho leshome feela ho pesente ba nang le TB e patileng ba tla ba le bolwetse bo sebetsang.,CDC,tb-latent-progression,,reviewed,
1013,Tuberculosis,"Extrapulmonary TB can affect the lymph nodes, pleura, bones, joints, and central nervous system.","TB ea kantle ho matšoafo e ka angoa li-lymph node, pleura, masapo, maqhoa, le tsamaiso ea bohareng ea methapo.",WHO,tb-extrapulmonary,,reviewed,
1932,Medication Instructions,Take two tablets three times daily for seven days.,Nka lipilisi tse peli habeli ka letsatsi ka matsatsi a supileng.,WHO,medication-instructions-v1,,reviewed,
1151,Tuberculosis,Directly observed treatment involves a healthcare worker or trained supporter watching the patient take each dose.,Phekolo e shebilloeng ka kotloloho e kenyelletsa mosebetsi oa bophelo bo botle kapa motshehetsi o koetlisitsoeng ho sheba mokuloi ha a nka dose le 'ngoe le e 'ngoe.,CDC,tb-dot,,reviewed,
2839,Symptoms and Complaints,I have been having episodes of sudden vision changes.,Ke ntse ke na le linako tsa liphetoho tsa pono ka tšohanyetso.,WHO,symptoms-complaints-v1,,reviewed,
117,HIV,All babies born to HIV-positive mothers should be tested for HIV at six weeks of age.,Masea ohle a hlahileng ho bo-'m'e ba phelang le HIV ba lokela ho hlahlobeloa HIV ha ba le libeke tse tšeletseng.,WHO,pmtct-infant-testing,,reviewed,
741,HIV,Menstrual hygiene management is linked to sexual health and HIV risk in adolescent girls.,Taolo ea bohloeki ba khoeli e amahanngoa le bophelo bo botle ba thobalano le kotsi ea HIV ho banana ba bacha.,UNICEF,hiv-menstrual-hygiene,,reviewed,
4807,General Patient Education,Do not use oil-based lubricants with latex condoms.,O se ke oa sebelisa li-lubricant tse thehiloeng ho oli le li-condom tsa latex.,WHO,general-patient-education-v1,,reviewed,
3676,Appointments and Follow-Up,The doctor asked about my diet and exercise habits.,Ngaka e botšitse ka mekhoa ea ka ea lijo le ho itlama.,WHO,appointments-followup-v1,,reviewed,
831,HIV,A positive HIV self-test result must always be confirmed at a health facility.,Sephetho se molemo sa ho itlhahlobeloa HIV se lokela kamehla ho netefatsoa kamoreng ea bophelo bo botle.,WHO,hiv-self-testing-confirmation,,reviewed,
120,HIV,Mixed feeding of breast milk and formula increases the risk of HIV transmission to the baby.,Ho fepa ngoana ka ho kopanya lebese la 'm'e le la moroetsana (formula) ho eketsa kotsi ea ho fetisetsa HIV ho ngoana.,WHO,pmtct-infant-feeding,,reviewed,
4854,General Patient Education,"Healthy relationships are built on trust, respect, and communication.","Likamano tse ntle li thehiloe ho tšepo, hlompho, le puisano.",WHO,general-patient-education-v1,,reviewed,
4739,General Patient Education,You have the right to privacy during your medical examination.,O na le tokelo ea sephiri nakong ea tlhahlobo ea hao ea bongaka.,WHO,general-patient-education-v1,,reviewed,
636,HIV,ART should be initiated on the same day as HIV diagnosis whenever possible.,ART e lokela ho qaloa letsatsi le leng la ho fuoa HIV neng kapa neng ha ho khoneha.,WHO,art-same-day-initiation,,reviewed,
4466,General Patient Education,Use an alcohol-based hand sanitiser when soap is not available.,Sebelisa sanitiser ea matsoho e thehiloeng ho joala ha sesepa se sa fumanehe.,WHO,general-patient-education-v1,,reviewed,
4365,Maternal and Child Health,I was advised to get tested for STIs before starting a new contraceptive.,Ke keletsoeng ho hlahlojoa bakeng sa li-STI pele ho qala mokhoa o mocha oa thibelo ea ho mitsa.,WHO,maternal-child-health-v1,,reviewed,
4143,Maternal and Child Health,I was told to use condoms consistently to prevent HIV.,Ke neile tsebiso ya ho tsoma condom ka tsela e itseng gore ke ke ke kgona ho tsoma HIV.,WHO,maternal-child-health-v1,,raw,
992,HIV,Migrants and refugees may face legal and language barriers to accessing HIV testing and treatment.,Baahi ba fetang le baphaphathehi ba ka tobana le meqoqo ea molao le ea puo ho fihlella liteko tsa HIV le phekolo.,UNAIDS,hiv-migrants,,reviewed,
877,HIV,Language matters in HIV — avoid terms like AIDS victim or HIV sufferer.,Puo e bohlokoa ho HIV — hana mantsoe a joalo ka setšoaetsi sa AIDS kapa mohlokofatsuoa ke HIV.,UNAIDS,hiv-language-stigma,,reviewed,
5,HIV,ART does not cure HIV but it controls the virus and protects your immune system.,"Phekolo ea lithibela-mafofore (ART) ha e phekole HIV ho e qeta, empa e laola kokwanahloko le ho ts'ireletsa sesole sa mmele sa hau.",CDC_HIVNexus,art-overview,,reviewed,
3052,Symptoms and Complaints,I am coughing up thick mucus with a bad smell.,Ke kohoa mucus e teteaneng e nang le monko o mobe.,WHO,symptoms-complaints-v1,,reviewed,
3125,Symptoms and Complaints,I feel very bloated and my clothes feel tight.,Ke ikutloa ke tletse moea haholo mme liaparo tsa ka li ikutloa li tšoaroe.,WHO,symptoms-complaints-v1,,reviewed,
2661,Medication Instructions,Do not take your medicine with omega-6 supplements unless instructed.,U se ke ua nka moriana oa hau le lisebelisoa tsa omega-6 ntle le haeba ho laetsoe.,WHO,medication-instructions-v1,,reviewed,
2492,Medication Instructions,Give the medicine with a small amount of food if your child refuses to take it.,Fana ka moriana le lijo tse nyenyane haeba ngoana oa hau a hana ho o nka.,WHO,medication-instructions-v1,,reviewed,
3855,Appointments and Follow-Up,I want to ask for a copy of my test results.,Ke rata ho kopa kopi ea liphetho tsa tlhahlobo ea ka.,WHO,appointments-followup-v1,,reviewed,
1716,Tuberculosis,Point-of-care TB diagnostics bring testing closer to patients in remote settings.,Litlhahlobo tsa TB tsa sebaka sa tlhokomelo li tlisa liteko haufi le bakuli libakeng tse hole.,WHO,tb-poc-diagnostics,,reviewed,
1149,Tuberculosis,FDC tablets reduce the pill burden and improve adherence in TB patients.,Lipilisi tsa FDC li fokotsa morwalo oa lipilisi le ho ntlafatsa ho latela ho bakuli ba TB.,WHO,tb-fdc-adherence,,reviewed,
3262,Symptoms and Complaints,I have difficulty with my emotions and feel very irritable.,Ke na le bothata ba maikutlo mme ke ikutloa ke halefile haholo.,WHO,symptoms-complaints-v1,,reviewed,
575,HIV,Tell your healthcare provider if you are struggling to afford your medicines.,Tsebisa mmusi wa bophelo hao hore o swere o nyopa ka ho reka dintho tsa hao tsa bophelo.,WHO,hiv-clinic-communication,,raw,
3770,Appointments and Follow-Up,I was reminded that I can complain if I am not treated well.,Ke khumamisitsoe hore nka ngongorehela haeba ha ke phethoe hantle.,WHO,appointments-followup-v1,,reviewed,
3737,Appointments and Follow-Up,I was told to bring all my medications to the follow-up.,Ke boletsoe ho tlisa meriana ea ka yohle ho latela.,WHO,appointments-followup-v1,,reviewed,
4147,Maternal and Child Health,I was told to return to the clinic if I develop any complications.,Ke neile tsebiso ya ho bulela kwenye kantora ya bongaka ha ke na le bothata bobele.,WHO,maternal-child-health-v1,,raw,
854,HIV,Peer support groups for HIV-positive adolescents improve adherence and mental health.,Lihlopha tsa tshehetso ea bahlankana bakeng sa bacha ba nang le HIV li ntlafatsa ho latela le bophelo ba kelello.,UNICEF,hiv-adolescent-peer-support,,reviewed,
1983,Medication Instructions,Apply the medicated shampoo to wet hair and leave for five minutes.,Sebelisa shampoo ea moriana moriring o metsi mme u e siee ka metsotso e mehlano.,WHO,medication-instructions-v1,,reviewed,
2775,Symptoms and Complaints,I have been having episodes of sudden hot and cold feelings.,Ke ntse ke na le linako tsa maikutlo a ho chesa le ho batela ka tšohanyetso.,WHO,symptoms-complaints-v1,,reviewed,
1167,Tuberculosis,Patients should take TB medication with food to reduce nausea.,Bakuli ba lokela ho nka meriana ea TB le lijo ho fokotsa ho nyakeloa.,DOH_SA,tb-nausea-management,,reviewed,
972,HIV,Long-acting injectable ART formulations are an emerging option for patients who struggle with daily oral dosing.,Mefuta ea ART ea ho kenya ka mesipi e sebetsang nako e telele ke khetho e hlahang bakeng sa bakuli ba tobanang le mathata a ho nka meriana ea molomo letsatsi le leng le le leng.,NIH_HIVinfo,art-long-acting,,reviewed,
2702,Symptoms and Complaints,I feel very tired and weak all the time.,Ke ikutloa ke lapetse haholo le ho fokotsehela nako tsohle.,WHO,symptoms-complaints-v1,,reviewed,
4496,General Patient Education,Avoid walking barefoot in areas with animal waste.,Hana ho tsamaea o sa apere lieta sebakeng se nang le molapo oa liphoofolo.,WHO,general-patient-education-v1,,reviewed,
3848,Appointments and Follow-Up,I would like to know when I can return to work.,Ke rata ho tseba nako eo nka khutlela mosebetsing.,WHO,appointments-followup-v1,,reviewed,
2369,Medication Instructions,This medicine may interact with tricyclic antidepressant drugs; inform your doctor.,Moriana ona o ka kopana le meriana ea tricyclic antidepressant; tsebisa ngaka ea hau.,WHO,medication-instructions-v1,,reviewed,
4116,Maternal and Child Health,I have cracked and sore nipples from breastfeeding.,Ke na le mabele a matsoho a bolaelang le a masweu ka ho nka.,WHO,maternal-child-health-v1,,raw,
4132,Maternal and Child Health,My baby tested positive for HIV and was started on treatment.,Ngoanana wa ka o ile a nyahamiswe e le ya HIV mme a qalilwe ho tseba ditshenyeho.,WHO,maternal-child-health-v1,,raw,
2951,Symptoms and Complaints,I have pain in my left shoulder that radiates to my arm.,Ke na le mahloko hetleng ea ka ea molema a isisoang lephakeng la ka.,WHO,symptoms-complaints-v1,,reviewed,
525,HIV,Investing in HIV prevention is more cost-effective than treating advanced HIV disease.,Go loma ka tshohle ho HIV ke tsela e ntle ya theko ho feta ho tshwaetsa HIV e tswetseng pele.,UNAIDS,hiv-prevention-investment,,raw,
2456,Medication Instructions,"If you miss a dose of an eye drop, instil it as soon as you remember.","Haeba u lahlehetsoe ke dose ea litšoelelo tsa leihlo, li kenya hang hang ha u hopola.",WHO,medication-instructions-v1,,reviewed,
1842,Medication Instructions,Take the medication at evenly spaced intervals throughout the day.,Nka moriana ka linako tse lekanang ho pholletsa le letsatsi.,WHO,medication-instructions-v1,,reviewed,
538,HIV,Diabetes is more common in people living with HIV on long-term ART.,Diabetes ke e 'ngoe ea tsebo ea batho ba phelang le HIV ba nang le ART ya mafolofolo.,NIH_HIVinfo,hiv-diabetes,,raw,
2807,Symptoms and Complaints,I have been having episodes of sudden severe pain.,Ke ntse ke na le linako tsa mahloko a matla ka tšohanyetso.,WHO,symptoms-complaints-v1,,reviewed,
4342,Maternal and Child Health,I would like information about the contraceptive patch.,Ke rata tlhahisoleseling ka patch ea thibelo ea ho mitsa.,WHO,maternal-child-health-v1,,reviewed,
3176,Symptoms and Complaints,I feel very sick and my abdomen is very hard and rigid.,Ke ikutloa ke kula haholo mme mpa ea ka e thata haholo le ho thatafala.,WHO,symptoms-complaints-v1,,reviewed,
785,HIV,Strengthening health systems is essential for a sustainable HIV response.,Ho matlafatsa mekgwa ea bophelo bo botle ho bohlokoa bakeng sa karabelo ea HIV e tsoelang pele.,WHO,hiv-health-systems-strengthening,,reviewed,
4058,Maternal and Child Health,I was told I have too little fluid around my baby.,Ke ile ka laledwa hore ke na le metsi a kholo kwa borarong.,WHO,maternal-child-health-v1,,raw,
1410,Tuberculosis,LTBI is diagnosed using the tuberculin skin test or interferon-gamma release assay.,LTBI e fumanoa ka ho sebelisa tlhahlobo ea letlalo ea tuberculin kapa assay ea ho lokolla interferon-gamma.,CDC,tb-ltbi-diagnosis,,reviewed,
2538,Medication Instructions,Give the medicine to the child with a small amount of formula for infants.,Fana ka moriana ho ngoana le formula e nyenyane bakeng sa bana ba banyenyane.,WHO,medication-instructions-v1,,reviewed,
155,HIV,Food insecurity can make it harder for people living with HIV to take their medicines.,Ho hloka ts'ireletso ea lijo (food insecurity) ho ka etsa hore ho be boima haholo ho batho ba phelang le HIV ho nka meriana ea bona ka nepo.,WHO,hiv-food-security,,reviewed,
3010,Symptoms and Complaints,I feel a sharp pain in my chest when I cough.,Ke ikutloa mahloko a bohale sefubeng ha ke kohoa.,WHO,symptoms-complaints-v1,,reviewed,
1687,Tuberculosis,Pasteurising milk kills Mycobacterium bovis and prevents bovine TB transmission.,Ho phethisa lebese ho bolaea Mycobacterium bovis le ho thibela phetisetso ea TB ea likhomo.,WHO,tb-bovine-prevention,,reviewed,
2902,Symptoms and Complaints,I have a sharp pain in my upper abdomen.,Ke na le mahloko a bohale mpeng ea ka e holimo.,WHO,symptoms-complaints-v1,,reviewed,
4950,General Patient Education,Know how to perform cardiopulmonary resuscitation.,Tseba ho etsa cardiopulmonary resuscitation.,WHO,general-patient-education-v1,,reviewed,
3864,Appointments and Follow-Up,I would like to know if I can collect my medication at a pharmacy.,Ke rata ho tseba haeba nka kga moriana oa ka pharmacying.,WHO,appointments-followup-v1,,reviewed,
2734,Symptoms and Complaints,I feel very dehydrated and my mouth is dry.,Ke ikutloa ke hlokile metsi haholo mme molomo oa ka o omile.,WHO,symptoms-complaints-v1,,reviewed,
1896,Medication Instructions,Take one tablet twice daily for four weeks.,Nka pilisi e le ngoe habeli ka letsatsi ka libeke tse nne.,WHO,medication-instructions-v1,,reviewed,
570,HIV,Serodiscordant couples should discuss their prevention strategy with their healthcare provider.,Basali ba serodiscordant ba tshwanetse ho bua le morui wa tsona ka thuso ya ho chaba.,CDC_HIVNexus,hiv-serodiscordant-prevention,,raw,
1817,Medication Instructions,Take one tablet daily without missing any doses.,Nka pilisi e le ngoe letsatsi le leng le le leng ntle le ho lahleheloa ke li-dose.,WHO,medication-instructions-v1,,reviewed,
2066,Medication Instructions,Do not expose the medication to temperatures above 40°C.,U se ke ua hlahisa moriana mochesong o holimo ho 40°C.,WHO,medication-instructions-v1,,reviewed,
128,HIV,Immune reconstitution inflammatory syndrome can occur when ART is started in people with TB.,Lebitso la lefu la ho ruruha ha mmele ha o qala ART (Immune reconstitution inflammatory syndrome - IRIS) le ka hlaha ha motho ea nang le lefuba (TB) a qala kalafo ea ART.,NIH_HIVinfo,iris,,reviewed,
3395,Symptoms and Complaints,I have been waking up at night to urinate.,Ke ntse ke tsoa boroko bosiu ho ea morota.,WHO,symptoms-complaints-v1,,reviewed,
3328,Symptoms and Complaints,I have a rash on my toes that is very itchy.,Ke na le ho ruruha ha letlalo menwaneng ea maoto a ka ho hlohlonang haholo.,WHO,symptoms-complaints-v1,,reviewed,
4987,General Patient Education,Always read the dosage instructions before taking any medication.,Bala litaelo tsa dose kamehla pele ho nka moriana ofe kafe.,WHO,general-patient-education-v1,,reviewed,
2976,Symptoms and Complaints,I have a dull ache in my right ankle.,Ke na le mahloko a fokolang ankele ea ka ea le letona.,WHO,symptoms-complaints-v1,,reviewed,
981,HIV,Toxoplasma encephalitis can occur in HIV-positive patients with CD4 counts below 100 cells/mm³.,Toxoplasma encephalitis e ka etsahala ho bakuli ba nang le HIV ba nang le palo ea CD4 e tlase ho lisele tse 100 ka mm³.,NIH_HIVinfo,hiv-toxoplasma,,reviewed,
2301,Medication Instructions,This medicine may interact with antiepileptic drugs; monitor drug levels.,Moriana ona o ka kopana le meriana ea antiepileptic; hlahloja maemo a meriana.,WHO,medication-instructions-v1,,reviewed,
191,HIV,Unprotected sex with an HIV-positive partner is the most common way HIV is transmitted.,Ho kopana thobalano ho sa sireletsehang le molekane ea nang le HIV ke eona tsela e tloaelehileng haholo eo HIV e fetisoang ka eona.,WHO,hiv-transmission,,reviewed,
1140,Tuberculosis,"Haematogenous spread of TB bacteria leads to miliary TB, with tiny lesions throughout the body.","Phatlalalo ea bakteria ea TB ka mali e lebisa ho TB ea miliary, e nang le maqeba a manyenyane 'meleng ka bophara.",NIH,tb-haematogenous-spread,,reviewed,
700,HIV,Countries can achieve EMTCT validation when transmission rates fall below two percent.,Linaha li ka fihlela netefatso ea EMTCT ha likhato tsa phetisetso li theohela tlase ho pesente tse peli.,WHO,pmtct-emtct,,reviewed,
4781,General Patient Education,Apply for a disability grant if your condition prevents you from working.,Etsa kopo ea phallelo ea bokooa haeba boemo ba hao bo o thibela ho sebetsa.,WHO,general-patient-education-v1,,reviewed,
607,HIV,Mobile phone reminders and SMS messages can improve ART adherence.,Litemoso tsa mohala le melaetsa ea SMS li ka ntlafatsa ho latela ART.,WHO,hiv-adherence-technology,,reviewed,
4277,Maternal and Child Health,I was told not to give my baby sugary drinks or juice.,Ke boletsoe ho se fe ngoana oa ka lino tse nang le tsoekere kapa juice.,WHO,maternal-child-health-v1,,reviewed,
302,HIV,HIV-positive children may experience developmental delays that require early intervention.,Bana ba nang le HIV ba ka ba le mathata a ho feta a bophelo ba tsotobeng a hlokang thuso e eketsegang.,UNICEF,hiv-paediatric-development,,raw,
3421,Symptoms and Complaints,I have frothy urine.,Ke na le moroto o nang le liporo.,WHO,symptoms-complaints-v1,,reviewed,
4821,General Patient Education,Treat all sexually transmitted infections promptly and completely.,Alafa tšoaetso tsohle tse fetisanang ka thobalano kapele le ka botlalo.,WHO,general-patient-education-v1,,reviewed,
1061,Tuberculosis,TB diagnosis is confirmed by detecting Mycobacterium tuberculosis in sputum or other clinical specimens.,Tlhahlobo ea TB e netefatsoa ka ho fumana Mycobacterium tuberculosis mathe kapa lisampole tse ling tsa kliniki.,WHO,tb-diagnosis,,reviewed,
2566,Medication Instructions,Give the medicine to the child with a small amount of diluted juice if needed.,Fana ka moriana ho ngoana le moerane o fokotsoeng o monyenyane haeba ho hlokeha.,WHO,medication-instructions-v1,,reviewed,
4995,General Patient Education,A healthy gut microbiome supports your immune system and overall health.,Microbiome e ntle ea mala e tshehetsa tšireletso ea 'mele oa hao le bophelo ba hao ka bophara.,WHO,general-patient-education-v1,,reviewed,
1070,Tuberculosis,The tuberculin skin test (TST) detects immune sensitisation to TB antigens but cannot distinguish latent from active TB.,Tlhahlobo ea letlalo ea tuberculin (TST) e fumana ho amehela ha tšireletso ea 'mele ho li-antigen tsa TB empa e ke ke ea arola TB e patileng le e sebetsang.,CDC,tb-tst,,reviewed,
2525,Medication Instructions,Do not give the medicine to a child who is febrile without first measuring the temperature.,U se ke ua fana ka moriana ho ngoana ea nang le feberu ntle le ho lekola mocheso pele.,WHO,medication-instructions-v1,,reviewed,
2206,Medication Instructions,This medicine may cause increased sensitivity to pain.,Moriana ona o ka baka ho amehela haholo mahlokong.,WHO,medication-instructions-v1,,reviewed,
1244,Tuberculosis,Serum potassium and magnesium should be monitored in patients on bedaquiline.,Maemo a potassium le magnesium maling a lokela ho behoa leihlo ho bakuli ba sebelisang bedaquiline.,WHO,tb-bedaquiline-monitoring,,reviewed,
17,HIV,Setting a daily alarm can help you remember to take your HIV medicine.,Ho jala alamo ea letsatsi le leng le le leng ho ka u thusa ho hopola ho nwa moriana oa hau oa HIV.,NHS,art-adherence-tools,,reviewed,
3121,Symptoms and Complaints,I have a burning pain in my lower abdomen.,Ke na le mahloko a ho chesa mpeng ea ka e tlase.,WHO,symptoms-complaints-v1,,reviewed,
4643,General Patient Education,"Common chronic diseases include diabetes, hypertension, and asthma.","Mahlwetse a tloaelehileng a tsoelang pele a kenyelletsa tsoekere, khatello e phahameng ea mali, le asthma.",WHO,general-patient-education-v1,,reviewed,
816,HIV,Your HIV medicine is working very well and your viral load is undetectable.,Meriana ea HIV ea hau e sebetsa hantle haholo mme viral load ea hau ha e fumanehe.,clinical_fieldwork,clinician-patient-communication,,reviewed,
3068,Symptoms and Complaints,I am coughing up mucus with a metallic taste.,Ke kohoa mucus e nang le tatso ea tšepe.,WHO,symptoms-complaints-v1,,reviewed,
4785,General Patient Education,Know your rights and use the health services available to you.,Tseba litokelo tsa hao mme u sebelise litšebeletso tsa bophelo bo botle tse fumanehang ho uena.,WHO,general-patient-education-v1,,reviewed,
960,HIV,Harm reduction strategies such as needle exchange programmes reduce HIV risk among people who inject drugs.,Maano a ho fokotsa kotsi a joalo ka mananeo a phapano ea mesipi a fokotsa kotsi ea HIV ho batho ba kenyang meriana ka mesipi.,WHO,hiv-harm-reduction,,reviewed,
226,HIV,HIV stigma is one of the biggest barriers to HIV prevention and treatment.,Kekello ea HIV ke e 'ngoe ea meqoqo e meholo ka ho fetisisa ea ho thibela le phekolo ea HIV.,UNAIDS,hiv-stigma,,reviewed,
3355,Symptoms and Complaints,I have an increase in eye pressure.,Ke na le ho eketseha ha khatello ea leihlo.,WHO,symptoms-complaints-v1,,reviewed,
2486,Medication Instructions,Do not give adult tablets to children; use the paediatric formulation.,U se ke ua fana ka lipilisi tsa batho ba baholo ho bana; sebelisa sebopeho sa bana.,WHO,medication-instructions-v1,,reviewed,
563,HIV,An HIV-positive partner with an undetectable viral load cannot transmit HIV sexually.,Mong a nang le HIV le viral load e sa tsotellang ha a ka kwa a tsotella HIV ka tsela ya sex.,UNAIDS,hiv-u-equals-u,,raw,
3437,Symptoms and Complaints,I have a lump in my prostate.,Ke na le sekhulo prostateng ea ka.,WHO,symptoms-complaints-v1,,reviewed,
1694,Tuberculosis,TB screening at entry points such as borders helps identify cases in migrant populations.,Ho hlahlobeloa ha TB meeling ea ho kenela joalo ka meeling ea linaha ho thusa ho tseba liketsahalo ho sechaba sa baahi ba fetang.,WHO,tb-border-screening,,reviewed,
1046,Tuberculosis,Chest pain and difficulty breathing can occur in TB patients with pleural involvement.,Mahloko a sefubeng le bothata ba ho hema li ka etsahala ho bakuli ba TB ba nang le bothata ba pleura.,WHO,tb-pleural,,reviewed,
3447,Symptoms and Complaints,I have a feeling of pain in my urethra.,Ke na le maikutlo a mahloko urethrang ea ka.,WHO,symptoms-complaints-v1,,reviewed,
4566,General Patient Education,Social grants and food assistance programmes are available to those in need.,Liphallelo tsa sechaba le mananeo a thuso ea lijo li fumaneha ho ba ba hlokang.,WHO,general-patient-education-v1,,reviewed,
955,HIV,Pre-exposure prophylaxis (PrEP) reduces the risk of HIV infection in HIV-negative individuals.,Prophylaxis pele ho ho hlahisoa (PrEP) e fokotsa kotsi ea tšoaetso ea HIV ho batho ba se nang HIV.,WHO,hiv-prep,,reviewed,
4986,General Patient Education,Over-the-counter medications can have serious side effects if misused.,Meriana e rekisoang ntle le prescription e ka ba le litlamorao tse matla haeba e sebelisoa hampe.,WHO,general-patient-education-v1,,reviewed,
2736,Symptoms and Complaints,I feel my energy levels are very low.,Ke ikutloa maemo a matla a ka a tlase haholo.,WHO,symptoms-complaints-v1,,reviewed,
4904,General Patient Education,Schools should provide mental health support for learners.,Likolo li lokela ho fana ka tshehetso ea bophelo ba kelello bakeng sa baithuti.,WHO,general-patient-education-v1,,reviewed,
4736,General Patient Education,You have the right to receive care regardless of your disability.,O na le tokelo ea ho amohela tlhokomelo ntle le ho sheba bokooa ba hao.,WHO,general-patient-education-v1,,reviewed,
4824,General Patient Education,Regular STI testing is recommended for sexually active people.,Ho hlahlojoa bakeng sa li-STI ka mehla ho khothaletsoa bakeng sa batho ba kopanang ka thobalano.,WHO,general-patient-education-v1,,reviewed,
1219,Tuberculosis,Elderly patients may require dose adjustments of TB drugs due to reduced kidney and liver function.,Bakuli ba hōlileng ba ka ’na ba hloka ho fetoleloa litekanyetso tsa meriana ea TB ka lebaka la ho fokotseha ha tšebetso ea liphio le sebete.,NIH,tb-elderly-dosing,,reviewed,
1528,Tuberculosis,TB diagnosis in children can be challenging because they may not produce sputum easily.,Tlhahlobo ea TB ho bana e ka ba thata hobane ba ka nna ba sa hlahise mathe bonolo.,WHO,tb-children-diagnosis,,reviewed,
3988,Appointments and Follow-Up,I am determined to complete my full course of treatment.,Ke ikemiseditse ho phetela khoroso yohle ea phekolo ea ka.,WHO,appointments-followup-v1,,reviewed,
1301,Tuberculosis,Poor quality TB drugs can contribute to treatment failure and the development of drug resistance.,Meriana ea TB ea boleng bo bobe e ka kenya letsoho ho hloleheng ha kalafo le ho hlaha ha ho hanana le meriana.,WHO,tb-drug-quality,,reviewed,
4892,General Patient Education,Spend time in nature to improve your mood and reduce stress.,Sebelisa nako tlholehing ho ntlafatsa maikutlo a hao le ho fokotsa khatello ea maikutlo.,WHO,general-patient-education-v1,,reviewed,
161,HIV,People living with HIV are at higher risk of cardiovascular disease.,Batho ba phelang le HIV ba kotsing e phahameng haholo ea ho tšoaroa ke mafu a pelo le methapo ea mali (cardiovascular disease).,NIH_HIVinfo,hiv-long-term-complications,,reviewed,
4068,Maternal and Child Health,I was advised to prepare a hospital bag before my due date.,Ke ile ya tsibiswe ho iphaletsa sakahepe ya hospital pele ke fihlela letsatsi la ho tswa ntlele.,WHO,maternal-child-health-v1,,raw,
957,HIV,Voluntary medical male circumcision reduces the risk of female-to-male HIV transmission by up to 60%.,Ho ritoa ha banna ka boithatelo ho fokotsa kotsi ea phetisetso ea HIV ho tsoa ho basali ho ea ho banna ka ho fihla pesente ea 60.,WHO,hiv-vmmc,,reviewed,
3792,Appointments and Follow-Up,I have to call the clinic helpline if I have urgent questions.,Ke tlameha ho letsetsa mohala oa thuso ea kliniki haeba ke na le lipotso tsa potlako.,WHO,appointments-followup-v1,,reviewed,
3235,Symptoms and Complaints,I have been having episodes of sudden severe hip pain.,Ke ntse ke na le linako tsa mahloko a matla a letheho ka tšohanyetso.,WHO,symptoms-complaints-v1,,reviewed,
2870,Symptoms and Complaints,I have a sharp pain in my right lower abdomen.,Ke na le mahloko a bohale mpeng ea ka e tlase lehlakoreng la le letona.,WHO,symptoms-complaints-v1,,reviewed,
3778,Appointments and Follow-Up,I should keep a record of my symptoms before the appointment.,Ke lokela ho boloka rekoto ea matšoao a ka pele ho appointment.,WHO,appointments-followup-v1,,reviewed,
4434,General Patient Education,Screening tests help detect diseases before symptoms appear.,Litlhahlobo tsa ho hlahloba li thusa ho fumana mahlwetse pele matšoao a hlaha.,WHO,general-patient-education-v1,,reviewed,
2962,Symptoms and Complaints,I have a sharp pain in my left ankle.,Ke na le mahloko a bohale ankele ea ka ea molema.,WHO,symptoms-complaints-v1,,reviewed,
2201,Medication Instructions,Seek medical attention if you develop signs of a blood clot such as leg swelling.,Batla tlhokomelo ea ngaka haeba u ba le lišoaetso tsa ho tšoaroa ha mali joalo ka ho ruruha ha leoto.,WHO,medication-instructions-v1,,reviewed,
99,HIV,Community health workers play an important role in supporting people on ART.,Basebeletsi ba bophelo bo botle ba sechaba ba na le karolo e bohlokoa haholo eo ba e bapalang ho tšehetsa batho ba ntseng ba nka liphekolo tsa ART.,WHO,hiv-community-support,,reviewed,
2558,Medication Instructions,Give the medicine to the child with a small amount of water to wash it down.,Fana ka moriana ho ngoana le metsi a manyenyane ho o hlatsoa.,WHO,medication-instructions-v1,,reviewed,
3184,Symptoms and Complaints,I have a pain in my lower right abdomen that radiates to my groin.,Ke na le mahloko mpeng ea ka e tlase ea le letona a isisoang groineng ea ka.,WHO,symptoms-complaints-v1,,reviewed,
254,HIV,Youth-friendly health services encourage adolescents to seek HIV testing and treatment.,Litshebeletso tsa bophelo tse amohelang bacha li khothaletsa bacha ho batla liteko tsa HIV le phekolo.,WHO,hiv-youth-services,,reviewed,
3924,Appointments and Follow-Up,I need to ensure my treatment is not interrupted during the transfer.,Ke hloka ho netefatsa hore phekolo ea ka ha e khaotse nakong ea ho fetisoa.,WHO,appointments-followup-v1,,reviewed,
4200,Maternal and Child Health,My child has been having frequent diarrhoea.,Mwana wa ka o na diare tse mmalo.,WHO,maternal-child-health-v1,,raw,
1446,Tuberculosis,"Paediatric TB diagnosis requires a combination of clinical assessment, history of TB contact, and diagnostic tests.","Tlhahlobo ea TB ea bana e hloka kopano ea tlhahlobo ea kliniki, nalane ea kopano le TB, le liteko tsa ho fumana bolwetse.",WHO,tb-children-diagnosis-approach,,reviewed,
1649,Tuberculosis,The National Strategic Plan guides South Africa's response to tuberculosis.,Leano la Naha la Leano le etelela karabelo ea Afrika Boroa ho tuberculosis.,DOH_SA,tb-nsp,,reviewed,
4683,General Patient Education,Inform your employer and family about your epilepsy.,Tsebisa mong'a mosebetsi oa hao le lelapa la hao ka epilepsy ea hao.,WHO,general-patient-education-v1,,reviewed,
4724,General Patient Education,Seek medical attention if you notice changes in your hearing.,Batla tlhokomelo ea bongaka haeba o hona liphetoho kutlong ea hao.,WHO,general-patient-education-v1,,reviewed,
3992,Appointments and Follow-Up,I need to book an appointment for a follow-up after my hospital discharge.,Ke hloka ho buka appointment bakeng sa ho latela ka mor'a ho ntšoa sepetleleng.,WHO,appointments-followup-v1,,reviewed,
1697,Tuberculosis,Free TB testing is available at all public health clinics in South Africa.,Ho hlahlobeloa ha TB ha ho lefisoe ho fumaneha likhlinikhing tsohle tsa bophelo bo botle tsa sechaba Afrika Boroa.,DOH_SA,tb-free-testing,,reviewed,
3192,Symptoms and Complaints,I have difficulty remembering things and feel confused.,Ke na le bothata ba ho hopola lintho mme ke ikutloa ke tsieleha.,WHO,symptoms-complaints-v1,,reviewed,
4500,General Patient Education,Avoid contact with the blood or body fluids of other people.,Hana ho ama mali kapa metsi a 'mele a batho ba bang.,WHO,general-patient-education-v1,,reviewed,
1155,Tuberculosis,Nutritional support should be provided alongside TB treatment to improve outcomes.,Tshehetso ea phepo e lokela ho fanoa hammoho le phekolo ea TB ho ntlafatsa liphetho.,WHO,tb-nutrition-treatment,,reviewed,
2256,Medication Instructions,This medicine may cause a decrease in vitamin D levels with long-term use.,Moriana ona o ka baka ho fokotseha ha maemo a vitamin D ka tšebediso ea nako e telele.,WHO,medication-instructions-v1,,reviewed,
1683,Tuberculosis,A single infectious TB patient can infect 10 to 15 people per year if untreated.,Mokuloi o le mong oa TB ea fetisoang a ka tšoaetsa batho ba 10 ho isa ho 15 selemo le selemo haeba a sa phekoluoe.,WHO,tb-transmission-rate,,reviewed,
3171,Symptoms and Complaints,I have been having episodes of vomiting with blood.,Ke ntse ke na le linako tsa ho hlatsa le mali.,WHO,symptoms-complaints-v1,,reviewed,
2057,Medication Instructions,Keep the medicine in its original container with the lid tightly closed.,Boloka moriana setsing sa ona sa pele le sekoahelo se koaletse hantle.,WHO,medication-instructions-v1,,reviewed,
4091,Maternal and Child Health,I was discharged from the hospital two days after delivery.,Ke ile ka tswalwa hospitaling 2 matsatsi ka mora tswalo.,WHO,maternal-child-health-v1,,raw,
3109,Symptoms and Complaints,I have a burning sensation in my oesophagus.,Ke na le maikutlo a ho chesa oesophaguseng oa ka.,WHO,symptoms-complaints-v1,,reviewed,
4549,General Patient Education,A healthy diet supports your immune system and helps fight infection.,Phepo e ntle e tshehetsa tšireletso ea 'mele oa hao le ho thusa ho loa le tšoaetso.,WHO,general-patient-education-v1,,reviewed,
3724,Appointments and Follow-Up,The clinic sent me a message about my upcoming appointment.,Kliniki e nthumele molaetsa ka appointment ea ka e tlang.,WHO,appointments-followup-v1,,reviewed,
2050,Medication Instructions,Do not store in the bathroom or near a sink.,U se ke ua boloka bathurumeng kapa haufi le sink.,WHO,medication-instructions-v1,,reviewed,
3644,Appointments and Follow-Up,I am here for my one-month follow-up after starting treatment.,Ke teng bakeng sa ho latela ha khoeli e le ngoe ka mor'a ho qala phekolo.,WHO,appointments-followup-v1,,reviewed,
4928,General Patient Education,Traditional leaders can support health campaigns in their communities.,Baetapele ba setso ba ka tshehetsa likhampheini tsa bophelo bo botle sechababeng sa bona.,WHO,general-patient-education-v1,,reviewed,
624,HIV,HIV national strategic plans guide the response at country level.,Maano a naha a leano la HIV a etelela karabelo maemong a naha.,UNAIDS,hiv-national-strategy,,reviewed,
263,HIV,Investing in HIV prevention saves lives and reduces healthcare costs.,Ho khetha moralo wa HIV ho boloka matsoho a baholo ho fokotsa tshebeletso ya tshireletso ya bophelo.,UNAIDS,hiv-investment,,raw,
3370,Symptoms and Complaints,I have a rash that is accompanied by swelling.,Ke na le ho ruruha ha letlalo ho tsamaeang le ho ruruha.,WHO,symptoms-complaints-v1,,reviewed,
4062,Maternal and Child Health,I was advised to drink plenty of water during my pregnancy.,Ke ne ke ile ya tsibisa ho nwa metsi e mengata ha ho tswa ntlele kelello.,WHO,maternal-child-health-v1,,raw,
1803,Medication Instructions,Take one tablet in the morning and one at night.,Nka pilisi e le ngoe hoseng le e le ngoe bosiu.,WHO,medication-instructions-v1,,reviewed,
4737,General Patient Education,You have the right to an interpreter if you do not speak the local language.,O na le tokelo ea mofetoleli haeba ha o bue puo ea sebaka.,WHO,general-patient-education-v1,,reviewed,
4993,General Patient Education,Many serious diseases develop silently without obvious symptoms.,Mahlwetse a mangata a matla a hola ka khutsiso ntle le matšoao a hlakisehang.,WHO,general-patient-education-v1,,reviewed,
2386,Medication Instructions,Do not take a double dose to make up for a missed one.,U se ke ua nka dose e habeli ho ntšetsa pele e lahlehileng.,WHO,medication-instructions-v1,,reviewed,
1960,Medication Instructions,Administer the injection slowly into the muscle.,Fana ka ente butle ka hare ho mochine.,WHO,medication-instructions-v1,,reviewed,
2977,Symptoms and Complaints,I have pain in my right wrist that is worse when gripping.,Ke na le mahloko liqhekelleng la ka la le letona a mpe ha ke tšoara ka matla.,WHO,symptoms-complaints-v1,,reviewed,
489,HIV,All needlestick injuries must be reported immediately and PEP started within two hours.,Di-robalo tsohle tsa di-needle di ha swanetse e be e romelwe ka potlako mme PEP e theoe ka masolle a mabili.,WHO,hiv-occupational-pep,,raw,
1844,Medication Instructions,Take two tablets twice daily until the prescription is finished.,Nka lipilisi tse peli habeli ka letsatsi ho fihlela prescription e phela.,WHO,medication-instructions-v1,,reviewed,
1735,Tuberculosis,TB patients should be treated with compassion and without judgment.,Bakuli ba TB ba lokela ho phekoluoa ka kutloisiso le ntle le ho ahlola.,WHO,tb-compassionate-care,,reviewed,
2912,Symptoms and Complaints,I have a burning sensation in my lower abdomen.,Ke na le maikutlo a ho chesa mpeng ea ka e tlase.,WHO,symptoms-complaints-v1,,reviewed,
3220,Symptoms and Complaints,I have weakness in my neck and cannot hold my head up.,Ke na le ho fokotsehela molaleng mme ha ke khone ho tšoara hlooho ea ka holimo.,WHO,symptoms-complaints-v1,,reviewed,
147,HIV,Substance use disorders are more common in people living with HIV and need to be addressed.,Mafu a tšebeliso e mpe ea lino kapa lithethefatsi (substance use disorders) a tloaelehile haholo ho batho ba phelang le HIV mme ho hlokahala hore ho sebetsanoe le ona ka tieo.,NIH_HIVinfo,hiv-substance-use,,reviewed,
1987,Medication Instructions,Administer the intramuscular injection into the vastus lateralis in infants.,Fana ka ente ea ka hare ho mochine ka hare ho vastus lateralis ho bana ba banyenyane.,WHO,medication-instructions-v1,,reviewed,
1370,Tuberculosis,TB patients have the right to confidentiality and protection from discrimination.,Bakuli ba TB ba na le tokelo ea lekunutu le tšireletso khahlanong le khethollo.,WHO,tb-patient-rights,,reviewed,
2812,Symptoms and Complaints,I feel very ill and need to be examined by a doctor.,Ke ikutloa ke kula haholo mme ke hloka ho hlahlojoa ke ngaka.,WHO,symptoms-complaints-v1,,reviewed,
660,HIV,Viral load suppression rates are a key indicator of HIV programme performance.,Likhato tsa ho laoloa ha viral load ke sesupo se bohlokoa sa tšebetso ea lenaneo la HIV.,UNAIDS,hiv-programme-indicators,,reviewed,
1795,Tuberculosis,"TB peritonitis causes abdominal pain, swelling, and fever due to infection of the abdominal lining.","TB peritonitis e baka mahloko a mpa, ho ruruha, le feberu ka lebaka la tšoaetso ea letlalo la mpa.",WHO,tb-patch-final,,reviewed,
2512,Medication Instructions,Give the medicine to the child in a well-lit area to ensure the correct dose.,Fana ka moriana ho ngoana sebakeng se nang le lesedi le lekaneng ho netefatsa dose e nepahetseng.,WHO,medication-instructions-v1,,reviewed,
3398,Symptoms and Complaints,I have a discharge from my vagina that has a bad smell.,Ke na le seretse se tsoang vagineng ea ka se nang le monko o mobe.,WHO,symptoms-complaints-v1,,reviewed,
4283,Maternal and Child Health,I was told my child has a developmental delay.,Ke boletsoe hore ngoana oa ka o na le ho lieha ha kholo.,WHO,maternal-child-health-v1,,reviewed,
1148,Tuberculosis,Fixed-dose combination (FDC) tablets simplify TB treatment by combining multiple drugs in one pill.,Lipilisi tsa kopano ea dose e tsitsitseng (FDC) li bonofatsa phekolo ea TB ka ho kopanya meriana e mengata pilisini e le ngoe.,WHO,tb-fdc,,reviewed,
3273,Symptoms and Complaints,I have been having episodes of sudden severe big toe pain.,Ke ntse ke na le linako tsa mahloko a matla a monwana o moholo oa leoto ka tšohanyetso.,WHO,symptoms-complaints-v1,,reviewed,
609,HIV,Adherence counselling should be provided at every clinic visit not just at initiation.,Keletso ea ho latela e lokela ho fanoa letsetsong le leng le le leng la kliniki eseng ho qala feela.,WHO,hiv-adherence-counselling,,reviewed,
3583,Appointments and Follow-Up,Can I eat before my blood test appointment?,Na nka ja pele ho appointment ea tlhahlobo ea mali?,WHO,appointments-followup-v1,,reviewed,
1931,Medication Instructions,Take one capsule twice daily for fourteen days.,Nka capsule e le ngoe habeli ka letsatsi ka matsatsi a leshome le mane.,WHO,medication-instructions-v1,,reviewed,
198,HIV,Male condoms reduce the risk of HIV transmission by more than 90 percent when used correctly.,Likhohlopo tsa banna li fokotsa kotsi ea phetiso ea HIV ka liphesente tse fetang 90 ha li sebelisoa ka nepo.,WHO,hiv-condom-use,,reviewed,
2932,Symptoms and Complaints,I have a sharp pain in my left hip.,Ke na le mahloko a bohale lethekeng la ka la molema.,WHO,symptoms-complaints-v1,,reviewed,
2328,Medication Instructions,Avoid taking high-dose vitamin E supplements at the same time as this medicine.,Hana ho nka lisebelisoa tsa vitamin E tsa dose e phahameng ka nako e tšoanang le moriana ona.,WHO,medication-instructions-v1,,reviewed,
4390,Maternal and Child Health,I was told that the implant can be removed at any time.,Ke boletsoe hore implant e ka ntšoa nako efe kafe.,WHO,maternal-child-health-v1,,reviewed,
767,HIV,Several people have achieved long-term HIV remission after stem cell transplants.,Batho ba bang ba fihleletse ho khutlela morao ha HIV ha nako e telele ka mor'a ho fetisetsoa ha lisele tsa motheo.,NIH_HIVinfo,hiv-cure-cases,,reviewed,
4497,General Patient Education,Protect your skin from cuts and wounds to prevent infection.,Sireletsa letlalo la hao ho likhato le maqeba ho thibela tšoaetso.,WHO,general-patient-education-v1,,reviewed,
4219,Maternal and Child Health,My child has been having ear pain and discharge.,Ngoana oa ka o ntse a na le mahloko a tsebe le seretse.,WHO,maternal-child-health-v1,,reviewed,
3256,Symptoms and Complaints,I have weakness in my right leg and it drags when I walk.,Ke na le ho fokotsehela leotong la ka la le letona mme le ntse le khoromela ha ke tsamaea.,WHO,symptoms-complaints-v1,,reviewed,
203,HIV,Store condoms in a cool dry place away from direct sunlight.,Boloka likhohlopo sebakeng se pholileng se ommeng mme se hole le letsatsi le otlolohileng.,UNFPA,hiv-condom-use,,reviewed,
3511,Appointments and Follow-Up,I need to make an appointment for a follow-up on my medication.,Ke hloka ho etsa appointment bakeng sa ho latela moriana oa ka.,WHO,appointments-followup-v1,,reviewed,
1734,Tuberculosis,Children with TB have the right to continue their education during treatment.,Bana ba nang le TB ba na le tokelo ea ho tsoela pele thuto ea bona nakong ea phekolo.,DOH_SA,tb-children-education,,reviewed,
2778,Symptoms and Complaints,I feel my whole body is tired and sore.,Ke ikutloa 'mele oa ka ka bophara o lapetse le ho bohloka.,WHO,symptoms-complaints-v1,,reviewed,
1708,Tuberculosis,Sputum culture is the gold standard for confirming a TB diagnosis.,Culture ea mathe ke sesupo sa tšimong sa ho netefatsa tlhahlobo ea TB.,WHO,tb-culture,,reviewed,
3475,Symptoms and Complaints,I have a feeling of burning in my renal capsule.,Ke na le maikutlo a ho chesa renal capsuleng ea ka.,WHO,symptoms-complaints-v1,,reviewed,
855,HIV,School-based HIV education programmes reduce risky behaviour in adolescents.,Mananeo a thuto ea HIV a thehiloeng sekolong a fokotsa maitshwaro a kotsi ho bacha.,UNAIDS,hiv-school-education,,reviewed,
4738,General Patient Education,You have the right to have your cultural beliefs respected.,O na le tokelo ea ho hlomphuoa ha litumelo tsa hao tsa setso.,WHO,general-patient-education-v1,,reviewed,
4098,Maternal and Child Health,I was told not to give my baby water or formula.,Ke ile ya laledwa ke se ke ne ngwana wa ka metse kapa foromula.,WHO,maternal-child-health-v1,,raw,
2161,Medication Instructions,Seek medical attention if you develop a fever while taking this medicine.,Batla tlhokomelo ea ngaka haeba u ba le feberu ha u nka moriana ona.,WHO,medication-instructions-v1,,reviewed,
699,HIV,The elimination of mother-to-child transmission of HIV is a global health target.,Ho felisoa ha phetisetso ea HIV ho tsoa ho mme ho ea ho ngoana ke sepheo sa bophelo bo botle sa lefatše lohle.,UNAIDS,pmtct-elimination,,reviewed,
4948,General Patient Education,Keep a first aid kit at home and know how to use it.,Boloka sete ea thuso ea pele lapeng mme u tsebe ho e sebelisa.,WHO,general-patient-education-v1,,reviewed,
3000,Symptoms and Complaints,I am coughing up thick brown mucus.,Ke kohoa mucus e teteaneng e tšoeu-bosoeu.,WHO,symptoms-complaints-v1,,reviewed,
3697,Appointments and Follow-Up,The nurse updated my patient file at the appointment.,Mooki o ntlafatse faele ea ka ea mokuloi appointment.,WHO,appointments-followup-v1,,reviewed,
1637,Tuberculosis,TB triage at clinic entry helps identify and separate potentially infectious patients quickly.,Triage ea TB ha ho kenoa klinikhing e thusa ho tseba le ho arola bakuli ba ka fetisoang ka potlako.,DOH_SA,tb-triage,,reviewed,
3458,Symptoms and Complaints,I have a feeling of burning in my ureters.,Ke na le maikutlo a ho chesa li-ureter tsa ka.,WHO,symptoms-complaints-v1,,reviewed,
3582,Appointments and Follow-Up,I need to know if I should stop my medication before the test.,Ke hloka ho tseba haeba ke lokela ho emisa moriana oa ka pele ho tlhahlobo.,WHO,appointments-followup-v1,,reviewed,
1292,Tuberculosis,Patients on MDR-TB treatment require intensive monitoring for drug toxicity and treatment response.,Bakuli ba leng kalafong ea MDR-TB ba hloka ho behwa leihlo ka hloko haholo bakeng sa chefo ea meriana le karabelo kalafong.,WHO,tb-mdr-monitoring,,reviewed,
4660,General Patient Education,"Managing hypertension requires medication, diet, and lifestyle changes.","Ho laola khatello e phahameng ea mali ho hloka moriana, phepo, le liphetoho tsa mokhoa oa bophelo.",WHO,general-patient-education-v1,,reviewed,
1854,Medication Instructions,Take two tablets three times a day for five days.,Nka lipilisi tse peli habeli ka letsatsi ka matsatsi a hlano.,WHO,medication-instructions-v1,,reviewed,
3764,Appointments and Follow-Up,I was reminded to attend my counselling sessions regularly.,Ke khumamisitsoe ho tla li-session tsa keletso ka mehla.,WHO,appointments-followup-v1,,reviewed,
3305,Symptoms and Complaints,I have flashing lights in my vision.,Ke na le lesedi le phaphathang ponong ea ka.,WHO,symptoms-complaints-v1,,reviewed,
4913,General Patient Education,Your mental health matters and you deserve support and care.,Bophelo ba hao ba kelello bo bohlokoa mme o lokeloa ke tshehetso le tlhokomelo.,WHO,general-patient-education-v1,,reviewed,
3744,Appointments and Follow-Up,I was reminded that the clinic is closed on public holidays.,Ke khumamisitsoe hore kliniki e koetsoe maholide a sechaba.,WHO,appointments-followup-v1,,reviewed,
3446,Symptoms and Complaints,I have a feeling of incomplete emptying of my bladder.,Ke na le maikutlo a hore seboco sa ka ha se phele ka botlalo.,WHO,symptoms-complaints-v1,,reviewed,
1999,Medication Instructions,Place the buccal tablet between the cheek and gum and allow it to dissolve.,Beha pilisi ea buccal lipakeng tsa lerama le seno mme u e lumelle ho nyamela.,WHO,medication-instructions-v1,,reviewed,
664,HIV,Dolutegravir should be used with caution in women of childbearing age due to neural tube defect risk.,Dolutegravir e lokela ho sebelisoa ka hloko ho basali ba lilemo tsa ho tsoa le bana ka lebaka la kotsi ea bothata ba neural tube.,WHO,art-dolutegravir-pregnancy,,reviewed,
4780,General Patient Education,Social grants are available to support people with disabilities.,Liphallelo tsa sechaba li fumaneha ho tshehetsa batho ba nang le bokooa.,WHO,general-patient-education-v1,,reviewed,
3749,Appointments and Follow-Up,I was told that skipping appointments can lead to drug resistance.,Ke boletsoe hore ho tlohela li-appointment ho ka baka ho hana ha moriana.,WHO,appointments-followup-v1,,reviewed,
4414,General Patient Education,Tell your doctor if you are allergic to any medication.,Bolella ngaka ea hao haeba o na le allergy ho moriana ofe kafe.,WHO,general-patient-education-v1,,reviewed,
4745,General Patient Education,Your complaint will be investigated and you will receive a response.,Ngongorehelo ea hao e tla hlahlojoa mme o tla amohela karabo.,WHO,general-patient-education-v1,,reviewed,
710,HIV,Penicilliosis is an important opportunistic infection in people with HIV in Southeast Asia.,Penicilliosis ke tšoaetso e bohlokoa ea monyetla ho batho ba nang le HIV Asia ea Boroa-bochabela.,WHO,oi-penicilliosis,,reviewed,
1283,Tuberculosis,Injectable aminoglycosides such as amikacin and kanamycin are no longer recommended in MDR-TB regimens due to toxicity.,Li-aminoglycoside tse entoang tse kang amikacin le kanamycin ha li sa khothalletsoa meralong ea kalafo ea MDR-TB ka lebaka la chefo.,WHO,tb-injectables-phased-out,,reviewed,
2676,Medication Instructions,Inform your doctor if you are having difficulty with the availability of your medicine.,Tsebisa ngaka ea hau haeba u na le bothata ba ho fumaneha ha moriana oa hau.,WHO,medication-instructions-v1,,reviewed,
4030,Maternal and Child Health,I was started on ART to protect my baby from HIV.,Ke ile ka qala ART ho tšehetsa ngoan'a ka ha ke ne ke na HIV.,WHO,maternal-child-health-v1,,raw,
1307,Tuberculosis,"HIV weakens the immune system, making it unable to control latent TB infection.","HIV e fokolisa sesole sa ’mele, e etsa hore se sitoe ho laola tšoaetso ea TB e patiloeng.",UNAIDS,tb-hiv-immune,,reviewed,
2238,Medication Instructions,This medicine may cause increased production of stomach acid.,Moriana ona o ka baka ho eketseha ha tlhahiso ea asiti ea mala.,WHO,medication-instructions-v1,,reviewed,
3303,Symptoms and Complaints,I have a sudden loss of vision in my left eye.,Ke na le ho lahleheloa ke pono ka tšohanyetso leihlong la ka la molema.,WHO,symptoms-complaints-v1,,reviewed,
2039,Medication Instructions,"Inhale the preventer inhaler every day, even when you feel well.","Hema preventer inhaler letsatsi le leng le le leng, le ha u ikutloa u phela hantle.",WHO,medication-instructions-v1,,reviewed,
1530,Tuberculosis,Standard TB treatment for drug-sensitive TB lasts six months.,Phekolo ea kamehla ea TB bakeng sa TB e amehang ke meriana e nka likhoeli tse tšeletseng.,WHO,tb-treatment,,reviewed,
1664,Tuberculosis,Approximately one quarter of the world's population has latent TB infection.,E ka bang karolo e 'ngoe ho tse nne tsa baahi ba lefatše e na le tšoaetso ea TB e patileng.,WHO,tb-latent-prevalence,,reviewed,
4935,General Patient Education,Reduce indoor air pollution by improving ventilation in your home.,Fokotsa tšilafalo ea moea ka hare ho ntlo ka ho ntlafatsa phallo ea moea ntlong ea hao.,WHO,general-patient-education-v1,,reviewed,
4954,General Patient Education,Wear personal protective equipment in hazardous work environments.,Apara liaparo tsa tšireletso ea botho libakeng tsa mosebetsi tse kotsi.,WHO,general-patient-education-v1,,reviewed,
3628,Appointments and Follow-Up,I am here for my cervical screening appointment.,Ke teng bakeng sa appointment ea ho hlahloba molala oa mpheng oa ka.,WHO,appointments-followup-v1,,reviewed,
2694,Medication Instructions,Take your medicine with confidence that completing the course will help your recovery.,Nka moriana oa hau ka boikholiso hore ho phetela khoroso ho tla thusa ho fola ha hau.,WHO,medication-instructions-v1,,reviewed,
3061,Symptoms and Complaints,I have difficulty breathing and feel very anxious and scared.,Ke na le bothata ba ho hema mme ke ikutloa ke tšohile le ho tšaba haholo.,WHO,symptoms-complaints-v1,,reviewed,
1598,Tuberculosis,TB screening programmes in high-risk workplaces save lives and reduce transmission.,Mananeo a ho hlahlobeloa ha TB mafapheng a mosebetsi a leng kotsing e phahameng a boloka bophelo le ho fokotsa phetisetso.,DOH_SA,tb-workplace-screening,,reviewed,
2730,Symptoms and Complaints,I feel very lethargic and have no energy.,Ke ikutloa ke le botsoa haholo mme ha ke na matla.,WHO,symptoms-complaints-v1,,reviewed,
2626,Medication Instructions,Take your medicine with a snack if it causes stomach upset.,Nka moriana oa hau le sejo se senyenyane haeba se baka ho nyakeloa ha mala.,WHO,medication-instructions-v1,,reviewed,
3158,Symptoms and Complaints,I feel very sick and my abdomen is very sore.,Ke ikutloa ke kula haholo mme mpa ea ka e bohloko haholo.,WHO,symptoms-complaints-v1,,reviewed,
3315,Symptoms and Complaints,I have a shadow in my vision.,Ke na le moriti ponong ea ka.,WHO,symptoms-complaints-v1,,reviewed,
1723,Tuberculosis,TB can worsen blood sugar control in people with diabetes.,TB e ka mpe taolo ea tsoekere ea mali ho batho ba nang le tsoekere.,WHO,tb-diabetes-management,,reviewed,
1060,Tuberculosis,"If you have any symptoms of TB, visit your nearest clinic as soon as possible for testing.","Haeba u na le matšoao afe kafe a TB, etela kliniki ea hau e haufi kamoo ho khonehang ka potlako bakeng sa liteko.",DOH_SA,tb-seek-care,,reviewed,
4637,General Patient Education,Seek professional help if stress is affecting your daily life.,Batla thuso ea setsebi haeba khatello ea maikutlo e angoa bophelo ba hao ba letsatsi le leng le le leng.,WHO,general-patient-education-v1,,reviewed,
3243,Symptoms and Complaints,I have been having episodes of sudden severe wrist pain.,Ke ntse ke na le linako tsa mahloko a matla a liqhekelle ka tšohanyetso.,WHO,symptoms-complaints-v1,,reviewed,
1679,Tuberculosis,"You cannot get TB from sharing cups, plates, or cutlery with an infected person.","Ha u khone ho fumana TB ka ho arolelana likomoki, lisele, kapa lisebelisoa tsa lijo le motho ea tšoaetsoeng.",CDC,tb-transmission-myths,,reviewed,
1758,Tuberculosis,"Know the symptoms of TB — cough, fever, night sweats, and weight loss — and seek care early.","Tseba matšoao a TB — ho kohoa, feberu, molapo oa bosiu, le ho lahleheloa ke boima — mme batla tlhokomelo kapele.",DOH_SA,tb-awareness,,reviewed,
4192,Maternal and Child Health,My child has a swollen abdomen and swollen feet.,Mwana wa ka o na sehlare se sefolletsweng le ditsebe tse sefolletsweng.,WHO,maternal-child-health-v1,,raw,
564,HIV,Undetectable equals untransmittable is a scientifically proven concept.,Ho ba undetectable ke untransmittable ke tsebo e tseileng e etselitsoeng ke saense.,UNAIDS,hiv-u-equals-u,,raw,
2791,Symptoms and Complaints,I have been having episodes of sudden pallor.,Ke ntse ke na le linako tsa ho pheela ka tšohanyetso.,WHO,symptoms-complaints-v1,,reviewed,
864,HIV,ART dosing may need to be adjusted in older adults with kidney or liver impairment.,Ho abela ART ho ka hloka ho fetoloa ho batho ba baholo ba nang le bothata ba lipitso kapa sebete.,WHO,hiv-older-adults-dosing,,reviewed,
1485,Tuberculosis,The social isolation experienced by TB patients can worsen mental health and reduce quality of life.,Ho ikhethela sechabeng ho bonalang ho bakuli ba TB ho ka mpe bophelo ba kelello le ho fokotsa boleng ba bophelo.,WHO,tb-social-isolation,,reviewed,
207,HIV,PrEP does not protect against other sexually transmitted infections.,PrEP ha e sireletse khahlanong le mafu a mang a fetisoang ka thobalano.,NIH_HIVinfo,hiv-prep,,reviewed,
4489,General Patient Education,Wash your hands after using the toilet or latrine.,Hlatsoa matsoho a hao ka mor'a ho sebelisa ntlo ea thokomelo kapa latrine.,WHO,general-patient-education-v1,,reviewed,
871,HIV,Contact-based education where people living with HIV share their stories reduces stigma.,Thuto e thehiloeng holim'a kopano moo batho ba phelang le HIV ba arolanang lipale tsa bona e fokotsa kekello.,UNAIDS,hiv-stigma-contact-education,,reviewed,
4494,General Patient Education,Remove standing water around your home to prevent mosquito breeding.,Ntša metsi a emiseng haufi le ntlo ea hao ho thibela ho hola ha likhoasane.,WHO,general-patient-education-v1,,reviewed,
503,HIV,I drink alcohol every day and I find it hard to remember to take my HIV medicine.,Ke nwa bojalwa ka mong ka mong le ha ke khona feela ho tseba hore ke lwantše ditherefo tsa HIV.,clinical_fieldwork,patient-art-adherence-barriers,,raw,
1029,Tuberculosis,Ultraviolet germicidal irradiation (UVGI) can kill TB bacteria in the air of high-risk settings.,Ho phahamisoa ha UVGI ho ka bolaea bakteria ea TB moeeng libakeng tse leng kotsing e phahameng.,CDC,tb-uvgi,,reviewed,
3841,Appointments and Follow-Up,I want to ask about palliative care options.,Ke rata ho botsa ka likhetho tsa tlhokomelo ea ho fokotsa bohloko.,WHO,appointments-followup-v1,,reviewed,
2691,Medication Instructions,Do not take your medicine with chromium supplements unless instructed.,U se ke ua nka moriana oa hau le lisebelisoa tsa chromium ntle le haeba ho laetsoe.,WHO,medication-instructions-v1,,reviewed,
1571,Tuberculosis,Children under five who are household contacts of TB patients should receive TB preventive therapy.,Bana ba tlase ho lilemo tse hlano ba kopanang le bakuli ba TB malapa ba lokela ho fumana phekolo ea thibelo ea TB.,WHO,tb-child-tpt,,reviewed,
2774,Symptoms and Complaints,I feel my body temperature is not normal.,Ke ikutloa mocheso oa 'mele oa ka ha o tloaelehang.,WHO,symptoms-complaints-v1,,reviewed,
2732,Symptoms and Complaints,I feel my whole body is aching.,Ke ikutloa 'mele oa ka ka bophara o bohloko.,WHO,symptoms-complaints-v1,,reviewed,
805,HIV,I have been told my CD4 count is 45 and I am very scared.,Ke boletsoe hore palo ea CD4 ea ka ke 45 mme ke tšaba haholo.,clinical_fieldwork,patient-hiv-advanced-disease,,reviewed,
3646,Appointments and Follow-Up,I am here for my pre-operative assessment appointment.,Ke teng bakeng sa appointment ea tlhahlobo pele ho opereishene.,WHO,appointments-followup-v1,,reviewed,
2455,Medication Instructions,Do not take a double dose of a contraceptive pill if you miss one.,U se ke ua nka dose e habeli ea pilisi ea contraceptive haeba u lahlehetsoe ke e le ngoe.,WHO,medication-instructions-v1,,reviewed,
4599,General Patient Education,Household chores and gardening also count as physical activity.,Mesebetsi ea lapeng le ho lema le yona e bala joalo ka mesebetsi ea 'mele.,WHO,general-patient-education-v1,,reviewed,
3105,Symptoms and Complaints,I have been having frequent loose stools.,Ke ntse ke na le manyelo a fokolang hangata.,WHO,symptoms-complaints-v1,,reviewed,
4876,General Patient Education,Substance abuse and mental health problems often occur together.,Ho sebelisa litšebelisoa ka ho feteletseng le mathata a bophelo ba kelello hangata a etsahala hammoho.,WHO,general-patient-education-v1,,reviewed,
201,HIV,Never use an oil-based lubricant with a latex condom as it can cause the condom to break.,Le ka mohla u se ke ua sebelisa setlolo se thehiloeng holim'a oli le khohlopo ea latex hobane se ka etsa hore khohlopo e tabohe.,CDC_HIVNexus,hiv-condom-use,,reviewed,
3100,Symptoms and Complaints,I have a pain in my upper abdomen that radiates to my back.,Ke na le mahloko mpeng ea ka e holimo a isisoang mokokotlong oa ka.,WHO,symptoms-complaints-v1,,reviewed,
2279,Medication Instructions,Contact your doctor if you develop a persistent swelling of the lymph nodes.,Ikopanye le ngaka ea hau haeba u ba le ho ruruha ho tsoelang pele ha li-lymph node.,WHO,medication-instructions-v1,,reviewed,
3562,Appointments and Follow-Up,Can I get an urgent appointment today?,Na nka fumana appointment ea potlako kajeno?,WHO,appointments-followup-v1,,reviewed,
4475,General Patient Education,Bathe or shower every day to maintain personal hygiene.,Khapa kapa shower letsatsi le leng le le leng ho boloka bohloekileng ba botho.,WHO,general-patient-education-v1,,reviewed,
4515,General Patient Education,Share health information with your family and community.,Arolelana tlhahisoleseling ea bophelo bo botle le lelapa la hao le sechaba.,WHO,general-patient-education-v1,,reviewed,
392,HIV,Atazanavir can cause yellowing of the skin and eyes which is harmless.,Atazanavir e ka etsa lefu la letsopa le le letona la matsoho le mahlo a nang le tshiamo.,NIH_HIVinfo,art-atazanavir,,raw,
1496,Tuberculosis,I tell everyone in my community that TB is curable — there is no need to be ashamed.,Ke bolella bohle sechabeng sa ka hore TB e ka folisoa — ha ho na lebaka la ho hlajoa ke maswabi.,clinical_fieldwork,patient-tb-stigma-reduction,,reviewed,
2696,Medication Instructions,Inform your doctor if you are having difficulty with the shape of your medicine.,Tsebisa ngaka ea hau haeba u na le bothata ba sebopeho sa moriana oa hau.,WHO,medication-instructions-v1,,reviewed,
2028,Medication Instructions,Apply the topical antifungal twice daily until the infection clears.,Sebelisa antifungal ea letlalo habeli ka letsatsi ho fihlela tšoaetso e fela.,WHO,medication-instructions-v1,,reviewed,
2569,Medication Instructions,Do not give the medicine to a child who is on a sugar-free diet without checking ingredients.,U se ke ua fana ka moriana ho ngoana ea lijo tse se nang tsoekere ntle le ho hlahloba lihlahisoa.,WHO,medication-instructions-v1,,reviewed,
65,HIV,HIV-positive mothers on ART can breastfeed safely if they maintain an undetectable viral load.,Bo-mme ba phelang le HIV ba leng ho phekolo ea lithibela-mafofore (ART) ba ka nyantša ka mokhoa o nang le tšireletseho (breastfeed safely) haeba ba lula ba e-na le boemo ba vaerase bo ke keng ba bonahala maling (maintain an undetectable viral load).,WHO,pmtct-breastfeeding,,reviewed,
3885,Appointments and Follow-Up,I missed my follow-up because I did not want others to see me at the clinic.,Ke lahlehetsoe ke ho latela hobane ke ne ke sa rate hore ba bang ba mbone klinikeng.,WHO,appointments-followup-v1,,reviewed,
2063,Medication Instructions,Do not store above 30°C.,U se ke ua boloka holimo ho 30°C.,WHO,medication-instructions-v1,,reviewed,
493,HIV,Healthcare workers living with HIV have the same rights as all other employees.,Baahi ba tšireletso ea bophelo ba phelang le HIV ba na le ditokelo tse tšoanang le baahi ba bang.,ILO,hiv-hcw-rights,,raw,
380,HIV,People with advanced HIV disease are at high risk of death within the first three months of ART.,Batho ba nang le bolwetse bja HIV bjo bogolo ba na le khatello e kholo ya lefu ka mahlong a masome a mararo a pele a ART.,WHO,hiv-advanced-disease,,raw,
4860,General Patient Education,Mental health is a state of wellbeing in which you can cope with daily life.,Bophelo ba kelello ke boemo ba boiketlo moo o khonang ho sebetsana le bophelo ba letsatsi le leng le le leng.,WHO,general-patient-education-v1,,reviewed,
3994,Appointments and Follow-Up,I need to confirm whether my appointment requires any special preparation.,Ke hloka ho netefatsa haeba appointment ea ka e hloka tokollo efe kafe e khethehileng.,WHO,appointments-followup-v1,,reviewed,
4888,General Patient Education,Do not use hurtful language when talking about mental health.,O se ke oa sebelisa puo e bohloko ha o bua ka bophelo ba kelello.,WHO,general-patient-education-v1,,reviewed,
1077,Tuberculosis,Fine needle aspiration biopsy is used to diagnose TB lymphadenitis.,Biopsy ea ho hula ka mosipi o monyenyane e sebelisoa ho fumana TB lymphadenitis.,WHO,tb-fnab,,reviewed,
879,HIV,Stigma and discrimination against people living with HIV are illegal in many countries.,Kekello le khethollo khahlanong le batho ba phelang le HIV ke melato linaheng tse ngata.,UNAIDS,hiv-anti-discrimination-law,,reviewed,
338,HIV,People with CD4 counts below 50 are at highest risk for CMV disease.,Batho ba nang le CD4 e tlase ho 50 ke ba hlokoang ka ho fetisisa ke tsebe tsa CMV.,NIH_HIVinfo,oi-cmv,,raw,
1017,Tuberculosis,"TB of the lymph nodes, called scrofula, presents as painless swelling in the neck.","TB ea li-lymph node, e bitsoa scrofula, e bontšoa e le ho ruruha ho sa bohlokong molaleng.",CDC,tb-lymph-nodes,,reviewed,
1276,Tuberculosis,Bedaquiline is a diarylquinoline antibiotic that inhibits mycobacterial ATP synthase.,Bedaquiline ke sebolaya-mafu sa diarylquinoline se thibelang ATP synthase ea mycobacteria.,NIH,tb-bedaquiline,,reviewed,
3799,Appointments and Follow-Up,I should drink enough water when taking my medication.,Ke lokela ho noa metsi a lekaneng ha ke nka moriana oa ka.,WHO,appointments-followup-v1,,reviewed,
4552,General Patient Education,"Obesity increases the risk of diabetes, heart disease, and cancer.","Ho ba boima bo feteletseng ho eketsa kotsi ea tsoekere, bolwetse ba pelo, le kankere.",WHO,general-patient-education-v1,,reviewed,
3343,Symptoms and Complaints,I have difficulty seeing in bright light.,Ke na le bothata ba ho bona leseding le chesang.,WHO,symptoms-complaints-v1,,reviewed,
4912,General Patient Education,Speak up about mental health and help break the silence.,Bua ka bophelo ba kelello mme u thuse ho qoba khutsiso.,WHO,general-patient-education-v1,,reviewed,
996,HIV,Smoking cessation is strongly recommended for people living with HIV due to elevated cardiovascular and lung cancer risk.,Ho emisa ho tsuba ho khothalletsoa ka matla bakeng sa batho ba phelang le HIV ka lebaka la kotsi e phahameng ea pelo le madi le kankere ea matšoafo.,NIH_HIVinfo,hiv-smoking,,reviewed,
1982,Medication Instructions,Inhale slowly and deeply when using the pressurised metered-dose inhaler.,Hema butle le ka botebo ha u sebelisa pressurised metered-dose inhaler.,WHO,medication-instructions-v1,,reviewed,
4298,Maternal and Child Health,I was told to keep my home clean to prevent illness.,Ke boletsoe ho boloka ntlo ea ka e hloekileng ho thibela bolwetse.,WHO,maternal-child-health-v1,,reviewed,
162,HIV,Regular blood pressure and cholesterol checks are important for people on long-term ART.,Ho hlahloba khatello ea mali (blood pressure) le kiroseterolo (cholesterol) khafetsa ho bohlokoa haholo ho batho ba ntseng ba nka meriana ea ART ka nako e telele.,WHO,hiv-long-term-complications,,reviewed,
4799,General Patient Education,You are capable of managing your health with the right support.,O khona ho laola bophelo ba hao ka tshehetso e nepahetseng.,WHO,general-patient-education-v1,,reviewed,
1501,Tuberculosis,"TB changed my life, but it also made me stronger and more compassionate towards others who are sick.","TB e fetohile bophelo ba ka, empa e boetse e ntlisa matla le kutloisiso ho ba bang ba kulang.",clinical_fieldwork,patient-tb-resilience,,reviewed,
3844,Appointments and Follow-Up,I would like to know what to expect in the next few months.,Ke rata ho tseba se ke se lebellang likhoeling tse ling tse tlang.,WHO,appointments-followup-v1,,reviewed,
2614,Medication Instructions,Take your medicine in the correct order if you are taking multiple medicines.,Nka moriana oa hau ka tatellano e nepahetseng haeba u nka meriana e mengata.,WHO,medication-instructions-v1,,reviewed,
3462,Symptoms and Complaints,I have a feeling of pain in my renal pelvis.,Ke na le maikutlo a mahloko renal pelviseng ea ka.,WHO,symptoms-complaints-v1,,reviewed,
1022,Tuberculosis,"TB is not spread by touching, sharing food, or kissing.","TB ha e phatlalatsoe ka ho ama, ho arolelana lijo, kapa ho atana.",CDC,tb-transmission-myths,,reviewed,
3074,Symptoms and Complaints,I feel a stabbing pain in my lungs when I breathe.,Ke ikutloa mahloko a ho hlaba matšoafong ha ke hema.,WHO,symptoms-complaints-v1,,reviewed,
3944,Appointments and Follow-Up,I was told I can stop one of my medications.,Ke boletsoe hore nka emisa e le ngoe ea meriana ea ka.,WHO,appointments-followup-v1,,reviewed,
1586,Tuberculosis,Integrated TB and HIV services improve patient outcomes and reduce loss to follow-up.,Litshebeletso tse kopaneng tsa TB le HIV li ntlafatsa liphetho tsa bakuli le ho fokotsa ho lahlehela ho latela.,UNAIDS,tb-hiv-integrated-care,,reviewed,
1956,Medication Instructions,Apply the gel to the affected joint and rub in gently.,Sebelisa gel maqhoeng a angoa mme u phehe butle.,WHO,medication-instructions-v1,,reviewed,
3153,Symptoms and Complaints,I have been having episodes of vomiting after every meal.,Ke ntse ke na le linako tsa ho hlatsa ka mor'a lijo tsohle.,WHO,symptoms-complaints-v1,,reviewed,
35,HIV,Viral load testing is the best way to know if ART is working.,Tlhahlobo ea bongata ba kokwanahloko (viral load testing) ke tsela e molemohali ea ho tseba hore na phekolo ea lithibela-mafofore (ART) e ntse e sebetsa hantle.,UNAIDS,hiv-monitoring,,reviewed,
4015,Maternal and Child Health,I noticed my hands and face are swollen this morning.,Ke bone matsoho a ka le sekotlo sa ka a bolulelang mosong ono.,WHO,maternal-child-health-v1,,raw,
776,HIV,Integrated HIV and non-communicable disease services reduce patient burden.,Litshebeletso tse kopaneng tsa HIV le mafu a sa fetisoang li fokotsa morwalo oa mokuloi.,WHO,hiv-ncd-integration,,reviewed,
2557,Medication Instructions,Do not give the medicine to a child who is on an egg-free diet without checking ingredients.,U se ke ua fana ka moriana ho ngoana ea lijo tse se nang mae ntle le ho hlahloba lihlahisoa.,WHO,medication-instructions-v1,,reviewed,
1479,Tuberculosis,"A balanced diet rich in fruits, vegetables, and protein supports recovery from TB.","Lijo tse lekaneng tse nang le lienyane, merogo, le protein li tshehetsa ho fola ho tsoa ho TB.",FAO,tb-balanced-diet,,reviewed,
1364,Tuberculosis,Mental health disorders including depression are common in TB patients and require integrated management.,"Mathata a bophelo bo botle ba kelello, ho kenyeletsa khatello ea maikutlo, a tloaelehile ho bakuli ba TB ’me a hloka taolo e kopaneng.",WHO,tb-mental-health,,reviewed,
2613,Medication Instructions,Do not take your medicine with cold drinks unless instructed.,U se ke ua nka moriana oa hau le lino tse batang ntle le haeba ho laetsoe.,WHO,medication-instructions-v1,,reviewed,
2825,Symptoms and Complaints,I have been feeling very unwell and need medication.,Ke ntse ke ikutloa ke sa phela hantle haholo mme ke hloka moriana.,WHO,symptoms-complaints-v1,,reviewed,
2042,Medication Instructions,Place the medicated lozenge in the cheek and allow it to dissolve slowly.,Beha lozenge ea moriana lerameng mme u e lumelle ho nyamela butle.,WHO,medication-instructions-v1,,reviewed,
242,HIV,Hepatitis B and HIV share the same routes of transmission.,Hepatitis B le HIV li arolelana mekhoa e tšoanang ea phetisetso.,WHO,hiv-hepatitis-b,,reviewed,
2062,Medication Instructions,Store the suppositories in the refrigerator to prevent melting.,Boloka li-suppository friji ho thibela ho nyamela.,WHO,medication-instructions-v1,,reviewed,
2364,Medication Instructions,Avoid taking high-dose kava supplements at the same time as this medicine.,Hana ho nka lisebelisoa tsa kava tsa dose e phahameng ka nako e tšoanang le moriana ona.,WHO,medication-instructions-v1,,reviewed,
601,HIV,I am 65 years old and I have been living with HIV for 20 years.,Ke na le lilemo tse 65 mme ke phela le HIV ka lilemo tse 20.,clinical_fieldwork,patient-hiv-ageing,,reviewed,
2436,Medication Instructions,"If you miss a dose of an antiretroviral, take it as soon as you remember.","Haeba u lahlehetsoe ke dose ea antiretroviral, e nke hang hang ha u hopola.",WHO,medication-instructions-v1,,reviewed,
2889,Symptoms and Complaints,I have pain in my right knee that is swollen.,Ke na le mahloko mangoleng a ka a le letona a ruruhetse.,WHO,symptoms-complaints-v1,,reviewed,
647,HIV,Patients should be given a treatment literacy session before starting ART.,Bakuli ba lokela ho fuoa sehloho sa ho tseba phekolo pele ho qala ART.,WHO,art-treatment-literacy,,reviewed,
3891,Appointments and Follow-Up,I missed my appointment because the clinic was closed that day.,Ke lahlehetsoe ke appointment ea ka hobane kliniki e ne e koetsoe letsatsing leo.,WHO,appointments-followup-v1,,reviewed,
3557,Appointments and Follow-Up,I would like to know if my appointment is still available.,Ke rata ho tseba haeba appointment ea ka e ntse e teng.,WHO,appointments-followup-v1,,reviewed,
3203,Symptoms and Complaints,I have difficulty swallowing and feel like food is getting stuck.,Ke na le bothata ba ho metsa mme ke ikutloa joalo ka ha lijo li tšoaroe.,WHO,symptoms-complaints-v1,,reviewed,
1529,Tuberculosis,Contact tracing helps identify people who may have been exposed to TB.,Ho latela bakopani ho thusa ho tseba batho ba ka bang ba hlahisitsoe TB.,CDC,tb-contact-tracing,,reviewed,
1268,Tuberculosis,Rifampicin-resistant TB (RR-TB) is treated the same as MDR-TB.,TB e hananang le rifampicin (RR-TB) e phekoloa ka tsela e tšoanang le MDR-TB.,WHO,tb-rr,,reviewed,
1900,Medication Instructions,Take one tablet three times daily until the course is complete.,Nka pilisi e le ngoe habeli ka letsatsi ho fihlela khoroso e phela.,WHO,medication-instructions-v1,,reviewed,
4659,General Patient Education,Regular blood pressure checks are important for early detection.,Ho lekola khatello ea mali ka mehla ho bohlokoa bakeng sa ho fumana kapele.,WHO,general-patient-education-v1,,reviewed,
3006,Symptoms and Complaints,I feel a tightness in my chest when I breathe in.,Ke ikutloa ho tšoaroa ha sefuba ha ke hema ka hare.,WHO,symptoms-complaints-v1,,reviewed,
2735,Symptoms and Complaints,I have been feeling very ill and cannot function normally.,Ke ntse ke ikutloa ke kula haholo mme ha ke khone ho sebetsa ka mokhoa oa kamehla.,WHO,symptoms-complaints-v1,,reviewed,
190,HIV,"You cannot get HIV from saliva, tears, or sweat.","U ke ke ua tšoaroa ke HIV ka lebaka la mathe, meokho, kapa mofufutso.",CDC_HIVNexus,hiv-transmission-myths,,reviewed,
1807,Medication Instructions,Take one capsule four times a day at equal intervals.,Nka capsule e le ngoe habeli ka letsatsi ka linako tse lekanang.,WHO,medication-instructions-v1,,reviewed,
976,HIV,Bone mineral density can decrease in some patients on long-term ART; calcium and vitamin D supplementation may help.,Bongata ba mineral ea masapo bo ka fokotsehela ho bakuli ba bang ba holim'a ART ea nako e telele; ho eketsa calcium le vitamin D ho ka thusa.,NIH_HIVinfo,art-bone-health,,reviewed,
2748,Symptoms and Complaints,I feel very sick and cannot eat or drink.,Ke ikutloa ke kula haholo mme ha ke khone ho ja kapa ho noa.,WHO,symptoms-complaints-v1,,reviewed,
2048,Medication Instructions,Store in the original packaging to protect from light.,Boloka phupung ea pele ho sireletsa ho tsoa leseding.,WHO,medication-instructions-v1,,reviewed,
2559,Medication Instructions,Do not give the medicine to a child who is on a fish-free diet without checking ingredients.,U se ke ua fana ka moriana ho ngoana ea lijo tse se nang tlhapi ntle le ho hlahloba lihlahisoa.,WHO,medication-instructions-v1,,reviewed,
1083,Tuberculosis,Screening for TB should be offered to all HIV-positive patients at every clinical encounter.,Ho hlahlobeloa ha TB ho lokela ho fanoa ho bakuli bohle ba nang le HIV letsetsong le leng le le leng la kliniki.,WHO,tb-hiv-screening,,reviewed,
475,HIV,Mindfulness-based interventions can reduce stress and improve quality of life in people living with HIV.,Meketso e thehiloeng holim'a ho ela hloko e ka fokotsa khatello le ho ntlafatsa boleng ba bophelo ho batho ba phelang le HIV.,PMC,hiv-mindfulness,,reviewed,
2905,Symptoms and Complaints,I have pain in my lower back that is worse when I sit.,Ke na le mahloko mokokotlong oa ka o tlase a mpe ha ke lula.,WHO,symptoms-complaints-v1,,reviewed,
4844,General Patient Education,Herpes is a lifelong viral infection that can be managed with medication.,Herpes ke tšoaetso ea vaerase ea bophelo bohle e ka laoloang ka moriana.,WHO,general-patient-education-v1,,reviewed,
4118,Maternal and Child Health,I have been feeling very sad and tearful since my baby was born.,Ke qetile ho ba thata le ho chacha ka mor'a puo ya ngwana.,WHO,maternal-child-health-v1,,raw,
3386,Symptoms and Complaints,I have a rash that is accompanied by lightening of the skin.,Ke na le ho ruruha ha letlalo ho tsamaeang le ho pheela ha letlalo.,WHO,symptoms-complaints-v1,,reviewed,
4556,General Patient Education,Eat in a calm environment without distractions.,Ja sebakeng se khutsolang ntle le ho tsieleha.,WHO,general-patient-education-v1,,reviewed,
1185,Tuberculosis,Treatment supporters — family members or community volunteers — can help patients stay on track.,Batshehetsi ba phekolo — maloko a lelapa kapa mahlalefi a sechaba — ba ka thusa bakuli ho lula tseleng e nepahetseng.,WHO,tb-treatment-supporters,,reviewed,
2434,Medication Instructions,"If you miss a dose of an antiparasitic, take it as soon as you remember.","Haeba u lahlehetsoe ke dose ea antiparasitic, e nke hang hang ha u hopola.",WHO,medication-instructions-v1,,reviewed,
2392,Medication Instructions,"Take the missed dose as soon as possible, then continue your regular schedule.","Nka dose e lahlehileng kamoo ho khonehang ka potlako, ebe u tsoele pele le lenaneo la hau la kamehla.",WHO,medication-instructions-v1,,reviewed,
770,HIV,CRISPR gene editing technology is being explored as a potential HIV cure strategy.,Theknoloji ea ho hlophisa gene ea CRISPR e hlahlojoa e le leano le ka khonehang la pholo ea HIV.,NIH_HIVinfo,hiv-crispr,,reviewed,
1686,Tuberculosis,Bovine TB can be transmitted to humans through unpasteurised milk from infected cattle.,TB ea likhomo e ka fetiseloa ho batho ka lebese le sa phethisoang ho tsoa ho likhomo tse tšoaetsoeng.,WHO,tb-bovine,,reviewed,
131,HIV,HIV testing is confidential and your results cannot be shared without your consent.,Tlhahlobo ea HIV ke ntho ea sephiri mme liphetho tsa hau li ke ke tsa arolelanoa le batho ba bang ntle le tumello ea hau.,WHO,hiv-testing-rights,,reviewed,
2920,Symptoms and Complaints,I have a sharp pain in my lower left abdomen.,Ke na le mahloko a bohale mpeng ea ka e tlase ea molema.,WHO,symptoms-complaints-v1,,reviewed,
3172,Symptoms and Complaints,I have a pain in my lower abdomen that is constant and severe.,Ke na le mahloko mpeng ea ka e tlase a tsoelang pele le a matla.,WHO,symptoms-complaints-v1,,reviewed,
3445,Symptoms and Complaints,I have a feeling of urgency to urinate.,Ke na le maikutlo a ho hloka ho morota ka potlako.,WHO,symptoms-complaints-v1,,reviewed,
4427,General Patient Education,Avoiding alcohol reduces the risk of liver disease and other conditions.,Ho hana joala ho fokotsa kotsi ea bolwetse ba sebete le maemo a mang.,WHO,general-patient-education-v1,,reviewed,
467,HIV,Untreated depression in people living with HIV leads to poor ART adherence and worse outcomes.,Ho nyamela ho sa phekoluoang ho batho ba phelang le HIV ho lebisa ho ho latela ART ho fokolang le liphetho tse mpe.,WHO,hiv-depression-adherence,,reviewed,
3093,Symptoms and Complaints,I have blood in my stool and I am very worried.,Ke na le mali manyelong a ka mme ke na le khathello e kholo.,WHO,symptoms-complaints-v1,,reviewed,
3773,Appointments and Follow-Up,I must not miss my three-month ART review.,Ha ke tlameha ho lahlehela ho hlahloba ART ea ka ea likhoeli tse tharo.,WHO,appointments-followup-v1,,reviewed,
861,HIV,HIV in older adults is frequently diagnosed late because clinicians do not consider it.,HIV ho batho ba baholo hangata e fumanoa nako e le ntle hobane lingaka ha li e nahane.,NIH_HIVinfo,hiv-older-adults-late-diagnosis,,reviewed,
